sha256,arch,decision,firmware,binary_name,evidence
049705af23595cbf506a7c234efd3aec3dcd8340a2faf4001c718483b13d9203,arm,on,others-tp-link_en-1.0.1e__AD7200v2-up-ver2-0-1-P1-20170103-rel71053-_2017-01-04_10.08.28,libssl.so.1.0.0,"Edge_3 (tls1_process_heartbeat) contains complete RFC 6520 heartbeat processing: reads record type byte from wire (checks type 1=request vs type 2=response), reads 2-byte big-endian payload length (v10 = v7[2] | (v7[1] << 8)), allocates response buffer with CRYPTO_malloc, sets response type to 2, copies payload length and echoes payload via memcpy(v13+3, v7+3, v10), fills padding with RAND_pseudo_bytes, then sends response via ssl3_write_bytes(a1, 24, v14, v10+19) where 24=0x18=TLS1_RT_HEARTBEAT. Edge_1 (dtls1_process_heartbeat) provides the DTLS variant with identical semantics using dtls1_write_bytes. Edge_2 (ssl3_read_bytes) is the gate dispatch function. This is the Heartbleed-vulnerable heartbeat implementation."
049705af23595cbf506a7c234efd3aec3dcd8340a2faf4001c718483b13d9203,arm,on,others-tp-link_en-1.0.1e__AD7200v2-up-ver2-0-1-P1-20170103-rel71053-_2017-01-04_10.08.28,libssl.so.1.0.0,"Edge_3 (tls1_process_heartbeat) contains complete RFC 6520 heartbeat processing: reads record type byte from wire (checks type 1=request vs type 2=response), reads 2-byte big-endian payload length (v10 = v7[2] | (v7[1] << 8)), allocates response buffer with CRYPTO_malloc, sets response type to 2, copies payload length and echoes payload via memcpy(v13+3, v7+3, v10), fills padding with RAND_pseudo_bytes, then sends response via ssl3_write_bytes(a1, 24, v14, v10+19) where 24=0x18=TLS1_RT_HEARTBEAT. Edge_1 (dtls1_process_heartbeat) provides the DTLS variant with identical semantics using dtls1_write_bytes. Edge_2 (ssl3_read_bytes) is the gate dispatch function. This is the Heartbleed-vulnerable heartbeat implementation."
0bc386bac9268ed31d118bf57da5f39481ac4a19c4fa2449c6225d126ea4933d,arm,on,others-tp-link_zh-1.0.1e__TL-NVR6200E_V1.0_1.0.9_Build_190801_Rel.41162n,libssl.so.1.0.0,"In ssl3_read_bytes (edge_2), a switch statement on TLS record type contains `case 24:` (TLS1_RT_HEARTBEAT = 0x18) that calls tls1_process_heartbeat(a1), dispatching heartbeat records to the heartbeat processing function. The implementation functions tls1_process_heartbeat (edge_3) and dtls1_process_heartbeat (edge_1) both implement RFC 6520 heartbeat processing: they read a 1-byte message type and 2-byte payload length from the wire, then for type==1 (heartbeat request) they allocate a response buffer (payload_length + 19), set response type to 2 (heartbeat response), memcpy the payload using the wire-supplied length without bounds checking, fill padding via RAND_pseudo_bytes, and send the response via ssl3_write_bytes/dtls1_write_bytes. For type==2 (heartbeat response), they process the sequence number. This is the complete Heartbleed-era heartbeat extension implementation."
0f0f7a94431d41195bf0cf630ad31bacd53ab691435538a906bc9001fe9067bd,arm,off,others-tp-link_en-1.0.1e__TouchP5v1-UN-_1.0_en_1.0.0-build-20150709Rel.52822_up,libssl.so.1.0.0,"In the ssl3_read_bytes gate function (edge_2, 523 lines), the record type dispatch logic handles types 20 (change_cipher_spec), 21 (alert), 22 (handshake), and 23 (application_data) but contains NO branch for record type 24 (0x18 = TLS1_RT_HEARTBEAT). The code checks `if (v62 >= 20) { if (v62 <= 22) goto LABEL_192; if (v62 == 23) { ... } }` — type 24 falls through to `if (*a1 != 769) goto LABEL_192`, which triggers an unexpected_message alert (error path). No call to tls1_process_heartbeat or dtls1_process_heartbeat exists anywhere in the function. All other candidate edges (key file loading, cipher handling, SSL_accept) are completely unrelated to heartbeat."
0f0f7a94431d41195bf0cf630ad31bacd53ab691435538a906bc9001fe9067bd,arm,off,others-tp-link_en-1.0.1e__TouchP5v1-UN-_1.0_en_1.0.1-build-20151013Rel.35527_up,libssl.so.1.0.0,"In the ssl3_read_bytes gate function (edge_2, 523 lines), the record type dispatch logic handles types 20 (change_cipher_spec), 21 (alert), 22 (handshake), and 23 (application_data) but contains NO branch for record type 24 (0x18 = TLS1_RT_HEARTBEAT). The code checks `if (v62 >= 20) { if (v62 <= 22) goto LABEL_192; if (v62 == 23) { ... } }` — type 24 falls through to `if (*a1 != 769) goto LABEL_192`, which triggers an unexpected_message alert (error path). No call to tls1_process_heartbeat or dtls1_process_heartbeat exists anywhere in the function. All other candidate edges (key file loading, cipher handling, SSL_accept) are completely unrelated to heartbeat."
10d0e8135d31e26200929314e23a3abd2d8c94ed13b79e340d615958ed65cfd2,mips,on,IPcamera-tp-link_zh-1.0.1e__TL-IPC6220-DC_V2.0_1.0.4_BUILD_20190314_REL.75717,libssl.so.1.0.0,"In ssl3_read_bytes (edge_2), a switch on record type dispatches case 24 (0x18 = TLS1_RT_HEARTBEAT) directly to tls1_process_heartbeat(a1, 21), resetting record state and clearing BIO retry flags. The tls1_process_heartbeat function (edge_3) reads a 1-byte heartbeat type and 2-byte big-endian payload length from the wire buffer, then for type 1 (request): allocates response via CRYPTO_malloc(payload_len+19), sets response type to 2, memcpy's the claimed payload from the input buffer, appends 16 random bytes via RAND_pseudo_bytes, and sends via ssl3_write_bytes with record type 24. For type 2 (response), it validates and increments a sequence counter. The DTLS equivalents are also present: dtls1_read_bytes (edge_5) dispatches case 24 to dtls1_process_heartbeat, which implements the same pattern using dtls1_write_bytes. Source file references 't1_lib.c' and 'd1_both.c' confirm RFC 6520 Heartbeat extension implementation."
15ea1c5b6e0f1583839fe1cfce6a0acb25a1352965e4ee236d03190c8e2aeeff,arm,on,others-tp-link_zh-1.0.1e__nvr5104v2,libssl.so.1.0.0,"In ssl3_read_bytes (edge_2), the record-type dispatch switch contains `case 24: tls1_process_heartbeat(a1);` — record type 24 (0x18 = TLS1_RT_HEARTBEAT) is dispatched to the heartbeat handler, confirming the gate that makes heartbeat reachable. The implementation (edge_3: tls1_process_heartbeat) reads a heartbeat message type byte and a 2-byte payload length from the wire, allocates a response with type=2, memcpy's the payload, calls RAND_pseudo_bytes for padding, and sends the response via ssl3_write_bytes with record type 24. The DTLS variant (edge_1: dtls1_process_heartbeat) exhibits identical behavior via dtls1_write_bytes. This is full RFC 6520 heartbeat request/response implementation including the Heartbleed over-read pattern."
18bed4bd2a5a0c11e9df4256d25853c301b09697023ba17999222d41a8006bcd,arm,on,IPcamera-tp-link_zh-1.0.1e__TL-IPC433-P--X_1.0,libssl.so.1.0.0,"In ssl3_read_bytes (edge_2), a switch on record type dispatches case 24 (0x18 = TLS1_RT_HEARTBEAT) directly to tls1_process_heartbeat(a1), then clears read buffer state and BIO flags. This is the gate proving heartbeat records reach the handler. The handler (edge_3, tls1_process_heartbeat) reads message type byte and 2-byte big-endian payload length (v6 = v2[2] | (v2[1] << 8)), then on type==1 allocates response buffer, sets type=2, copies payload via memcpy(v7+3, v2+3, v6) without bounds checking (Heartbleed pattern), pads with RAND_pseudo_bytes, and sends via ssl3_write_bytes. A DTLS variant dtls1_process_heartbeat (edge_1) shows the same pattern with dtls1_write_bytes. All three feature hints confirmed: tls1_process_heartbeat, dtls1_process_heartbeat, and ssl3_read_bytes dispatch branch."
18bed4bd2a5a0c11e9df4256d25853c301b09697023ba17999222d41a8006bcd,arm,on,IPcamera-tp-link_zh-1.0.1e__TL-IPC443-P--2.8_1.0,libssl.so.1.0.0,"In ssl3_read_bytes (edge_2), a switch on record type dispatches case 24 (0x18 = TLS1_RT_HEARTBEAT) directly to tls1_process_heartbeat(a1), then clears read buffer state and BIO flags. This is the gate proving heartbeat records reach the handler. The handler (edge_3, tls1_process_heartbeat) reads message type byte and 2-byte big-endian payload length (v6 = v2[2] | (v2[1] << 8)), then on type==1 allocates response buffer, sets type=2, copies payload via memcpy(v7+3, v2+3, v6) without bounds checking (Heartbleed pattern), pads with RAND_pseudo_bytes, and sends via ssl3_write_bytes. A DTLS variant dtls1_process_heartbeat (edge_1) shows the same pattern with dtls1_write_bytes. All three feature hints confirmed: tls1_process_heartbeat, dtls1_process_heartbeat, and ssl3_read_bytes dispatch branch."
18bed4bd2a5a0c11e9df4256d25853c301b09697023ba17999222d41a8006bcd,arm,on,IPcamera-tp-link_zh-1.0.1e__TL-IPC443-P--4_1.0,libssl.so.1.0.0,"In ssl3_read_bytes (edge_2), a switch on record type dispatches case 24 (0x18 = TLS1_RT_HEARTBEAT) directly to tls1_process_heartbeat(a1), then clears read buffer state and BIO flags. This is the gate proving heartbeat records reach the handler. The handler (edge_3, tls1_process_heartbeat) reads message type byte and 2-byte big-endian payload length (v6 = v2[2] | (v2[1] << 8)), then on type==1 allocates response buffer, sets type=2, copies payload via memcpy(v7+3, v2+3, v6) without bounds checking (Heartbleed pattern), pads with RAND_pseudo_bytes, and sends via ssl3_write_bytes. A DTLS variant dtls1_process_heartbeat (edge_1) shows the same pattern with dtls1_write_bytes. All three feature hints confirmed: tls1_process_heartbeat, dtls1_process_heartbeat, and ssl3_read_bytes dispatch branch."
18bed4bd2a5a0c11e9df4256d25853c301b09697023ba17999222d41a8006bcd,arm,on,IPcamera-tp-link_zh-1.0.1e__TL-IPC443-P--6_1.0,libssl.so.1.0.0,"In ssl3_read_bytes (edge_2), a switch on record type dispatches case 24 (0x18 = TLS1_RT_HEARTBEAT) directly to tls1_process_heartbeat(a1), then clears read buffer state and BIO flags. This is the gate proving heartbeat records reach the handler. The handler (edge_3, tls1_process_heartbeat) reads message type byte and 2-byte big-endian payload length (v6 = v2[2] | (v2[1] << 8)), then on type==1 allocates response buffer, sets type=2, copies payload via memcpy(v7+3, v2+3, v6) without bounds checking (Heartbleed pattern), pads with RAND_pseudo_bytes, and sends via ssl3_write_bytes. A DTLS variant dtls1_process_heartbeat (edge_1) shows the same pattern with dtls1_write_bytes. All three feature hints confirmed: tls1_process_heartbeat, dtls1_process_heartbeat, and ssl3_read_bytes dispatch branch."
18bed4bd2a5a0c11e9df4256d25853c301b09697023ba17999222d41a8006bcd,arm,on,IPcamera-tp-link_zh-1.0.1e__TL-IPC443-P--8_1.0,libssl.so.1.0.0,"In ssl3_read_bytes (edge_2), a switch on record type dispatches case 24 (0x18 = TLS1_RT_HEARTBEAT) directly to tls1_process_heartbeat(a1), then clears read buffer state and BIO flags. This is the gate proving heartbeat records reach the handler. The handler (edge_3, tls1_process_heartbeat) reads message type byte and 2-byte big-endian payload length (v6 = v2[2] | (v2[1] << 8)), then on type==1 allocates response buffer, sets type=2, copies payload via memcpy(v7+3, v2+3, v6) without bounds checking (Heartbleed pattern), pads with RAND_pseudo_bytes, and sends via ssl3_write_bytes. A DTLS variant dtls1_process_heartbeat (edge_1) shows the same pattern with dtls1_write_bytes. All three feature hints confirmed: tls1_process_heartbeat, dtls1_process_heartbeat, and ssl3_read_bytes dispatch branch."
18bed4bd2a5a0c11e9df4256d25853c301b09697023ba17999222d41a8006bcd,arm,on,IPcamera-tp-link_zh-1.0.1e__TL-IPC533-P--4-V1.0,libssl.so.1.0.0,"In ssl3_read_bytes (edge_2), a switch on record type dispatches case 24 (0x18 = TLS1_RT_HEARTBEAT) directly to tls1_process_heartbeat(a1), then clears read buffer state and BIO flags. This is the gate proving heartbeat records reach the handler. The handler (edge_3, tls1_process_heartbeat) reads message type byte and 2-byte big-endian payload length (v6 = v2[2] | (v2[1] << 8)), then on type==1 allocates response buffer, sets type=2, copies payload via memcpy(v7+3, v2+3, v6) without bounds checking (Heartbleed pattern), pads with RAND_pseudo_bytes, and sends via ssl3_write_bytes. A DTLS variant dtls1_process_heartbeat (edge_1) shows the same pattern with dtls1_write_bytes. All three feature hints confirmed: tls1_process_heartbeat, dtls1_process_heartbeat, and ssl3_read_bytes dispatch branch."
18bed4bd2a5a0c11e9df4256d25853c301b09697023ba17999222d41a8006bcd,arm,on,IPcamera-tp-link_zh-1.0.1e__TL-IPC533-P--6_1.0,libssl.so.1.0.0,"In ssl3_read_bytes (edge_2), a switch on record type dispatches case 24 (0x18 = TLS1_RT_HEARTBEAT) directly to tls1_process_heartbeat(a1), then clears read buffer state and BIO flags. This is the gate proving heartbeat records reach the handler. The handler (edge_3, tls1_process_heartbeat) reads message type byte and 2-byte big-endian payload length (v6 = v2[2] | (v2[1] << 8)), then on type==1 allocates response buffer, sets type=2, copies payload via memcpy(v7+3, v2+3, v6) without bounds checking (Heartbleed pattern), pads with RAND_pseudo_bytes, and sends via ssl3_write_bytes. A DTLS variant dtls1_process_heartbeat (edge_1) shows the same pattern with dtls1_write_bytes. All three feature hints confirmed: tls1_process_heartbeat, dtls1_process_heartbeat, and ssl3_read_bytes dispatch branch."
18bed4bd2a5a0c11e9df4256d25853c301b09697023ba17999222d41a8006bcd,arm,on,IPcamera-tp-link_zh-1.0.1e__TL-IPC533-P--8_1.0,libssl.so.1.0.0,"In ssl3_read_bytes (edge_2), a switch on record type dispatches case 24 (0x18 = TLS1_RT_HEARTBEAT) directly to tls1_process_heartbeat(a1), then clears read buffer state and BIO flags. This is the gate proving heartbeat records reach the handler. The handler (edge_3, tls1_process_heartbeat) reads message type byte and 2-byte big-endian payload length (v6 = v2[2] | (v2[1] << 8)), then on type==1 allocates response buffer, sets type=2, copies payload via memcpy(v7+3, v2+3, v6) without bounds checking (Heartbleed pattern), pads with RAND_pseudo_bytes, and sends via ssl3_write_bytes. A DTLS variant dtls1_process_heartbeat (edge_1) shows the same pattern with dtls1_write_bytes. All three feature hints confirmed: tls1_process_heartbeat, dtls1_process_heartbeat, and ssl3_read_bytes dispatch branch."
18bed4bd2a5a0c11e9df4256d25853c301b09697023ba17999222d41a8006bcd,arm,on,IPcamera-tp-link_zh-1.0.1e__TL-IPC535-P--4-V1.0,libssl.so.1.0.0,"In ssl3_read_bytes (edge_2), a switch on record type dispatches case 24 (0x18 = TLS1_RT_HEARTBEAT) directly to tls1_process_heartbeat(a1), then clears read buffer state and BIO flags. This is the gate proving heartbeat records reach the handler. The handler (edge_3, tls1_process_heartbeat) reads message type byte and 2-byte big-endian payload length (v6 = v2[2] | (v2[1] << 8)), then on type==1 allocates response buffer, sets type=2, copies payload via memcpy(v7+3, v2+3, v6) without bounds checking (Heartbleed pattern), pads with RAND_pseudo_bytes, and sends via ssl3_write_bytes. A DTLS variant dtls1_process_heartbeat (edge_1) shows the same pattern with dtls1_write_bytes. All three feature hints confirmed: tls1_process_heartbeat, dtls1_process_heartbeat, and ssl3_read_bytes dispatch branch."
18bed4bd2a5a0c11e9df4256d25853c301b09697023ba17999222d41a8006bcd,arm,on,IPcamera-tp-link_zh-1.0.1e__TL-IPC535-P--6_1.0,libssl.so.1.0.0,"In ssl3_read_bytes (edge_2), a switch on record type dispatches case 24 (0x18 = TLS1_RT_HEARTBEAT) directly to tls1_process_heartbeat(a1), then clears read buffer state and BIO flags. This is the gate proving heartbeat records reach the handler. The handler (edge_3, tls1_process_heartbeat) reads message type byte and 2-byte big-endian payload length (v6 = v2[2] | (v2[1] << 8)), then on type==1 allocates response buffer, sets type=2, copies payload via memcpy(v7+3, v2+3, v6) without bounds checking (Heartbleed pattern), pads with RAND_pseudo_bytes, and sends via ssl3_write_bytes. A DTLS variant dtls1_process_heartbeat (edge_1) shows the same pattern with dtls1_write_bytes. All three feature hints confirmed: tls1_process_heartbeat, dtls1_process_heartbeat, and ssl3_read_bytes dispatch branch."
18bed4bd2a5a0c11e9df4256d25853c301b09697023ba17999222d41a8006bcd,arm,on,IPcamera-tp-link_zh-1.0.1e__TL-IPC53X-P--X_2.0,libssl.so.1.0.0,"In ssl3_read_bytes (edge_2), a switch on record type dispatches case 24 (0x18 = TLS1_RT_HEARTBEAT) directly to tls1_process_heartbeat(a1), then clears read buffer state and BIO flags. This is the gate proving heartbeat records reach the handler. The handler (edge_3, tls1_process_heartbeat) reads message type byte and 2-byte big-endian payload length (v6 = v2[2] | (v2[1] << 8)), then on type==1 allocates response buffer, sets type=2, copies payload via memcpy(v7+3, v2+3, v6) without bounds checking (Heartbleed pattern), pads with RAND_pseudo_bytes, and sends via ssl3_write_bytes. A DTLS variant dtls1_process_heartbeat (edge_1) shows the same pattern with dtls1_write_bytes. All three feature hints confirmed: tls1_process_heartbeat, dtls1_process_heartbeat, and ssl3_read_bytes dispatch branch."
18bed4bd2a5a0c11e9df4256d25853c301b09697023ba17999222d41a8006bcd,arm,on,IPcamera-tp-link_zh-1.0.1e__TL-IPC53XK-P--X_1.0,libssl.so.1.0.0,"In ssl3_read_bytes (edge_2), a switch on record type dispatches case 24 (0x18 = TLS1_RT_HEARTBEAT) directly to tls1_process_heartbeat(a1), then clears read buffer state and BIO flags. This is the gate proving heartbeat records reach the handler. The handler (edge_3, tls1_process_heartbeat) reads message type byte and 2-byte big-endian payload length (v6 = v2[2] | (v2[1] << 8)), then on type==1 allocates response buffer, sets type=2, copies payload via memcpy(v7+3, v2+3, v6) without bounds checking (Heartbleed pattern), pads with RAND_pseudo_bytes, and sends via ssl3_write_bytes. A DTLS variant dtls1_process_heartbeat (edge_1) shows the same pattern with dtls1_write_bytes. All three feature hints confirmed: tls1_process_heartbeat, dtls1_process_heartbeat, and ssl3_read_bytes dispatch branch."
18bed4bd2a5a0c11e9df4256d25853c301b09697023ba17999222d41a8006bcd,arm,on,IPcamera-tp-link_zh-1.0.1e__TL-IPC543-P--4_1.0,libssl.so.1.0.0,"In ssl3_read_bytes (edge_2), a switch on record type dispatches case 24 (0x18 = TLS1_RT_HEARTBEAT) directly to tls1_process_heartbeat(a1), then clears read buffer state and BIO flags. This is the gate proving heartbeat records reach the handler. The handler (edge_3, tls1_process_heartbeat) reads message type byte and 2-byte big-endian payload length (v6 = v2[2] | (v2[1] << 8)), then on type==1 allocates response buffer, sets type=2, copies payload via memcpy(v7+3, v2+3, v6) without bounds checking (Heartbleed pattern), pads with RAND_pseudo_bytes, and sends via ssl3_write_bytes. A DTLS variant dtls1_process_heartbeat (edge_1) shows the same pattern with dtls1_write_bytes. All three feature hints confirmed: tls1_process_heartbeat, dtls1_process_heartbeat, and ssl3_read_bytes dispatch branch."
18bed4bd2a5a0c11e9df4256d25853c301b09697023ba17999222d41a8006bcd,arm,on,IPcamera-tp-link_zh-1.0.1e__TL-IPC543-P--6_1.0,libssl.so.1.0.0,"In ssl3_read_bytes (edge_2), a switch on record type dispatches case 24 (0x18 = TLS1_RT_HEARTBEAT) directly to tls1_process_heartbeat(a1), then clears read buffer state and BIO flags. This is the gate proving heartbeat records reach the handler. The handler (edge_3, tls1_process_heartbeat) reads message type byte and 2-byte big-endian payload length (v6 = v2[2] | (v2[1] << 8)), then on type==1 allocates response buffer, sets type=2, copies payload via memcpy(v7+3, v2+3, v6) without bounds checking (Heartbleed pattern), pads with RAND_pseudo_bytes, and sends via ssl3_write_bytes. A DTLS variant dtls1_process_heartbeat (edge_1) shows the same pattern with dtls1_write_bytes. All three feature hints confirmed: tls1_process_heartbeat, dtls1_process_heartbeat, and ssl3_read_bytes dispatch branch."
18bed4bd2a5a0c11e9df4256d25853c301b09697023ba17999222d41a8006bcd,arm,on,IPcamera-tp-link_zh-1.0.1e__TL-IPC543K-P-,libssl.so.1.0.0,"In ssl3_read_bytes (edge_2), a switch on record type dispatches case 24 (0x18 = TLS1_RT_HEARTBEAT) directly to tls1_process_heartbeat(a1), then clears read buffer state and BIO flags. This is the gate proving heartbeat records reach the handler. The handler (edge_3, tls1_process_heartbeat) reads message type byte and 2-byte big-endian payload length (v6 = v2[2] | (v2[1] << 8)), then on type==1 allocates response buffer, sets type=2, copies payload via memcpy(v7+3, v2+3, v6) without bounds checking (Heartbleed pattern), pads with RAND_pseudo_bytes, and sends via ssl3_write_bytes. A DTLS variant dtls1_process_heartbeat (edge_1) shows the same pattern with dtls1_write_bytes. All three feature hints confirmed: tls1_process_heartbeat, dtls1_process_heartbeat, and ssl3_read_bytes dispatch branch."
18bed4bd2a5a0c11e9df4256d25853c301b09697023ba17999222d41a8006bcd,arm,on,IPcamera-tp-link_zh-1.0.1e__TL-IPC543K-P-V3.0,libssl.so.1.0.0,"In ssl3_read_bytes (edge_2), a switch on record type dispatches case 24 (0x18 = TLS1_RT_HEARTBEAT) directly to tls1_process_heartbeat(a1), then clears read buffer state and BIO flags. This is the gate proving heartbeat records reach the handler. The handler (edge_3, tls1_process_heartbeat) reads message type byte and 2-byte big-endian payload length (v6 = v2[2] | (v2[1] << 8)), then on type==1 allocates response buffer, sets type=2, copies payload via memcpy(v7+3, v2+3, v6) without bounds checking (Heartbleed pattern), pads with RAND_pseudo_bytes, and sends via ssl3_write_bytes. A DTLS variant dtls1_process_heartbeat (edge_1) shows the same pattern with dtls1_write_bytes. All three feature hints confirmed: tls1_process_heartbeat, dtls1_process_heartbeat, and ssl3_read_bytes dispatch branch."
18bed4bd2a5a0c11e9df4256d25853c301b09697023ba17999222d41a8006bcd,arm,on,IPcamera-tp-link_zh-1.0.1e__TL-IPC545-P--4_1.0,libssl.so.1.0.0,"In ssl3_read_bytes (edge_2), a switch on record type dispatches case 24 (0x18 = TLS1_RT_HEARTBEAT) directly to tls1_process_heartbeat(a1), then clears read buffer state and BIO flags. This is the gate proving heartbeat records reach the handler. The handler (edge_3, tls1_process_heartbeat) reads message type byte and 2-byte big-endian payload length (v6 = v2[2] | (v2[1] << 8)), then on type==1 allocates response buffer, sets type=2, copies payload via memcpy(v7+3, v2+3, v6) without bounds checking (Heartbleed pattern), pads with RAND_pseudo_bytes, and sends via ssl3_write_bytes. A DTLS variant dtls1_process_heartbeat (edge_1) shows the same pattern with dtls1_write_bytes. All three feature hints confirmed: tls1_process_heartbeat, dtls1_process_heartbeat, and ssl3_read_bytes dispatch branch."
18bed4bd2a5a0c11e9df4256d25853c301b09697023ba17999222d41a8006bcd,arm,on,IPcamera-tp-link_zh-1.0.1e__TL-IPC545-P--4_1.1,libssl.so.1.0.0,"In ssl3_read_bytes (edge_2), a switch on record type dispatches case 24 (0x18 = TLS1_RT_HEARTBEAT) directly to tls1_process_heartbeat(a1), then clears read buffer state and BIO flags. This is the gate proving heartbeat records reach the handler. The handler (edge_3, tls1_process_heartbeat) reads message type byte and 2-byte big-endian payload length (v6 = v2[2] | (v2[1] << 8)), then on type==1 allocates response buffer, sets type=2, copies payload via memcpy(v7+3, v2+3, v6) without bounds checking (Heartbleed pattern), pads with RAND_pseudo_bytes, and sends via ssl3_write_bytes. A DTLS variant dtls1_process_heartbeat (edge_1) shows the same pattern with dtls1_write_bytes. All three feature hints confirmed: tls1_process_heartbeat, dtls1_process_heartbeat, and ssl3_read_bytes dispatch branch."
18bed4bd2a5a0c11e9df4256d25853c301b09697023ba17999222d41a8006bcd,arm,on,IPcamera-tp-link_zh-1.0.1e__TL-IPC545-P--6_1.0,libssl.so.1.0.0,"In ssl3_read_bytes (edge_2), a switch on record type dispatches case 24 (0x18 = TLS1_RT_HEARTBEAT) directly to tls1_process_heartbeat(a1), then clears read buffer state and BIO flags. This is the gate proving heartbeat records reach the handler. The handler (edge_3, tls1_process_heartbeat) reads message type byte and 2-byte big-endian payload length (v6 = v2[2] | (v2[1] << 8)), then on type==1 allocates response buffer, sets type=2, copies payload via memcpy(v7+3, v2+3, v6) without bounds checking (Heartbleed pattern), pads with RAND_pseudo_bytes, and sends via ssl3_write_bytes. A DTLS variant dtls1_process_heartbeat (edge_1) shows the same pattern with dtls1_write_bytes. All three feature hints confirmed: tls1_process_heartbeat, dtls1_process_heartbeat, and ssl3_read_bytes dispatch branch."
18bed4bd2a5a0c11e9df4256d25853c301b09697023ba17999222d41a8006bcd,arm,on,IPcamera-tp-link_zh-1.0.1e__TL-IPC545-P--8_1.0,libssl.so.1.0.0,"In ssl3_read_bytes (edge_2), a switch on record type dispatches case 24 (0x18 = TLS1_RT_HEARTBEAT) directly to tls1_process_heartbeat(a1), then clears read buffer state and BIO flags. This is the gate proving heartbeat records reach the handler. The handler (edge_3, tls1_process_heartbeat) reads message type byte and 2-byte big-endian payload length (v6 = v2[2] | (v2[1] << 8)), then on type==1 allocates response buffer, sets type=2, copies payload via memcpy(v7+3, v2+3, v6) without bounds checking (Heartbleed pattern), pads with RAND_pseudo_bytes, and sends via ssl3_write_bytes. A DTLS variant dtls1_process_heartbeat (edge_1) shows the same pattern with dtls1_write_bytes. All three feature hints confirmed: tls1_process_heartbeat, dtls1_process_heartbeat, and ssl3_read_bytes dispatch branch."
18bed4bd2a5a0c11e9df4256d25853c301b09697023ba17999222d41a8006bcd,arm,on,IPcamera-tp-link_zh-1.0.1e__TL-IPC545K-P--4_1.0,libssl.so.1.0.0,"In ssl3_read_bytes (edge_2), a switch on record type dispatches case 24 (0x18 = TLS1_RT_HEARTBEAT) directly to tls1_process_heartbeat(a1), then clears read buffer state and BIO flags. This is the gate proving heartbeat records reach the handler. The handler (edge_3, tls1_process_heartbeat) reads message type byte and 2-byte big-endian payload length (v6 = v2[2] | (v2[1] << 8)), then on type==1 allocates response buffer, sets type=2, copies payload via memcpy(v7+3, v2+3, v6) without bounds checking (Heartbleed pattern), pads with RAND_pseudo_bytes, and sends via ssl3_write_bytes. A DTLS variant dtls1_process_heartbeat (edge_1) shows the same pattern with dtls1_write_bytes. All three feature hints confirmed: tls1_process_heartbeat, dtls1_process_heartbeat, and ssl3_read_bytes dispatch branch."
18bed4bd2a5a0c11e9df4256d25853c301b09697023ba17999222d41a8006bcd,arm,on,IPcamera-tp-link_zh-1.0.1e__TL-IPC545K-P--6,libssl.so.1.0.0,"In ssl3_read_bytes (edge_2), a switch on record type dispatches case 24 (0x18 = TLS1_RT_HEARTBEAT) directly to tls1_process_heartbeat(a1), then clears read buffer state and BIO flags. This is the gate proving heartbeat records reach the handler. The handler (edge_3, tls1_process_heartbeat) reads message type byte and 2-byte big-endian payload length (v6 = v2[2] | (v2[1] << 8)), then on type==1 allocates response buffer, sets type=2, copies payload via memcpy(v7+3, v2+3, v6) without bounds checking (Heartbleed pattern), pads with RAND_pseudo_bytes, and sends via ssl3_write_bytes. A DTLS variant dtls1_process_heartbeat (edge_1) shows the same pattern with dtls1_write_bytes. All three feature hints confirmed: tls1_process_heartbeat, dtls1_process_heartbeat, and ssl3_read_bytes dispatch branch."
18bed4bd2a5a0c11e9df4256d25853c301b09697023ba17999222d41a8006bcd,arm,on,IPcamera-tp-link_zh-1.0.1e__TL-IPC545K-P--8,libssl.so.1.0.0,"In ssl3_read_bytes (edge_2), a switch on record type dispatches case 24 (0x18 = TLS1_RT_HEARTBEAT) directly to tls1_process_heartbeat(a1), then clears read buffer state and BIO flags. This is the gate proving heartbeat records reach the handler. The handler (edge_3, tls1_process_heartbeat) reads message type byte and 2-byte big-endian payload length (v6 = v2[2] | (v2[1] << 8)), then on type==1 allocates response buffer, sets type=2, copies payload via memcpy(v7+3, v2+3, v6) without bounds checking (Heartbleed pattern), pads with RAND_pseudo_bytes, and sends via ssl3_write_bytes. A DTLS variant dtls1_process_heartbeat (edge_1) shows the same pattern with dtls1_write_bytes. All three feature hints confirmed: tls1_process_heartbeat, dtls1_process_heartbeat, and ssl3_read_bytes dispatch branch."
18bed4bd2a5a0c11e9df4256d25853c301b09697023ba17999222d41a8006bcd,arm,on,IPcamera-tp-link_zh-1.0.1e__TL-IPC545K-P--X-V3.0,libssl.so.1.0.0,"In ssl3_read_bytes (edge_2), a switch on record type dispatches case 24 (0x18 = TLS1_RT_HEARTBEAT) directly to tls1_process_heartbeat(a1), then clears read buffer state and BIO flags. This is the gate proving heartbeat records reach the handler. The handler (edge_3, tls1_process_heartbeat) reads message type byte and 2-byte big-endian payload length (v6 = v2[2] | (v2[1] << 8)), then on type==1 allocates response buffer, sets type=2, copies payload via memcpy(v7+3, v2+3, v6) without bounds checking (Heartbleed pattern), pads with RAND_pseudo_bytes, and sends via ssl3_write_bytes. A DTLS variant dtls1_process_heartbeat (edge_1) shows the same pattern with dtls1_write_bytes. All three feature hints confirmed: tls1_process_heartbeat, dtls1_process_heartbeat, and ssl3_read_bytes dispatch branch."
27195e7f6556d02610b24f8b022c334931fbfa6bac4a8ff9c888ba651e186748,mips,on,others-fastcom-1.0.1e__FIAP1201GP-V1.0,libssl.so.1.0.0,"In ssl3_read_bytes (edge_2), record type 24 (0x18 = TLS1_RT_HEARTBEAT) is dispatched to tls1_process_heartbeat(a1, a2, v20), clearing the record buffer and resetting BIO flags. In dtls1_read_bytes (edge_5), the same record type 24 dispatches to dtls1_process_heartbeat(a1). The processing functions (edge_3 tls1_process_heartbeat, edge_6 dtls1_process_heartbeat) read a 2-byte payload length from wire data, construct a heartbeat response (type byte 2), memcpy the payload without bounds checking (Heartbleed pattern), append 16 random bytes via RAND_pseudo_bytes, and write the response via ssl3_write_bytes/dtls1_write_bytes. Source references: ""t1_lib.c"":2508 and ""d1_both.c"":1474."
27195e7f6556d02610b24f8b022c334931fbfa6bac4a8ff9c888ba651e186748,mips,on,others-fastcom-1.0.1e__FIAP1201GP_V1.0_1.0.2_Build_20181127_Rel.38361,libssl.so.1.0.0,"In ssl3_read_bytes (edge_2), record type 24 (0x18 = TLS1_RT_HEARTBEAT) is dispatched to tls1_process_heartbeat(a1, a2, v20), clearing the record buffer and resetting BIO flags. In dtls1_read_bytes (edge_5), the same record type 24 dispatches to dtls1_process_heartbeat(a1). The processing functions (edge_3 tls1_process_heartbeat, edge_6 dtls1_process_heartbeat) read a 2-byte payload length from wire data, construct a heartbeat response (type byte 2), memcpy the payload without bounds checking (Heartbleed pattern), append 16 random bytes via RAND_pseudo_bytes, and write the response via ssl3_write_bytes/dtls1_write_bytes. Source references: ""t1_lib.c"":2508 and ""d1_both.c"":1474."
27195e7f6556d02610b24f8b022c334931fbfa6bac4a8ff9c888ba651e186748,mips,on,others-tp-link_zh-1.0.1e__TL-AP1200GI-Goldv1,libssl.so.1.0.0,"In ssl3_read_bytes (edge_2), record type 24 (0x18 = TLS1_RT_HEARTBEAT) is dispatched to tls1_process_heartbeat(a1, a2, v20), clearing the record buffer and resetting BIO flags. In dtls1_read_bytes (edge_5), the same record type 24 dispatches to dtls1_process_heartbeat(a1). The processing functions (edge_3 tls1_process_heartbeat, edge_6 dtls1_process_heartbeat) read a 2-byte payload length from wire data, construct a heartbeat response (type byte 2), memcpy the payload without bounds checking (Heartbleed pattern), append 16 random bytes via RAND_pseudo_bytes, and write the response via ssl3_write_bytes/dtls1_write_bytes. Source references: ""t1_lib.c"":2508 and ""d1_both.c"":1474."
27195e7f6556d02610b24f8b022c334931fbfa6bac4a8ff9c888ba651e186748,mips,on,others-tp-link_zh-1.0.1e__TL-AP1200GI-PoEv1,libssl.so.1.0.0,"In ssl3_read_bytes (edge_2), record type 24 (0x18 = TLS1_RT_HEARTBEAT) is dispatched to tls1_process_heartbeat(a1, a2, v20), clearing the record buffer and resetting BIO flags. In dtls1_read_bytes (edge_5), the same record type 24 dispatches to dtls1_process_heartbeat(a1). The processing functions (edge_3 tls1_process_heartbeat, edge_6 dtls1_process_heartbeat) read a 2-byte payload length from wire data, construct a heartbeat response (type byte 2), memcpy the payload without bounds checking (Heartbleed pattern), append 16 random bytes via RAND_pseudo_bytes, and write the response via ssl3_write_bytes/dtls1_write_bytes. Source references: ""t1_lib.c"":2508 and ""d1_both.c"":1474."
27195e7f6556d02610b24f8b022c334931fbfa6bac4a8ff9c888ba651e186748,mips,on,others-tp-link_zh-1.0.1e__TL-AP1200I-Goldv1,libssl.so.1.0.0,"In ssl3_read_bytes (edge_2), record type 24 (0x18 = TLS1_RT_HEARTBEAT) is dispatched to tls1_process_heartbeat(a1, a2, v20), clearing the record buffer and resetting BIO flags. In dtls1_read_bytes (edge_5), the same record type 24 dispatches to dtls1_process_heartbeat(a1). The processing functions (edge_3 tls1_process_heartbeat, edge_6 dtls1_process_heartbeat) read a 2-byte payload length from wire data, construct a heartbeat response (type byte 2), memcpy the payload without bounds checking (Heartbleed pattern), append 16 random bytes via RAND_pseudo_bytes, and write the response via ssl3_write_bytes/dtls1_write_bytes. Source references: ""t1_lib.c"":2508 and ""d1_both.c"":1474."
27195e7f6556d02610b24f8b022c334931fbfa6bac4a8ff9c888ba651e186748,mips,on,others-tp-link_zh-1.0.1e__TL-AP1200I-PoEv1,libssl.so.1.0.0,"In ssl3_read_bytes (edge_2), record type 24 (0x18 = TLS1_RT_HEARTBEAT) is dispatched to tls1_process_heartbeat(a1, a2, v20), clearing the record buffer and resetting BIO flags. In dtls1_read_bytes (edge_5), the same record type 24 dispatches to dtls1_process_heartbeat(a1). The processing functions (edge_3 tls1_process_heartbeat, edge_6 dtls1_process_heartbeat) read a 2-byte payload length from wire data, construct a heartbeat response (type byte 2), memcpy the payload without bounds checking (Heartbleed pattern), append 16 random bytes via RAND_pseudo_bytes, and write the response via ssl3_write_bytes/dtls1_write_bytes. Source references: ""t1_lib.c"":2508 and ""d1_both.c"":1474."
27195e7f6556d02610b24f8b022c334931fbfa6bac4a8ff9c888ba651e186748,mips,on,others-tp-link_zh-1.0.1e__TL-AP1200I-PoEv2_cloud_1.0.2_Build_20180903_Rel.65280_up_signed,libssl.so.1.0.0,"In ssl3_read_bytes (edge_2), record type 24 (0x18 = TLS1_RT_HEARTBEAT) is dispatched to tls1_process_heartbeat(a1, a2, v20), clearing the record buffer and resetting BIO flags. In dtls1_read_bytes (edge_5), the same record type 24 dispatches to dtls1_process_heartbeat(a1). The processing functions (edge_3 tls1_process_heartbeat, edge_6 dtls1_process_heartbeat) read a 2-byte payload length from wire data, construct a heartbeat response (type byte 2), memcpy the payload without bounds checking (Heartbleed pattern), append 16 random bytes via RAND_pseudo_bytes, and write the response via ssl3_write_bytes/dtls1_write_bytes. Source references: ""t1_lib.c"":2508 and ""d1_both.c"":1474."
27195e7f6556d02610b24f8b022c334931fbfa6bac4a8ff9c888ba651e186748,mips,on,others-tp-link_zh-1.0.1e__TL-AP1202GI-PoE_V2.0_1.0.1_Build_20181106_Rel.39386,libssl.so.1.0.0,"In ssl3_read_bytes (edge_2), record type 24 (0x18 = TLS1_RT_HEARTBEAT) is dispatched to tls1_process_heartbeat(a1, a2, v20), clearing the record buffer and resetting BIO flags. In dtls1_read_bytes (edge_5), the same record type 24 dispatches to dtls1_process_heartbeat(a1). The processing functions (edge_3 tls1_process_heartbeat, edge_6 dtls1_process_heartbeat) read a 2-byte payload length from wire data, construct a heartbeat response (type byte 2), memcpy the payload without bounds checking (Heartbleed pattern), append 16 random bytes via RAND_pseudo_bytes, and write the response via ssl3_write_bytes/dtls1_write_bytes. Source references: ""t1_lib.c"":2508 and ""d1_both.c"":1474."
27195e7f6556d02610b24f8b022c334931fbfa6bac4a8ff9c888ba651e186748,mips,on,others-tp-link_zh-1.0.1e__TL-AP1202I-PoE-GOLD_v1,libssl.so.1.0.0,"In ssl3_read_bytes (edge_2), record type 24 (0x18 = TLS1_RT_HEARTBEAT) is dispatched to tls1_process_heartbeat(a1, a2, v20), clearing the record buffer and resetting BIO flags. In dtls1_read_bytes (edge_5), the same record type 24 dispatches to dtls1_process_heartbeat(a1). The processing functions (edge_3 tls1_process_heartbeat, edge_6 dtls1_process_heartbeat) read a 2-byte payload length from wire data, construct a heartbeat response (type byte 2), memcpy the payload without bounds checking (Heartbleed pattern), append 16 random bytes via RAND_pseudo_bytes, and write the response via ssl3_write_bytes/dtls1_write_bytes. Source references: ""t1_lib.c"":2508 and ""d1_both.c"":1474."
27195e7f6556d02610b24f8b022c334931fbfa6bac4a8ff9c888ba651e186748,mips,on,others-tp-link_zh-1.0.1e__TL-AP1202I-PoE-THIN_GOLD_V1.0_1.0.2_Build_20181016_Rel.42739,libssl.so.1.0.0,"In ssl3_read_bytes (edge_2), record type 24 (0x18 = TLS1_RT_HEARTBEAT) is dispatched to tls1_process_heartbeat(a1, a2, v20), clearing the record buffer and resetting BIO flags. In dtls1_read_bytes (edge_5), the same record type 24 dispatches to dtls1_process_heartbeat(a1). The processing functions (edge_3 tls1_process_heartbeat, edge_6 dtls1_process_heartbeat) read a 2-byte payload length from wire data, construct a heartbeat response (type byte 2), memcpy the payload without bounds checking (Heartbleed pattern), append 16 random bytes via RAND_pseudo_bytes, and write the response via ssl3_write_bytes/dtls1_write_bytes. Source references: ""t1_lib.c"":2508 and ""d1_both.c"":1474."
27195e7f6556d02610b24f8b022c334931fbfa6bac4a8ff9c888ba651e186748,mips,on,others-tp-link_zh-1.0.1e__TL-AP1203I-PoEv2_cloud_1.0.2_Build_20180829_Rel.43017_up_signed,libssl.so.1.0.0,"In ssl3_read_bytes (edge_2), record type 24 (0x18 = TLS1_RT_HEARTBEAT) is dispatched to tls1_process_heartbeat(a1, a2, v20), clearing the record buffer and resetting BIO flags. In dtls1_read_bytes (edge_5), the same record type 24 dispatches to dtls1_process_heartbeat(a1). The processing functions (edge_3 tls1_process_heartbeat, edge_6 dtls1_process_heartbeat) read a 2-byte payload length from wire data, construct a heartbeat response (type byte 2), memcpy the payload without bounds checking (Heartbleed pattern), append 16 random bytes via RAND_pseudo_bytes, and write the response via ssl3_write_bytes/dtls1_write_bytes. Source references: ""t1_lib.c"":2508 and ""d1_both.c"":1474."
4852fc0c32f748ff96be234ba61fb684876de0c664d6163899da2b9ba4a5075e,mips,on,IPcamera-tp-link_zh-1.0.1e__TL-IPC12C_V1.0_1.0.17_BUILD_190513_REL.32524N,libssl.so.1.0.0,"Edge_3 (tls1_process_heartbeat): Complete TLS heartbeat processing function implementing RFC 6520. Reads message type byte (v5=*v3) and 2-byte payload length (v6=(v3[1]<<8)|v3[2]) from wire. When type==1 (heartbeat request): allocates v6+19 bytes, sets response type to 2, copies v6 bytes via memcpy(v7+3, v3+3, v6) without bounds checking (Heartbleed over-read), appends 16 RAND_pseudo_bytes, sends response via ssl3_write_bytes. When type==2 (heartbeat response): validates sequence number. Gate evidence from edge_2 (ssl3_read_bytes): dispatches record type 24 (0x18=TLS1_RT_HEARTBEAT) directly to tls1_process_heartbeat. Edge_1 (dtls1_process_heartbeat) confirms DTLS variant with same pattern via dtls1_write_bytes."
4852fc0c32f748ff96be234ba61fb684876de0c664d6163899da2b9ba4a5075e,mips,on,IPcamera-tp-link_zh-1.0.1e__TL-IPC223C-X_V1.0_1.0.8_BUILD_190409_REL.42017N,libssl.so.1.0.0,"Edge_3 (tls1_process_heartbeat): Complete TLS heartbeat processing function implementing RFC 6520. Reads message type byte (v5=*v3) and 2-byte payload length (v6=(v3[1]<<8)|v3[2]) from wire. When type==1 (heartbeat request): allocates v6+19 bytes, sets response type to 2, copies v6 bytes via memcpy(v7+3, v3+3, v6) without bounds checking (Heartbleed over-read), appends 16 RAND_pseudo_bytes, sends response via ssl3_write_bytes. When type==2 (heartbeat response): validates sequence number. Gate evidence from edge_2 (ssl3_read_bytes): dispatches record type 24 (0x18=TLS1_RT_HEARTBEAT) directly to tls1_process_heartbeat. Edge_1 (dtls1_process_heartbeat) confirms DTLS variant with same pattern via dtls1_write_bytes."
4852fc0c32f748ff96be234ba61fb684876de0c664d6163899da2b9ba4a5075e,mips,on,IPcamera-tp-link_zh-1.0.1e__TL-IPC223CP-X_V1.0_1.0.5_BUILD_190409_REL.43381N,libssl.so.1.0.0,"Edge_3 (tls1_process_heartbeat): Complete TLS heartbeat processing function implementing RFC 6520. Reads message type byte (v5=*v3) and 2-byte payload length (v6=(v3[1]<<8)|v3[2]) from wire. When type==1 (heartbeat request): allocates v6+19 bytes, sets response type to 2, copies v6 bytes via memcpy(v7+3, v3+3, v6) without bounds checking (Heartbleed over-read), appends 16 RAND_pseudo_bytes, sends response via ssl3_write_bytes. When type==2 (heartbeat response): validates sequence number. Gate evidence from edge_2 (ssl3_read_bytes): dispatches record type 24 (0x18=TLS1_RT_HEARTBEAT) directly to tls1_process_heartbeat. Edge_1 (dtls1_process_heartbeat) confirms DTLS variant with same pattern via dtls1_write_bytes."
4852fc0c32f748ff96be234ba61fb684876de0c664d6163899da2b9ba4a5075e,mips,on,IPcamera-tp-link_zh-1.0.1e__TL-IPC325C-X_V2.0_1.1.2_BUILD_190409_REL.46112N,libssl.so.1.0.0,"Edge_3 (tls1_process_heartbeat): Complete TLS heartbeat processing function implementing RFC 6520. Reads message type byte (v5=*v3) and 2-byte payload length (v6=(v3[1]<<8)|v3[2]) from wire. When type==1 (heartbeat request): allocates v6+19 bytes, sets response type to 2, copies v6 bytes via memcpy(v7+3, v3+3, v6) without bounds checking (Heartbleed over-read), appends 16 RAND_pseudo_bytes, sends response via ssl3_write_bytes. When type==2 (heartbeat response): validates sequence number. Gate evidence from edge_2 (ssl3_read_bytes): dispatches record type 24 (0x18=TLS1_RT_HEARTBEAT) directly to tls1_process_heartbeat. Edge_1 (dtls1_process_heartbeat) confirms DTLS variant with same pattern via dtls1_write_bytes."
4852fc0c32f748ff96be234ba61fb684876de0c664d6163899da2b9ba4a5075e,mips,on,IPcamera-tp-link_zh-1.0.1e__TL-IPC325CP_V1.0_1.0.12_BUILD_190410_REL.56775N,libssl.so.1.0.0,"Edge_3 (tls1_process_heartbeat): Complete TLS heartbeat processing function implementing RFC 6520. Reads message type byte (v5=*v3) and 2-byte payload length (v6=(v3[1]<<8)|v3[2]) from wire. When type==1 (heartbeat request): allocates v6+19 bytes, sets response type to 2, copies v6 bytes via memcpy(v7+3, v3+3, v6) without bounds checking (Heartbleed over-read), appends 16 RAND_pseudo_bytes, sends response via ssl3_write_bytes. When type==2 (heartbeat response): validates sequence number. Gate evidence from edge_2 (ssl3_read_bytes): dispatches record type 24 (0x18=TLS1_RT_HEARTBEAT) directly to tls1_process_heartbeat. Edge_1 (dtls1_process_heartbeat) confirms DTLS variant with same pattern via dtls1_write_bytes."
4852fc0c32f748ff96be234ba61fb684876de0c664d6163899da2b9ba4a5075e,mips,on,IPcamera-tp-link_zh-1.0.1e__TL-IPC325C_V1.0_1.1.1_BUILD_190409_REL.44747N,libssl.so.1.0.0,"Edge_3 (tls1_process_heartbeat): Complete TLS heartbeat processing function implementing RFC 6520. Reads message type byte (v5=*v3) and 2-byte payload length (v6=(v3[1]<<8)|v3[2]) from wire. When type==1 (heartbeat request): allocates v6+19 bytes, sets response type to 2, copies v6 bytes via memcpy(v7+3, v3+3, v6) without bounds checking (Heartbleed over-read), appends 16 RAND_pseudo_bytes, sends response via ssl3_write_bytes. When type==2 (heartbeat response): validates sequence number. Gate evidence from edge_2 (ssl3_read_bytes): dispatches record type 24 (0x18=TLS1_RT_HEARTBEAT) directly to tls1_process_heartbeat. Edge_1 (dtls1_process_heartbeat) confirms DTLS variant with same pattern via dtls1_write_bytes."
4852fc0c32f748ff96be234ba61fb684876de0c664d6163899da2b9ba4a5075e,mips,on,IPcamera-tp-link_zh-1.0.1e__TL-IPC40C-4_V1.0_1.0.11_BUILD_190510_REL.36098N,libssl.so.1.0.0,"Edge_3 (tls1_process_heartbeat): Complete TLS heartbeat processing function implementing RFC 6520. Reads message type byte (v5=*v3) and 2-byte payload length (v6=(v3[1]<<8)|v3[2]) from wire. When type==1 (heartbeat request): allocates v6+19 bytes, sets response type to 2, copies v6 bytes via memcpy(v7+3, v3+3, v6) without bounds checking (Heartbleed over-read), appends 16 RAND_pseudo_bytes, sends response via ssl3_write_bytes. When type==2 (heartbeat response): validates sequence number. Gate evidence from edge_2 (ssl3_read_bytes): dispatches record type 24 (0x18=TLS1_RT_HEARTBEAT) directly to tls1_process_heartbeat. Edge_1 (dtls1_process_heartbeat) confirms DTLS variant with same pattern via dtls1_write_bytes."
4852fc0c32f748ff96be234ba61fb684876de0c664d6163899da2b9ba4a5075e,mips,on,IPcamera-tp-link_zh-1.0.1e__TL-IPC40C-4_V2.0_1.0.10_BUILD_190513_REL.61111N,libssl.so.1.0.0,"Edge_3 (tls1_process_heartbeat): Complete TLS heartbeat processing function implementing RFC 6520. Reads message type byte (v5=*v3) and 2-byte payload length (v6=(v3[1]<<8)|v3[2]) from wire. When type==1 (heartbeat request): allocates v6+19 bytes, sets response type to 2, copies v6 bytes via memcpy(v7+3, v3+3, v6) without bounds checking (Heartbleed over-read), appends 16 RAND_pseudo_bytes, sends response via ssl3_write_bytes. When type==2 (heartbeat response): validates sequence number. Gate evidence from edge_2 (ssl3_read_bytes): dispatches record type 24 (0x18=TLS1_RT_HEARTBEAT) directly to tls1_process_heartbeat. Edge_1 (dtls1_process_heartbeat) confirms DTLS variant with same pattern via dtls1_write_bytes."
4852fc0c32f748ff96be234ba61fb684876de0c664d6163899da2b9ba4a5075e,mips,on,IPcamera-tp-link_zh-1.0.1e__TL-IPC42A-4_V3.0_1.0.14_BUILD_190509_REL.67883N,libssl.so.1.0.0,"Edge_3 (tls1_process_heartbeat): Complete TLS heartbeat processing function implementing RFC 6520. Reads message type byte (v5=*v3) and 2-byte payload length (v6=(v3[1]<<8)|v3[2]) from wire. When type==1 (heartbeat request): allocates v6+19 bytes, sets response type to 2, copies v6 bytes via memcpy(v7+3, v3+3, v6) without bounds checking (Heartbleed over-read), appends 16 RAND_pseudo_bytes, sends response via ssl3_write_bytes. When type==2 (heartbeat response): validates sequence number. Gate evidence from edge_2 (ssl3_read_bytes): dispatches record type 24 (0x18=TLS1_RT_HEARTBEAT) directly to tls1_process_heartbeat. Edge_1 (dtls1_process_heartbeat) confirms DTLS variant with same pattern via dtls1_write_bytes."
4852fc0c32f748ff96be234ba61fb684876de0c664d6163899da2b9ba4a5075e,mips,on,IPcamera-tp-link_zh-1.0.1e__TL-IPC42A-4_V5.0_1.1.13_BUILD_190508_REL.37813N,libssl.so.1.0.0,"Edge_3 (tls1_process_heartbeat): Complete TLS heartbeat processing function implementing RFC 6520. Reads message type byte (v5=*v3) and 2-byte payload length (v6=(v3[1]<<8)|v3[2]) from wire. When type==1 (heartbeat request): allocates v6+19 bytes, sets response type to 2, copies v6 bytes via memcpy(v7+3, v3+3, v6) without bounds checking (Heartbleed over-read), appends 16 RAND_pseudo_bytes, sends response via ssl3_write_bytes. When type==2 (heartbeat response): validates sequence number. Gate evidence from edge_2 (ssl3_read_bytes): dispatches record type 24 (0x18=TLS1_RT_HEARTBEAT) directly to tls1_process_heartbeat. Edge_1 (dtls1_process_heartbeat) confirms DTLS variant with same pattern via dtls1_write_bytes."
4852fc0c32f748ff96be234ba61fb684876de0c664d6163899da2b9ba4a5075e,mips,on,IPcamera-tp-link_zh-1.0.1e__TL-IPC42C-4_V1.0_1.0.24_BUILD_190509_REL.66397N,libssl.so.1.0.0,"Edge_3 (tls1_process_heartbeat): Complete TLS heartbeat processing function implementing RFC 6520. Reads message type byte (v5=*v3) and 2-byte payload length (v6=(v3[1]<<8)|v3[2]) from wire. When type==1 (heartbeat request): allocates v6+19 bytes, sets response type to 2, copies v6 bytes via memcpy(v7+3, v3+3, v6) without bounds checking (Heartbleed over-read), appends 16 RAND_pseudo_bytes, sends response via ssl3_write_bytes. When type==2 (heartbeat response): validates sequence number. Gate evidence from edge_2 (ssl3_read_bytes): dispatches record type 24 (0x18=TLS1_RT_HEARTBEAT) directly to tls1_process_heartbeat. Edge_1 (dtls1_process_heartbeat) confirms DTLS variant with same pattern via dtls1_write_bytes."
4852fc0c32f748ff96be234ba61fb684876de0c664d6163899da2b9ba4a5075e,mips,on,IPcamera-tp-link_zh-1.0.1e__TL-IPC42C-4_V2.0_1.1.13_BUILD_190508_REL.37813N,libssl.so.1.0.0,"Edge_3 (tls1_process_heartbeat): Complete TLS heartbeat processing function implementing RFC 6520. Reads message type byte (v5=*v3) and 2-byte payload length (v6=(v3[1]<<8)|v3[2]) from wire. When type==1 (heartbeat request): allocates v6+19 bytes, sets response type to 2, copies v6 bytes via memcpy(v7+3, v3+3, v6) without bounds checking (Heartbleed over-read), appends 16 RAND_pseudo_bytes, sends response via ssl3_write_bytes. When type==2 (heartbeat response): validates sequence number. Gate evidence from edge_2 (ssl3_read_bytes): dispatches record type 24 (0x18=TLS1_RT_HEARTBEAT) directly to tls1_process_heartbeat. Edge_1 (dtls1_process_heartbeat) confirms DTLS variant with same pattern via dtls1_write_bytes."
4852fc0c32f748ff96be234ba61fb684876de0c664d6163899da2b9ba4a5075e,mips,on,IPcamera-tp-link_zh-1.0.1e__TL-IPC42C-4_V3.0_1.1.13_BUILD_190508_REL.37813N,libssl.so.1.0.0,"Edge_3 (tls1_process_heartbeat): Complete TLS heartbeat processing function implementing RFC 6520. Reads message type byte (v5=*v3) and 2-byte payload length (v6=(v3[1]<<8)|v3[2]) from wire. When type==1 (heartbeat request): allocates v6+19 bytes, sets response type to 2, copies v6 bytes via memcpy(v7+3, v3+3, v6) without bounds checking (Heartbleed over-read), appends 16 RAND_pseudo_bytes, sends response via ssl3_write_bytes. When type==2 (heartbeat response): validates sequence number. Gate evidence from edge_2 (ssl3_read_bytes): dispatches record type 24 (0x18=TLS1_RT_HEARTBEAT) directly to tls1_process_heartbeat. Edge_1 (dtls1_process_heartbeat) confirms DTLS variant with same pattern via dtls1_write_bytes."
4852fc0c32f748ff96be234ba61fb684876de0c664d6163899da2b9ba4a5075e,mips,on,IPcamera-tp-link_zh-1.0.1e__TL-IPC62C-X_V1.0_1.0.14_BUILD_190510_REL.64129N,libssl.so.1.0.0,"Edge_3 (tls1_process_heartbeat): Complete TLS heartbeat processing function implementing RFC 6520. Reads message type byte (v5=*v3) and 2-byte payload length (v6=(v3[1]<<8)|v3[2]) from wire. When type==1 (heartbeat request): allocates v6+19 bytes, sets response type to 2, copies v6 bytes via memcpy(v7+3, v3+3, v6) without bounds checking (Heartbleed over-read), appends 16 RAND_pseudo_bytes, sends response via ssl3_write_bytes. When type==2 (heartbeat response): validates sequence number. Gate evidence from edge_2 (ssl3_read_bytes): dispatches record type 24 (0x18=TLS1_RT_HEARTBEAT) directly to tls1_process_heartbeat. Edge_1 (dtls1_process_heartbeat) confirms DTLS variant with same pattern via dtls1_write_bytes."
4c71fb765448aeab8ef517bcbdc3d5433ac2c6764852f53c3288d53607c384a1,arm,on,IPcamera-tp-link_zh-1.0.1e__TL-IPC328K-P-_4.0_,libssl.so.1.0.0,"In ssl3_read_bytes (edge_2), a switch statement on TLS record type dispatches case 24 (0x18 = TLS1_RT_HEARTBEAT) directly to tls1_process_heartbeat(a1), confirming heartbeat messages are received and processed in the live SSL read path. Additionally, edge_3 reveals tls1_process_heartbeat reads a 1-byte heartbeat type and 2-byte big-endian payload length from the wire (v6 = v4[2] | (v4[1] << 8)), then on type==1 allocates a response buffer, sets type=2, and does memcpy(v8+3, v4+3, v6) using the wire-controlled length without validating against actual record length — the classic Heartbleed over-read pattern. edge_1 shows the DTLS variant dtls1_process_heartbeat with identical logic calling dtls1_write_bytes. All three feature hint functions (tls1_process_heartbeat, dtls1_process_heartbeat, ssl3_read_bytes dispatch) are present and executable."
4c71fb765448aeab8ef517bcbdc3d5433ac2c6764852f53c3288d53607c384a1,arm,on,IPcamera-tp-link_zh-1.0.1e__TL-IPC328K-P-_4.0_,libssl.so.1.0.0,"In ssl3_read_bytes (edge_2), a switch statement on TLS record type dispatches case 24 (0x18 = TLS1_RT_HEARTBEAT) directly to tls1_process_heartbeat(a1), confirming heartbeat messages are received and processed in the live SSL read path. Additionally, edge_3 reveals tls1_process_heartbeat reads a 1-byte heartbeat type and 2-byte big-endian payload length from the wire (v6 = v4[2] | (v4[1] << 8)), then on type==1 allocates a response buffer, sets type=2, and does memcpy(v8+3, v4+3, v6) using the wire-controlled length without validating against actual record length — the classic Heartbleed over-read pattern. edge_1 shows the DTLS variant dtls1_process_heartbeat with identical logic calling dtls1_write_bytes. All three feature hint functions (tls1_process_heartbeat, dtls1_process_heartbeat, ssl3_read_bytes dispatch) are present and executable."
4c71fb765448aeab8ef517bcbdc3d5433ac2c6764852f53c3288d53607c384a1,arm,on,IPcamera-tp-link_zh-1.0.1e__TL-IPC423-P-,libssl.so.1.0.0,"In ssl3_read_bytes (edge_2), a switch statement on TLS record type dispatches case 24 (0x18 = TLS1_RT_HEARTBEAT) directly to tls1_process_heartbeat(a1), confirming heartbeat messages are received and processed in the live SSL read path. Additionally, edge_3 reveals tls1_process_heartbeat reads a 1-byte heartbeat type and 2-byte big-endian payload length from the wire (v6 = v4[2] | (v4[1] << 8)), then on type==1 allocates a response buffer, sets type=2, and does memcpy(v8+3, v4+3, v6) using the wire-controlled length without validating against actual record length — the classic Heartbleed over-read pattern. edge_1 shows the DTLS variant dtls1_process_heartbeat with identical logic calling dtls1_write_bytes. All three feature hint functions (tls1_process_heartbeat, dtls1_process_heartbeat, ssl3_read_bytes dispatch) are present and executable."
4c71fb765448aeab8ef517bcbdc3d5433ac2c6764852f53c3288d53607c384a1,arm,on,IPcamera-tp-link_zh-1.0.1e__TL-IPC423-P-,libssl.so.1.0.0,"In ssl3_read_bytes (edge_2), a switch statement on TLS record type dispatches case 24 (0x18 = TLS1_RT_HEARTBEAT) directly to tls1_process_heartbeat(a1), confirming heartbeat messages are received and processed in the live SSL read path. Additionally, edge_3 reveals tls1_process_heartbeat reads a 1-byte heartbeat type and 2-byte big-endian payload length from the wire (v6 = v4[2] | (v4[1] << 8)), then on type==1 allocates a response buffer, sets type=2, and does memcpy(v8+3, v4+3, v6) using the wire-controlled length without validating against actual record length — the classic Heartbleed over-read pattern. edge_1 shows the DTLS variant dtls1_process_heartbeat with identical logic calling dtls1_write_bytes. All three feature hint functions (tls1_process_heartbeat, dtls1_process_heartbeat, ssl3_read_bytes dispatch) are present and executable."
4c71fb765448aeab8ef517bcbdc3d5433ac2c6764852f53c3288d53607c384a1,arm,on,IPcamera-tp-link_zh-1.0.1e__TL-IPC423-P-V6.0,libssl.so.1.0.0,"In ssl3_read_bytes (edge_2), a switch statement on TLS record type dispatches case 24 (0x18 = TLS1_RT_HEARTBEAT) directly to tls1_process_heartbeat(a1), confirming heartbeat messages are received and processed in the live SSL read path. Additionally, edge_3 reveals tls1_process_heartbeat reads a 1-byte heartbeat type and 2-byte big-endian payload length from the wire (v6 = v4[2] | (v4[1] << 8)), then on type==1 allocates a response buffer, sets type=2, and does memcpy(v8+3, v4+3, v6) using the wire-controlled length without validating against actual record length — the classic Heartbleed over-read pattern. edge_1 shows the DTLS variant dtls1_process_heartbeat with identical logic calling dtls1_write_bytes. All three feature hint functions (tls1_process_heartbeat, dtls1_process_heartbeat, ssl3_read_bytes dispatch) are present and executable."
4c71fb765448aeab8ef517bcbdc3d5433ac2c6764852f53c3288d53607c384a1,arm,on,IPcamera-tp-link_zh-1.0.1e__TL-IPC423-P-V6.0,libssl.so.1.0.0,"In ssl3_read_bytes (edge_2), a switch statement on TLS record type dispatches case 24 (0x18 = TLS1_RT_HEARTBEAT) directly to tls1_process_heartbeat(a1), confirming heartbeat messages are received and processed in the live SSL read path. Additionally, edge_3 reveals tls1_process_heartbeat reads a 1-byte heartbeat type and 2-byte big-endian payload length from the wire (v6 = v4[2] | (v4[1] << 8)), then on type==1 allocates a response buffer, sets type=2, and does memcpy(v8+3, v4+3, v6) using the wire-controlled length without validating against actual record length — the classic Heartbleed over-read pattern. edge_1 shows the DTLS variant dtls1_process_heartbeat with identical logic calling dtls1_write_bytes. All three feature hint functions (tls1_process_heartbeat, dtls1_process_heartbeat, ssl3_read_bytes dispatch) are present and executable."
4c71fb765448aeab8ef517bcbdc3d5433ac2c6764852f53c3288d53607c384a1,arm,on,IPcamera-tp-link_zh-1.0.1e__TL-IPC523K-P-,libssl.so.1.0.0,"In ssl3_read_bytes (edge_2), a switch statement on TLS record type dispatches case 24 (0x18 = TLS1_RT_HEARTBEAT) directly to tls1_process_heartbeat(a1), confirming heartbeat messages are received and processed in the live SSL read path. Additionally, edge_3 reveals tls1_process_heartbeat reads a 1-byte heartbeat type and 2-byte big-endian payload length from the wire (v6 = v4[2] | (v4[1] << 8)), then on type==1 allocates a response buffer, sets type=2, and does memcpy(v8+3, v4+3, v6) using the wire-controlled length without validating against actual record length — the classic Heartbleed over-read pattern. edge_1 shows the DTLS variant dtls1_process_heartbeat with identical logic calling dtls1_write_bytes. All three feature hint functions (tls1_process_heartbeat, dtls1_process_heartbeat, ssl3_read_bytes dispatch) are present and executable."
4c71fb765448aeab8ef517bcbdc3d5433ac2c6764852f53c3288d53607c384a1,arm,on,IPcamera-tp-link_zh-1.0.1e__TL-IPC523K-P-,libssl.so.1.0.0,"In ssl3_read_bytes (edge_2), a switch statement on TLS record type dispatches case 24 (0x18 = TLS1_RT_HEARTBEAT) directly to tls1_process_heartbeat(a1), confirming heartbeat messages are received and processed in the live SSL read path. Additionally, edge_3 reveals tls1_process_heartbeat reads a 1-byte heartbeat type and 2-byte big-endian payload length from the wire (v6 = v4[2] | (v4[1] << 8)), then on type==1 allocates a response buffer, sets type=2, and does memcpy(v8+3, v4+3, v6) using the wire-controlled length without validating against actual record length — the classic Heartbleed over-read pattern. edge_1 shows the DTLS variant dtls1_process_heartbeat with identical logic calling dtls1_write_bytes. All three feature hint functions (tls1_process_heartbeat, dtls1_process_heartbeat, ssl3_read_bytes dispatch) are present and executable."
4c71fb765448aeab8ef517bcbdc3d5433ac2c6764852f53c3288d53607c384a1,arm,on,IPcamera-tp-link_zh-1.0.1e__TL-IPC523K-P--D,libssl.so.1.0.0,"In ssl3_read_bytes (edge_2), a switch statement on TLS record type dispatches case 24 (0x18 = TLS1_RT_HEARTBEAT) directly to tls1_process_heartbeat(a1), confirming heartbeat messages are received and processed in the live SSL read path. Additionally, edge_3 reveals tls1_process_heartbeat reads a 1-byte heartbeat type and 2-byte big-endian payload length from the wire (v6 = v4[2] | (v4[1] << 8)), then on type==1 allocates a response buffer, sets type=2, and does memcpy(v8+3, v4+3, v6) using the wire-controlled length without validating against actual record length — the classic Heartbleed over-read pattern. edge_1 shows the DTLS variant dtls1_process_heartbeat with identical logic calling dtls1_write_bytes. All three feature hint functions (tls1_process_heartbeat, dtls1_process_heartbeat, ssl3_read_bytes dispatch) are present and executable."
4c71fb765448aeab8ef517bcbdc3d5433ac2c6764852f53c3288d53607c384a1,arm,on,IPcamera-tp-link_zh-1.0.1e__TL-IPC523K-P--D,libssl.so.1.0.0,"In ssl3_read_bytes (edge_2), a switch statement on TLS record type dispatches case 24 (0x18 = TLS1_RT_HEARTBEAT) directly to tls1_process_heartbeat(a1), confirming heartbeat messages are received and processed in the live SSL read path. Additionally, edge_3 reveals tls1_process_heartbeat reads a 1-byte heartbeat type and 2-byte big-endian payload length from the wire (v6 = v4[2] | (v4[1] << 8)), then on type==1 allocates a response buffer, sets type=2, and does memcpy(v8+3, v4+3, v6) using the wire-controlled length without validating against actual record length — the classic Heartbleed over-read pattern. edge_1 shows the DTLS variant dtls1_process_heartbeat with identical logic calling dtls1_write_bytes. All three feature hint functions (tls1_process_heartbeat, dtls1_process_heartbeat, ssl3_read_bytes dispatch) are present and executable."
4c71fb765448aeab8ef517bcbdc3d5433ac2c6764852f53c3288d53607c384a1,arm,on,IPcamera-tp-link_zh-1.0.1e__TL-IPC523K-P-V6.0,libssl.so.1.0.0,"In ssl3_read_bytes (edge_2), a switch statement on TLS record type dispatches case 24 (0x18 = TLS1_RT_HEARTBEAT) directly to tls1_process_heartbeat(a1), confirming heartbeat messages are received and processed in the live SSL read path. Additionally, edge_3 reveals tls1_process_heartbeat reads a 1-byte heartbeat type and 2-byte big-endian payload length from the wire (v6 = v4[2] | (v4[1] << 8)), then on type==1 allocates a response buffer, sets type=2, and does memcpy(v8+3, v4+3, v6) using the wire-controlled length without validating against actual record length — the classic Heartbleed over-read pattern. edge_1 shows the DTLS variant dtls1_process_heartbeat with identical logic calling dtls1_write_bytes. All three feature hint functions (tls1_process_heartbeat, dtls1_process_heartbeat, ssl3_read_bytes dispatch) are present and executable."
4c71fb765448aeab8ef517bcbdc3d5433ac2c6764852f53c3288d53607c384a1,arm,on,IPcamera-tp-link_zh-1.0.1e__TL-IPC523K-P-V6.0,libssl.so.1.0.0,"In ssl3_read_bytes (edge_2), a switch statement on TLS record type dispatches case 24 (0x18 = TLS1_RT_HEARTBEAT) directly to tls1_process_heartbeat(a1), confirming heartbeat messages are received and processed in the live SSL read path. Additionally, edge_3 reveals tls1_process_heartbeat reads a 1-byte heartbeat type and 2-byte big-endian payload length from the wire (v6 = v4[2] | (v4[1] << 8)), then on type==1 allocates a response buffer, sets type=2, and does memcpy(v8+3, v4+3, v6) using the wire-controlled length without validating against actual record length — the classic Heartbleed over-read pattern. edge_1 shows the DTLS variant dtls1_process_heartbeat with identical logic calling dtls1_write_bytes. All three feature hint functions (tls1_process_heartbeat, dtls1_process_heartbeat, ssl3_read_bytes dispatch) are present and executable."
4c71fb765448aeab8ef517bcbdc3d5433ac2c6764852f53c3288d53607c384a1,arm,on,IPcamera-tp-link_zh-1.0.1e__TL-IPC523K-P-_7.0,libssl.so.1.0.0,"In ssl3_read_bytes (edge_2), a switch statement on TLS record type dispatches case 24 (0x18 = TLS1_RT_HEARTBEAT) directly to tls1_process_heartbeat(a1), confirming heartbeat messages are received and processed in the live SSL read path. Additionally, edge_3 reveals tls1_process_heartbeat reads a 1-byte heartbeat type and 2-byte big-endian payload length from the wire (v6 = v4[2] | (v4[1] << 8)), then on type==1 allocates a response buffer, sets type=2, and does memcpy(v8+3, v4+3, v6) using the wire-controlled length without validating against actual record length — the classic Heartbleed over-read pattern. edge_1 shows the DTLS variant dtls1_process_heartbeat with identical logic calling dtls1_write_bytes. All three feature hint functions (tls1_process_heartbeat, dtls1_process_heartbeat, ssl3_read_bytes dispatch) are present and executable."
4c71fb765448aeab8ef517bcbdc3d5433ac2c6764852f53c3288d53607c384a1,arm,on,IPcamera-tp-link_zh-1.0.1e__TL-IPC523K-P-_7.0,libssl.so.1.0.0,"In ssl3_read_bytes (edge_2), a switch statement on TLS record type dispatches case 24 (0x18 = TLS1_RT_HEARTBEAT) directly to tls1_process_heartbeat(a1), confirming heartbeat messages are received and processed in the live SSL read path. Additionally, edge_3 reveals tls1_process_heartbeat reads a 1-byte heartbeat type and 2-byte big-endian payload length from the wire (v6 = v4[2] | (v4[1] << 8)), then on type==1 allocates a response buffer, sets type=2, and does memcpy(v8+3, v4+3, v6) using the wire-controlled length without validating against actual record length — the classic Heartbleed over-read pattern. edge_1 shows the DTLS variant dtls1_process_heartbeat with identical logic calling dtls1_write_bytes. All three feature hint functions (tls1_process_heartbeat, dtls1_process_heartbeat, ssl3_read_bytes dispatch) are present and executable."
4c71fb765448aeab8ef517bcbdc3d5433ac2c6764852f53c3288d53607c384a1,arm,on,IPcamera-tp-link_zh-1.0.1e__TL-IPC525K-P-,libssl.so.1.0.0,"In ssl3_read_bytes (edge_2), a switch statement on TLS record type dispatches case 24 (0x18 = TLS1_RT_HEARTBEAT) directly to tls1_process_heartbeat(a1), confirming heartbeat messages are received and processed in the live SSL read path. Additionally, edge_3 reveals tls1_process_heartbeat reads a 1-byte heartbeat type and 2-byte big-endian payload length from the wire (v6 = v4[2] | (v4[1] << 8)), then on type==1 allocates a response buffer, sets type=2, and does memcpy(v8+3, v4+3, v6) using the wire-controlled length without validating against actual record length — the classic Heartbleed over-read pattern. edge_1 shows the DTLS variant dtls1_process_heartbeat with identical logic calling dtls1_write_bytes. All three feature hint functions (tls1_process_heartbeat, dtls1_process_heartbeat, ssl3_read_bytes dispatch) are present and executable."
4c71fb765448aeab8ef517bcbdc3d5433ac2c6764852f53c3288d53607c384a1,arm,on,IPcamera-tp-link_zh-1.0.1e__TL-IPC525K-P-,libssl.so.1.0.0,"In ssl3_read_bytes (edge_2), a switch statement on TLS record type dispatches case 24 (0x18 = TLS1_RT_HEARTBEAT) directly to tls1_process_heartbeat(a1), confirming heartbeat messages are received and processed in the live SSL read path. Additionally, edge_3 reveals tls1_process_heartbeat reads a 1-byte heartbeat type and 2-byte big-endian payload length from the wire (v6 = v4[2] | (v4[1] << 8)), then on type==1 allocates a response buffer, sets type=2, and does memcpy(v8+3, v4+3, v6) using the wire-controlled length without validating against actual record length — the classic Heartbleed over-read pattern. edge_1 shows the DTLS variant dtls1_process_heartbeat with identical logic calling dtls1_write_bytes. All three feature hint functions (tls1_process_heartbeat, dtls1_process_heartbeat, ssl3_read_bytes dispatch) are present and executable."
4c71fb765448aeab8ef517bcbdc3d5433ac2c6764852f53c3288d53607c384a1,arm,on,IPcamera-tp-link_zh-1.0.1e__TL-IPC525K-P--D,libssl.so.1.0.0,"In ssl3_read_bytes (edge_2), a switch statement on TLS record type dispatches case 24 (0x18 = TLS1_RT_HEARTBEAT) directly to tls1_process_heartbeat(a1), confirming heartbeat messages are received and processed in the live SSL read path. Additionally, edge_3 reveals tls1_process_heartbeat reads a 1-byte heartbeat type and 2-byte big-endian payload length from the wire (v6 = v4[2] | (v4[1] << 8)), then on type==1 allocates a response buffer, sets type=2, and does memcpy(v8+3, v4+3, v6) using the wire-controlled length without validating against actual record length — the classic Heartbleed over-read pattern. edge_1 shows the DTLS variant dtls1_process_heartbeat with identical logic calling dtls1_write_bytes. All three feature hint functions (tls1_process_heartbeat, dtls1_process_heartbeat, ssl3_read_bytes dispatch) are present and executable."
4c71fb765448aeab8ef517bcbdc3d5433ac2c6764852f53c3288d53607c384a1,arm,on,IPcamera-tp-link_zh-1.0.1e__TL-IPC525K-P--D,libssl.so.1.0.0,"In ssl3_read_bytes (edge_2), a switch statement on TLS record type dispatches case 24 (0x18 = TLS1_RT_HEARTBEAT) directly to tls1_process_heartbeat(a1), confirming heartbeat messages are received and processed in the live SSL read path. Additionally, edge_3 reveals tls1_process_heartbeat reads a 1-byte heartbeat type and 2-byte big-endian payload length from the wire (v6 = v4[2] | (v4[1] << 8)), then on type==1 allocates a response buffer, sets type=2, and does memcpy(v8+3, v4+3, v6) using the wire-controlled length without validating against actual record length — the classic Heartbleed over-read pattern. edge_1 shows the DTLS variant dtls1_process_heartbeat with identical logic calling dtls1_write_bytes. All three feature hint functions (tls1_process_heartbeat, dtls1_process_heartbeat, ssl3_read_bytes dispatch) are present and executable."
4c71fb765448aeab8ef517bcbdc3d5433ac2c6764852f53c3288d53607c384a1,arm,on,IPcamera-tp-link_zh-1.0.1e__TL-IPC525K-P-V6.0,libssl.so.1.0.0,"In ssl3_read_bytes (edge_2), a switch statement on TLS record type dispatches case 24 (0x18 = TLS1_RT_HEARTBEAT) directly to tls1_process_heartbeat(a1), confirming heartbeat messages are received and processed in the live SSL read path. Additionally, edge_3 reveals tls1_process_heartbeat reads a 1-byte heartbeat type and 2-byte big-endian payload length from the wire (v6 = v4[2] | (v4[1] << 8)), then on type==1 allocates a response buffer, sets type=2, and does memcpy(v8+3, v4+3, v6) using the wire-controlled length without validating against actual record length — the classic Heartbleed over-read pattern. edge_1 shows the DTLS variant dtls1_process_heartbeat with identical logic calling dtls1_write_bytes. All three feature hint functions (tls1_process_heartbeat, dtls1_process_heartbeat, ssl3_read_bytes dispatch) are present and executable."
4c71fb765448aeab8ef517bcbdc3d5433ac2c6764852f53c3288d53607c384a1,arm,on,IPcamera-tp-link_zh-1.0.1e__TL-IPC525K-P-V6.0,libssl.so.1.0.0,"In ssl3_read_bytes (edge_2), a switch statement on TLS record type dispatches case 24 (0x18 = TLS1_RT_HEARTBEAT) directly to tls1_process_heartbeat(a1), confirming heartbeat messages are received and processed in the live SSL read path. Additionally, edge_3 reveals tls1_process_heartbeat reads a 1-byte heartbeat type and 2-byte big-endian payload length from the wire (v6 = v4[2] | (v4[1] << 8)), then on type==1 allocates a response buffer, sets type=2, and does memcpy(v8+3, v4+3, v6) using the wire-controlled length without validating against actual record length — the classic Heartbleed over-read pattern. edge_1 shows the DTLS variant dtls1_process_heartbeat with identical logic calling dtls1_write_bytes. All three feature hint functions (tls1_process_heartbeat, dtls1_process_heartbeat, ssl3_read_bytes dispatch) are present and executable."
4c71fb765448aeab8ef517bcbdc3d5433ac2c6764852f53c3288d53607c384a1,arm,on,IPcamera-tp-link_zh-1.0.1e__TL-IPC525K-P-_7.0,libssl.so.1.0.0,"In ssl3_read_bytes (edge_2), a switch statement on TLS record type dispatches case 24 (0x18 = TLS1_RT_HEARTBEAT) directly to tls1_process_heartbeat(a1), confirming heartbeat messages are received and processed in the live SSL read path. Additionally, edge_3 reveals tls1_process_heartbeat reads a 1-byte heartbeat type and 2-byte big-endian payload length from the wire (v6 = v4[2] | (v4[1] << 8)), then on type==1 allocates a response buffer, sets type=2, and does memcpy(v8+3, v4+3, v6) using the wire-controlled length without validating against actual record length — the classic Heartbleed over-read pattern. edge_1 shows the DTLS variant dtls1_process_heartbeat with identical logic calling dtls1_write_bytes. All three feature hint functions (tls1_process_heartbeat, dtls1_process_heartbeat, ssl3_read_bytes dispatch) are present and executable."
4c71fb765448aeab8ef517bcbdc3d5433ac2c6764852f53c3288d53607c384a1,arm,on,IPcamera-tp-link_zh-1.0.1e__TL-IPC525K-P-_7.0,libssl.so.1.0.0,"In ssl3_read_bytes (edge_2), a switch statement on TLS record type dispatches case 24 (0x18 = TLS1_RT_HEARTBEAT) directly to tls1_process_heartbeat(a1), confirming heartbeat messages are received and processed in the live SSL read path. Additionally, edge_3 reveals tls1_process_heartbeat reads a 1-byte heartbeat type and 2-byte big-endian payload length from the wire (v6 = v4[2] | (v4[1] << 8)), then on type==1 allocates a response buffer, sets type=2, and does memcpy(v8+3, v4+3, v6) using the wire-controlled length without validating against actual record length — the classic Heartbleed over-read pattern. edge_1 shows the DTLS variant dtls1_process_heartbeat with identical logic calling dtls1_write_bytes. All three feature hint functions (tls1_process_heartbeat, dtls1_process_heartbeat, ssl3_read_bytes dispatch) are present and executable."
4dd69101d425652390ca35a2e0874b14d53d97eb3481a9f1f1f310dcc4fe78b1,arm,on,IPcamera-tp-link_zh-1.0.1e__TL-IPC6220-DC-V1.0,libssl.so.1.0.0,"In ssl3_read_bytes (edge_2), the record-type dispatch switch contains case 24 (TLS1_RT_HEARTBEAT = 0x18) which calls tls1_process_heartbeat(a1), then clears the read buffer and resets state — confirming the heartbeat extension is integrated into the SSL3 read path. The handler function tls1_process_heartbeat (edge_3) implements full RFC 6520 heartbeat processing: reads message type byte (v5=*v3), reads 2-byte payload length (v6=v3[2]|(v3[1]<<8)), and for type==1 (heartbeat request) allocates a response buffer, sets type=2, calls memcpy(v7+3, v3+3, v6) without bounds-checking v6 against the actual record length (the Heartbleed over-read pattern), then sends via ssl3_write_bytes. Additionally, dtls1_process_heartbeat (edge_1) provides the DTLS variant with the same pattern using dtls1_write_bytes."
560c320d386554420cf12cb2a0aeced6ff36ae9c93f451115a53c90f4124e039,arm,on,others-tp-link_zh-1.0.1e__TL-NVR6400_V1.0_1.0.21_Build_181130_Rel.61665n,libssl.so.1.0.0,"edge_3 (tls1_process_heartbeat) implements RFC 6520 heartbeat processing: reads heartbeat type byte (v5=*v3), reads 2-byte big-endian payload length (v6=v3[2]|(v3[1]<<8)), for request type 1 allocates buffer, sets response type byte to 2, copies length field, then memcpy(v7+3, v3+3, v6) copying attacker-controlled length without validating against actual record length (Heartbleed pattern), and sends response via ssl3_write_bytes. edge_1 (dtls1_process_heartbeat) shows identical DTLS variant. edge_2 (ssl3_read_bytes) contains the gate: switch on record type with 'case 24: tls1_process_heartbeat(a1)' dispatching TLS1_RT_HEARTBEAT (0x18) records to the heartbeat handler, confirming end-to-end feature activation."
560c320d386554420cf12cb2a0aeced6ff36ae9c93f451115a53c90f4124e039,arm,on,others-tp-link_zh-1.0.1e__TL-NVR6800_V1.0_1.0.24_Build_190621_Rel.46758n,libssl.so.1.0.0,"edge_3 (tls1_process_heartbeat) implements RFC 6520 heartbeat processing: reads heartbeat type byte (v5=*v3), reads 2-byte big-endian payload length (v6=v3[2]|(v3[1]<<8)), for request type 1 allocates buffer, sets response type byte to 2, copies length field, then memcpy(v7+3, v3+3, v6) copying attacker-controlled length without validating against actual record length (Heartbleed pattern), and sends response via ssl3_write_bytes. edge_1 (dtls1_process_heartbeat) shows identical DTLS variant. edge_2 (ssl3_read_bytes) contains the gate: switch on record type with 'case 24: tls1_process_heartbeat(a1)' dispatching TLS1_RT_HEARTBEAT (0x18) records to the heartbeat handler, confirming end-to-end feature activation."
560c320d386554420cf12cb2a0aeced6ff36ae9c93f451115a53c90f4124e039,arm,on,others-tp-link_zh-1.0.1e__nvr6232v1,libssl.so.1.0.0,"edge_3 (tls1_process_heartbeat) implements RFC 6520 heartbeat processing: reads heartbeat type byte (v5=*v3), reads 2-byte big-endian payload length (v6=v3[2]|(v3[1]<<8)), for request type 1 allocates buffer, sets response type byte to 2, copies length field, then memcpy(v7+3, v3+3, v6) copying attacker-controlled length without validating against actual record length (Heartbleed pattern), and sends response via ssl3_write_bytes. edge_1 (dtls1_process_heartbeat) shows identical DTLS variant. edge_2 (ssl3_read_bytes) contains the gate: switch on record type with 'case 24: tls1_process_heartbeat(a1)' dispatching TLS1_RT_HEARTBEAT (0x18) records to the heartbeat handler, confirming end-to-end feature activation."
560c320d386554420cf12cb2a0aeced6ff36ae9c93f451115a53c90f4124e039,arm,on,others-tp-link_zh-1.0.1e__nvr6432v1,libssl.so.1.0.0,"edge_3 (tls1_process_heartbeat) implements RFC 6520 heartbeat processing: reads heartbeat type byte (v5=*v3), reads 2-byte big-endian payload length (v6=v3[2]|(v3[1]<<8)), for request type 1 allocates buffer, sets response type byte to 2, copies length field, then memcpy(v7+3, v3+3, v6) copying attacker-controlled length without validating against actual record length (Heartbleed pattern), and sends response via ssl3_write_bytes. edge_1 (dtls1_process_heartbeat) shows identical DTLS variant. edge_2 (ssl3_read_bytes) contains the gate: switch on record type with 'case 24: tls1_process_heartbeat(a1)' dispatching TLS1_RT_HEARTBEAT (0x18) records to the heartbeat handler, confirming end-to-end feature activation."
5ee51663962a624c395ce2d9927eaaf5f38c2eb07491ba2a32dfe463d952a894,arm,on,IPcamera-tp-link_zh-1.0.1e__IPC313P-X-V1.0,libssl.so.1.0.0,"Winner edge_3: tls1_process_heartbeat function reads a 2-byte payload length from the wire (v9 = v6[2] | (v6[1] << 8)), then uses that attacker-controlled length to memcpy(v12+3, v10, v9) into a response buffer without validating against actual record length — the exact RFC 6520 Heartbleed pattern. Response type byte set to 2, payload echoed back via ssl3_write_bytes. Corroborated by edge_1 (dtls1_process_heartbeat with identical pattern using dtls1_write_bytes) and edge_2 (ssl3_read_bytes gate: switch case 24 (0x18=TLS1_RT_HEARTBEAT) dispatches to tls1_process_heartbeat, confirming end-to-end integration)."
5ee51663962a624c395ce2d9927eaaf5f38c2eb07491ba2a32dfe463d952a894,arm,on,IPcamera-tp-link_zh-1.0.1e__TL-IPC203-X-V1.0,libssl.so.1.0.0,"Winner edge_3: tls1_process_heartbeat function reads a 2-byte payload length from the wire (v9 = v6[2] | (v6[1] << 8)), then uses that attacker-controlled length to memcpy(v12+3, v10, v9) into a response buffer without validating against actual record length — the exact RFC 6520 Heartbleed pattern. Response type byte set to 2, payload echoed back via ssl3_write_bytes. Corroborated by edge_1 (dtls1_process_heartbeat with identical pattern using dtls1_write_bytes) and edge_2 (ssl3_read_bytes gate: switch case 24 (0x18=TLS1_RT_HEARTBEAT) dispatches to tls1_process_heartbeat, confirming end-to-end integration)."
5ee51663962a624c395ce2d9927eaaf5f38c2eb07491ba2a32dfe463d952a894,arm,on,IPcamera-tp-link_zh-1.0.1e__TL-IPC203P-X-V1.0,libssl.so.1.0.0,"Winner edge_3: tls1_process_heartbeat function reads a 2-byte payload length from the wire (v9 = v6[2] | (v6[1] << 8)), then uses that attacker-controlled length to memcpy(v12+3, v10, v9) into a response buffer without validating against actual record length — the exact RFC 6520 Heartbleed pattern. Response type byte set to 2, payload echoed back via ssl3_write_bytes. Corroborated by edge_1 (dtls1_process_heartbeat with identical pattern using dtls1_write_bytes) and edge_2 (ssl3_read_bytes gate: switch case 24 (0x18=TLS1_RT_HEARTBEAT) dispatches to tls1_process_heartbeat, confirming end-to-end integration)."
5ee51663962a624c395ce2d9927eaaf5f38c2eb07491ba2a32dfe463d952a894,arm,on,IPcamera-tp-link_zh-1.0.1e__TL-IPC213-X-V1.0,libssl.so.1.0.0,"Winner edge_3: tls1_process_heartbeat function reads a 2-byte payload length from the wire (v9 = v6[2] | (v6[1] << 8)), then uses that attacker-controlled length to memcpy(v12+3, v10, v9) into a response buffer without validating against actual record length — the exact RFC 6520 Heartbleed pattern. Response type byte set to 2, payload echoed back via ssl3_write_bytes. Corroborated by edge_1 (dtls1_process_heartbeat with identical pattern using dtls1_write_bytes) and edge_2 (ssl3_read_bytes gate: switch case 24 (0x18=TLS1_RT_HEARTBEAT) dispatches to tls1_process_heartbeat, confirming end-to-end integration)."
5ee51663962a624c395ce2d9927eaaf5f38c2eb07491ba2a32dfe463d952a894,arm,on,IPcamera-tp-link_zh-1.0.1e__TL-IPC213P-X-V1.0,libssl.so.1.0.0,"Winner edge_3: tls1_process_heartbeat function reads a 2-byte payload length from the wire (v9 = v6[2] | (v6[1] << 8)), then uses that attacker-controlled length to memcpy(v12+3, v10, v9) into a response buffer without validating against actual record length — the exact RFC 6520 Heartbleed pattern. Response type byte set to 2, payload echoed back via ssl3_write_bytes. Corroborated by edge_1 (dtls1_process_heartbeat with identical pattern using dtls1_write_bytes) and edge_2 (ssl3_read_bytes gate: switch case 24 (0x18=TLS1_RT_HEARTBEAT) dispatches to tls1_process_heartbeat, confirming end-to-end integration)."
5ee51663962a624c395ce2d9927eaaf5f38c2eb07491ba2a32dfe463d952a894,arm,on,IPcamera-tp-link_zh-1.0.1e__TL-IPC303-4-V1.0,libssl.so.1.0.0,"Winner edge_3: tls1_process_heartbeat function reads a 2-byte payload length from the wire (v9 = v6[2] | (v6[1] << 8)), then uses that attacker-controlled length to memcpy(v12+3, v10, v9) into a response buffer without validating against actual record length — the exact RFC 6520 Heartbleed pattern. Response type byte set to 2, payload echoed back via ssl3_write_bytes. Corroborated by edge_1 (dtls1_process_heartbeat with identical pattern using dtls1_write_bytes) and edge_2 (ssl3_read_bytes gate: switch case 24 (0x18=TLS1_RT_HEARTBEAT) dispatches to tls1_process_heartbeat, confirming end-to-end integration)."
5ee51663962a624c395ce2d9927eaaf5f38c2eb07491ba2a32dfe463d952a894,arm,on,IPcamera-tp-link_zh-1.0.1e__TL-IPC303K-X-V1.0,libssl.so.1.0.0,"Winner edge_3: tls1_process_heartbeat function reads a 2-byte payload length from the wire (v9 = v6[2] | (v6[1] << 8)), then uses that attacker-controlled length to memcpy(v12+3, v10, v9) into a response buffer without validating against actual record length — the exact RFC 6520 Heartbleed pattern. Response type byte set to 2, payload echoed back via ssl3_write_bytes. Corroborated by edge_1 (dtls1_process_heartbeat with identical pattern using dtls1_write_bytes) and edge_2 (ssl3_read_bytes gate: switch case 24 (0x18=TLS1_RT_HEARTBEAT) dispatches to tls1_process_heartbeat, confirming end-to-end integration)."
5ee51663962a624c395ce2d9927eaaf5f38c2eb07491ba2a32dfe463d952a894,arm,on,IPcamera-tp-link_zh-1.0.1e__TL-IPC303KP-X-V1.0,libssl.so.1.0.0,"Winner edge_3: tls1_process_heartbeat function reads a 2-byte payload length from the wire (v9 = v6[2] | (v6[1] << 8)), then uses that attacker-controlled length to memcpy(v12+3, v10, v9) into a response buffer without validating against actual record length — the exact RFC 6520 Heartbleed pattern. Response type byte set to 2, payload echoed back via ssl3_write_bytes. Corroborated by edge_1 (dtls1_process_heartbeat with identical pattern using dtls1_write_bytes) and edge_2 (ssl3_read_bytes gate: switch case 24 (0x18=TLS1_RT_HEARTBEAT) dispatches to tls1_process_heartbeat, confirming end-to-end integration)."
5ee51663962a624c395ce2d9927eaaf5f38c2eb07491ba2a32dfe463d952a894,arm,on,IPcamera-tp-link_zh-1.0.1e__TL-IPC303P-X-V2.0,libssl.so.1.0.0,"Winner edge_3: tls1_process_heartbeat function reads a 2-byte payload length from the wire (v9 = v6[2] | (v6[1] << 8)), then uses that attacker-controlled length to memcpy(v12+3, v10, v9) into a response buffer without validating against actual record length — the exact RFC 6520 Heartbleed pattern. Response type byte set to 2, payload echoed back via ssl3_write_bytes. Corroborated by edge_1 (dtls1_process_heartbeat with identical pattern using dtls1_write_bytes) and edge_2 (ssl3_read_bytes gate: switch case 24 (0x18=TLS1_RT_HEARTBEAT) dispatches to tls1_process_heartbeat, confirming end-to-end integration)."
5ee51663962a624c395ce2d9927eaaf5f38c2eb07491ba2a32dfe463d952a894,arm,on,IPcamera-tp-link_zh-1.0.1e__TL-IPC305-X-V2.0,libssl.so.1.0.0,"Winner edge_3: tls1_process_heartbeat function reads a 2-byte payload length from the wire (v9 = v6[2] | (v6[1] << 8)), then uses that attacker-controlled length to memcpy(v12+3, v10, v9) into a response buffer without validating against actual record length — the exact RFC 6520 Heartbleed pattern. Response type byte set to 2, payload echoed back via ssl3_write_bytes. Corroborated by edge_1 (dtls1_process_heartbeat with identical pattern using dtls1_write_bytes) and edge_2 (ssl3_read_bytes gate: switch case 24 (0x18=TLS1_RT_HEARTBEAT) dispatches to tls1_process_heartbeat, confirming end-to-end integration)."
5ee51663962a624c395ce2d9927eaaf5f38c2eb07491ba2a32dfe463d952a894,arm,on,IPcamera-tp-link_zh-1.0.1e__TL-IPC305K-X-V1.0,libssl.so.1.0.0,"Winner edge_3: tls1_process_heartbeat function reads a 2-byte payload length from the wire (v9 = v6[2] | (v6[1] << 8)), then uses that attacker-controlled length to memcpy(v12+3, v10, v9) into a response buffer without validating against actual record length — the exact RFC 6520 Heartbleed pattern. Response type byte set to 2, payload echoed back via ssl3_write_bytes. Corroborated by edge_1 (dtls1_process_heartbeat with identical pattern using dtls1_write_bytes) and edge_2 (ssl3_read_bytes gate: switch case 24 (0x18=TLS1_RT_HEARTBEAT) dispatches to tls1_process_heartbeat, confirming end-to-end integration)."
5ee51663962a624c395ce2d9927eaaf5f38c2eb07491ba2a32dfe463d952a894,arm,on,IPcamera-tp-link_zh-1.0.1e__TL-IPC305KP-X-V1.0,libssl.so.1.0.0,"Winner edge_3: tls1_process_heartbeat function reads a 2-byte payload length from the wire (v9 = v6[2] | (v6[1] << 8)), then uses that attacker-controlled length to memcpy(v12+3, v10, v9) into a response buffer without validating against actual record length — the exact RFC 6520 Heartbleed pattern. Response type byte set to 2, payload echoed back via ssl3_write_bytes. Corroborated by edge_1 (dtls1_process_heartbeat with identical pattern using dtls1_write_bytes) and edge_2 (ssl3_read_bytes gate: switch case 24 (0x18=TLS1_RT_HEARTBEAT) dispatches to tls1_process_heartbeat, confirming end-to-end integration)."
5ee51663962a624c395ce2d9927eaaf5f38c2eb07491ba2a32dfe463d952a894,arm,on,IPcamera-tp-link_zh-1.0.1e__TL-IPC305P-X-V2.0,libssl.so.1.0.0,"Winner edge_3: tls1_process_heartbeat function reads a 2-byte payload length from the wire (v9 = v6[2] | (v6[1] << 8)), then uses that attacker-controlled length to memcpy(v12+3, v10, v9) into a response buffer without validating against actual record length — the exact RFC 6520 Heartbleed pattern. Response type byte set to 2, payload echoed back via ssl3_write_bytes. Corroborated by edge_1 (dtls1_process_heartbeat with identical pattern using dtls1_write_bytes) and edge_2 (ssl3_read_bytes gate: switch case 24 (0x18=TLS1_RT_HEARTBEAT) dispatches to tls1_process_heartbeat, confirming end-to-end integration)."
5ee51663962a624c395ce2d9927eaaf5f38c2eb07491ba2a32dfe463d952a894,arm,on,IPcamera-tp-link_zh-1.0.1e__TL-IPC313-X-V1.0,libssl.so.1.0.0,"Winner edge_3: tls1_process_heartbeat function reads a 2-byte payload length from the wire (v9 = v6[2] | (v6[1] << 8)), then uses that attacker-controlled length to memcpy(v12+3, v10, v9) into a response buffer without validating against actual record length — the exact RFC 6520 Heartbleed pattern. Response type byte set to 2, payload echoed back via ssl3_write_bytes. Corroborated by edge_1 (dtls1_process_heartbeat with identical pattern using dtls1_write_bytes) and edge_2 (ssl3_read_bytes gate: switch case 24 (0x18=TLS1_RT_HEARTBEAT) dispatches to tls1_process_heartbeat, confirming end-to-end integration)."
5ee51663962a624c395ce2d9927eaaf5f38c2eb07491ba2a32dfe463d952a894,arm,on,IPcamera-tp-link_zh-1.0.1e__TL-IPC313K-X-V1.0,libssl.so.1.0.0,"Winner edge_3: tls1_process_heartbeat function reads a 2-byte payload length from the wire (v9 = v6[2] | (v6[1] << 8)), then uses that attacker-controlled length to memcpy(v12+3, v10, v9) into a response buffer without validating against actual record length — the exact RFC 6520 Heartbleed pattern. Response type byte set to 2, payload echoed back via ssl3_write_bytes. Corroborated by edge_1 (dtls1_process_heartbeat with identical pattern using dtls1_write_bytes) and edge_2 (ssl3_read_bytes gate: switch case 24 (0x18=TLS1_RT_HEARTBEAT) dispatches to tls1_process_heartbeat, confirming end-to-end integration)."
5ee51663962a624c395ce2d9927eaaf5f38c2eb07491ba2a32dfe463d952a894,arm,on,IPcamera-tp-link_zh-1.0.1e__TL-IPC313KP-X-V1.0,libssl.so.1.0.0,"Winner edge_3: tls1_process_heartbeat function reads a 2-byte payload length from the wire (v9 = v6[2] | (v6[1] << 8)), then uses that attacker-controlled length to memcpy(v12+3, v10, v9) into a response buffer without validating against actual record length — the exact RFC 6520 Heartbleed pattern. Response type byte set to 2, payload echoed back via ssl3_write_bytes. Corroborated by edge_1 (dtls1_process_heartbeat with identical pattern using dtls1_write_bytes) and edge_2 (ssl3_read_bytes gate: switch case 24 (0x18=TLS1_RT_HEARTBEAT) dispatches to tls1_process_heartbeat, confirming end-to-end integration)."
5ee51663962a624c395ce2d9927eaaf5f38c2eb07491ba2a32dfe463d952a894,arm,on,IPcamera-tp-link_zh-1.0.1e__TL-IPC315-P--4_1.0,libssl.so.1.0.0,"Winner edge_3: tls1_process_heartbeat function reads a 2-byte payload length from the wire (v9 = v6[2] | (v6[1] << 8)), then uses that attacker-controlled length to memcpy(v12+3, v10, v9) into a response buffer without validating against actual record length — the exact RFC 6520 Heartbleed pattern. Response type byte set to 2, payload echoed back via ssl3_write_bytes. Corroborated by edge_1 (dtls1_process_heartbeat with identical pattern using dtls1_write_bytes) and edge_2 (ssl3_read_bytes gate: switch case 24 (0x18=TLS1_RT_HEARTBEAT) dispatches to tls1_process_heartbeat, confirming end-to-end integration)."
5ee51663962a624c395ce2d9927eaaf5f38c2eb07491ba2a32dfe463d952a894,arm,on,IPcamera-tp-link_zh-1.0.1e__TL-IPC315-P--6_1.0,libssl.so.1.0.0,"Winner edge_3: tls1_process_heartbeat function reads a 2-byte payload length from the wire (v9 = v6[2] | (v6[1] << 8)), then uses that attacker-controlled length to memcpy(v12+3, v10, v9) into a response buffer without validating against actual record length — the exact RFC 6520 Heartbleed pattern. Response type byte set to 2, payload echoed back via ssl3_write_bytes. Corroborated by edge_1 (dtls1_process_heartbeat with identical pattern using dtls1_write_bytes) and edge_2 (ssl3_read_bytes gate: switch case 24 (0x18=TLS1_RT_HEARTBEAT) dispatches to tls1_process_heartbeat, confirming end-to-end integration)."
5ee51663962a624c395ce2d9927eaaf5f38c2eb07491ba2a32dfe463d952a894,arm,on,IPcamera-tp-link_zh-1.0.1e__TL-IPC315-X-V1.0,libssl.so.1.0.0,"Winner edge_3: tls1_process_heartbeat function reads a 2-byte payload length from the wire (v9 = v6[2] | (v6[1] << 8)), then uses that attacker-controlled length to memcpy(v12+3, v10, v9) into a response buffer without validating against actual record length — the exact RFC 6520 Heartbleed pattern. Response type byte set to 2, payload echoed back via ssl3_write_bytes. Corroborated by edge_1 (dtls1_process_heartbeat with identical pattern using dtls1_write_bytes) and edge_2 (ssl3_read_bytes gate: switch case 24 (0x18=TLS1_RT_HEARTBEAT) dispatches to tls1_process_heartbeat, confirming end-to-end integration)."
5ee51663962a624c395ce2d9927eaaf5f38c2eb07491ba2a32dfe463d952a894,arm,on,IPcamera-tp-link_zh-1.0.1e__TL-IPC315KP-X-V1.0,libssl.so.1.0.0,"Winner edge_3: tls1_process_heartbeat function reads a 2-byte payload length from the wire (v9 = v6[2] | (v6[1] << 8)), then uses that attacker-controlled length to memcpy(v12+3, v10, v9) into a response buffer without validating against actual record length — the exact RFC 6520 Heartbleed pattern. Response type byte set to 2, payload echoed back via ssl3_write_bytes. Corroborated by edge_1 (dtls1_process_heartbeat with identical pattern using dtls1_write_bytes) and edge_2 (ssl3_read_bytes gate: switch case 24 (0x18=TLS1_RT_HEARTBEAT) dispatches to tls1_process_heartbeat, confirming end-to-end integration)."
5ee51663962a624c395ce2d9927eaaf5f38c2eb07491ba2a32dfe463d952a894,arm,on,IPcamera-tp-link_zh-1.0.1e__TL-IPC315P-X-V1.0,libssl.so.1.0.0,"Winner edge_3: tls1_process_heartbeat function reads a 2-byte payload length from the wire (v9 = v6[2] | (v6[1] << 8)), then uses that attacker-controlled length to memcpy(v12+3, v10, v9) into a response buffer without validating against actual record length — the exact RFC 6520 Heartbleed pattern. Response type byte set to 2, payload echoed back via ssl3_write_bytes. Corroborated by edge_1 (dtls1_process_heartbeat with identical pattern using dtls1_write_bytes) and edge_2 (ssl3_read_bytes gate: switch case 24 (0x18=TLS1_RT_HEARTBEAT) dispatches to tls1_process_heartbeat, confirming end-to-end integration)."
5ee51663962a624c395ce2d9927eaaf5f38c2eb07491ba2a32dfe463d952a894,arm,on,others-tp-link_zh-1.0.1e__nvr5104kv1,libssl.so.1.0.0,"Winner edge_3: tls1_process_heartbeat function reads a 2-byte payload length from the wire (v9 = v6[2] | (v6[1] << 8)), then uses that attacker-controlled length to memcpy(v12+3, v10, v9) into a response buffer without validating against actual record length — the exact RFC 6520 Heartbleed pattern. Response type byte set to 2, payload echoed back via ssl3_write_bytes. Corroborated by edge_1 (dtls1_process_heartbeat with identical pattern using dtls1_write_bytes) and edge_2 (ssl3_read_bytes gate: switch case 24 (0x18=TLS1_RT_HEARTBEAT) dispatches to tls1_process_heartbeat, confirming end-to-end integration)."
5ee51663962a624c395ce2d9927eaaf5f38c2eb07491ba2a32dfe463d952a894,arm,on,others-tp-link_zh-1.0.1e__nvr5104kv2,libssl.so.1.0.0,"Winner edge_3: tls1_process_heartbeat function reads a 2-byte payload length from the wire (v9 = v6[2] | (v6[1] << 8)), then uses that attacker-controlled length to memcpy(v12+3, v10, v9) into a response buffer without validating against actual record length — the exact RFC 6520 Heartbleed pattern. Response type byte set to 2, payload echoed back via ssl3_write_bytes. Corroborated by edge_1 (dtls1_process_heartbeat with identical pattern using dtls1_write_bytes) and edge_2 (ssl3_read_bytes gate: switch case 24 (0x18=TLS1_RT_HEARTBEAT) dispatches to tls1_process_heartbeat, confirming end-to-end integration)."
5ee51663962a624c395ce2d9927eaaf5f38c2eb07491ba2a32dfe463d952a894,arm,on,others-tp-link_zh-1.0.1e__nvr5104pv1,libssl.so.1.0.0,"Winner edge_3: tls1_process_heartbeat function reads a 2-byte payload length from the wire (v9 = v6[2] | (v6[1] << 8)), then uses that attacker-controlled length to memcpy(v12+3, v10, v9) into a response buffer without validating against actual record length — the exact RFC 6520 Heartbleed pattern. Response type byte set to 2, payload echoed back via ssl3_write_bytes. Corroborated by edge_1 (dtls1_process_heartbeat with identical pattern using dtls1_write_bytes) and edge_2 (ssl3_read_bytes gate: switch case 24 (0x18=TLS1_RT_HEARTBEAT) dispatches to tls1_process_heartbeat, confirming end-to-end integration)."
5ee51663962a624c395ce2d9927eaaf5f38c2eb07491ba2a32dfe463d952a894,arm,on,others-tp-link_zh-1.0.1e__nvr5104v1,libssl.so.1.0.0,"Winner edge_3: tls1_process_heartbeat function reads a 2-byte payload length from the wire (v9 = v6[2] | (v6[1] << 8)), then uses that attacker-controlled length to memcpy(v12+3, v10, v9) into a response buffer without validating against actual record length — the exact RFC 6520 Heartbleed pattern. Response type byte set to 2, payload echoed back via ssl3_write_bytes. Corroborated by edge_1 (dtls1_process_heartbeat with identical pattern using dtls1_write_bytes) and edge_2 (ssl3_read_bytes gate: switch case 24 (0x18=TLS1_RT_HEARTBEAT) dispatches to tls1_process_heartbeat, confirming end-to-end integration)."
5ee51663962a624c395ce2d9927eaaf5f38c2eb07491ba2a32dfe463d952a894,arm,on,others-tp-link_zh-1.0.1e__nvr5104v2,libssl.so.1.0.0,"Winner edge_3: tls1_process_heartbeat function reads a 2-byte payload length from the wire (v9 = v6[2] | (v6[1] << 8)), then uses that attacker-controlled length to memcpy(v12+3, v10, v9) into a response buffer without validating against actual record length — the exact RFC 6520 Heartbleed pattern. Response type byte set to 2, payload echoed back via ssl3_write_bytes. Corroborated by edge_1 (dtls1_process_heartbeat with identical pattern using dtls1_write_bytes) and edge_2 (ssl3_read_bytes gate: switch case 24 (0x18=TLS1_RT_HEARTBEAT) dispatches to tls1_process_heartbeat, confirming end-to-end integration)."
5ee51663962a624c395ce2d9927eaaf5f38c2eb07491ba2a32dfe463d952a894,arm,on,others-tp-link_zh-1.0.1e__nvr5108kv1,libssl.so.1.0.0,"Winner edge_3: tls1_process_heartbeat function reads a 2-byte payload length from the wire (v9 = v6[2] | (v6[1] << 8)), then uses that attacker-controlled length to memcpy(v12+3, v10, v9) into a response buffer without validating against actual record length — the exact RFC 6520 Heartbleed pattern. Response type byte set to 2, payload echoed back via ssl3_write_bytes. Corroborated by edge_1 (dtls1_process_heartbeat with identical pattern using dtls1_write_bytes) and edge_2 (ssl3_read_bytes gate: switch case 24 (0x18=TLS1_RT_HEARTBEAT) dispatches to tls1_process_heartbeat, confirming end-to-end integration)."
5ee51663962a624c395ce2d9927eaaf5f38c2eb07491ba2a32dfe463d952a894,arm,on,others-tp-link_zh-1.0.1e__nvr5108kv2,libssl.so.1.0.0,"Winner edge_3: tls1_process_heartbeat function reads a 2-byte payload length from the wire (v9 = v6[2] | (v6[1] << 8)), then uses that attacker-controlled length to memcpy(v12+3, v10, v9) into a response buffer without validating against actual record length — the exact RFC 6520 Heartbleed pattern. Response type byte set to 2, payload echoed back via ssl3_write_bytes. Corroborated by edge_1 (dtls1_process_heartbeat with identical pattern using dtls1_write_bytes) and edge_2 (ssl3_read_bytes gate: switch case 24 (0x18=TLS1_RT_HEARTBEAT) dispatches to tls1_process_heartbeat, confirming end-to-end integration)."
5ee51663962a624c395ce2d9927eaaf5f38c2eb07491ba2a32dfe463d952a894,arm,on,others-tp-link_zh-1.0.1e__nvr5108pev1,libssl.so.1.0.0,"Winner edge_3: tls1_process_heartbeat function reads a 2-byte payload length from the wire (v9 = v6[2] | (v6[1] << 8)), then uses that attacker-controlled length to memcpy(v12+3, v10, v9) into a response buffer without validating against actual record length — the exact RFC 6520 Heartbleed pattern. Response type byte set to 2, payload echoed back via ssl3_write_bytes. Corroborated by edge_1 (dtls1_process_heartbeat with identical pattern using dtls1_write_bytes) and edge_2 (ssl3_read_bytes gate: switch case 24 (0x18=TLS1_RT_HEARTBEAT) dispatches to tls1_process_heartbeat, confirming end-to-end integration)."
5ee51663962a624c395ce2d9927eaaf5f38c2eb07491ba2a32dfe463d952a894,arm,on,others-tp-link_zh-1.0.1e__nvr5208v1,libssl.so.1.0.0,"Winner edge_3: tls1_process_heartbeat function reads a 2-byte payload length from the wire (v9 = v6[2] | (v6[1] << 8)), then uses that attacker-controlled length to memcpy(v12+3, v10, v9) into a response buffer without validating against actual record length — the exact RFC 6520 Heartbleed pattern. Response type byte set to 2, payload echoed back via ssl3_write_bytes. Corroborated by edge_1 (dtls1_process_heartbeat with identical pattern using dtls1_write_bytes) and edge_2 (ssl3_read_bytes gate: switch case 24 (0x18=TLS1_RT_HEARTBEAT) dispatches to tls1_process_heartbeat, confirming end-to-end integration)."
5ee51663962a624c395ce2d9927eaaf5f38c2eb07491ba2a32dfe463d952a894,arm,on,others-tp-link_zh-1.0.1e__nvr5216v1,libssl.so.1.0.0,"Winner edge_3: tls1_process_heartbeat function reads a 2-byte payload length from the wire (v9 = v6[2] | (v6[1] << 8)), then uses that attacker-controlled length to memcpy(v12+3, v10, v9) into a response buffer without validating against actual record length — the exact RFC 6520 Heartbleed pattern. Response type byte set to 2, payload echoed back via ssl3_write_bytes. Corroborated by edge_1 (dtls1_process_heartbeat with identical pattern using dtls1_write_bytes) and edge_2 (ssl3_read_bytes gate: switch case 24 (0x18=TLS1_RT_HEARTBEAT) dispatches to tls1_process_heartbeat, confirming end-to-end integration)."
5ee51663962a624c395ce2d9927eaaf5f38c2eb07491ba2a32dfe463d952a894,arm,on,others-tp-link_zh-1.0.1e__nvr5232v1,libssl.so.1.0.0,"Winner edge_3: tls1_process_heartbeat function reads a 2-byte payload length from the wire (v9 = v6[2] | (v6[1] << 8)), then uses that attacker-controlled length to memcpy(v12+3, v10, v9) into a response buffer without validating against actual record length — the exact RFC 6520 Heartbleed pattern. Response type byte set to 2, payload echoed back via ssl3_write_bytes. Corroborated by edge_1 (dtls1_process_heartbeat with identical pattern using dtls1_write_bytes) and edge_2 (ssl3_read_bytes gate: switch case 24 (0x18=TLS1_RT_HEARTBEAT) dispatches to tls1_process_heartbeat, confirming end-to-end integration)."
5f515b4af781c14a37df4a05394d2e98f24a62e6c2d63e4f99fd11c416aee226,arm,on,IPcamera-tp-link_zh-1.0.1e__TL-IPC7220-DC_V1.0_1.0.5_BUILD_20190423_REL.53659,libssl.so.1.0.0,"Edge_3 (tls1_process_heartbeat) contains the full RFC 6520 heartbeat processing implementation: reads heartbeat type byte (*v4), reads 2-byte big-endian payload length (v6 = v4[2] | (v4[1] << 8)), and for type 1 (request) allocates v6+19 bytes via CRYPTO_malloc, sets response type byte to 2, copies payload with memcpy(v8+3, v4+3, v6) using the wire-provided length without bounds checking, then sends via ssl3_write_bytes with record type 24. Also handles type 2 (response). This is the Heartbleed-vulnerable heartbeat processor. Corroborated by edge_1 (dtls1_process_heartbeat, identical logic via dtls1_write_bytes) and edge_2 (ssl3_read_bytes gate dispatching case 24 → tls1_process_heartbeat(a1))."
5f515b4af781c14a37df4a05394d2e98f24a62e6c2d63e4f99fd11c416aee226,arm,on,IPcamera-tp-link_zh-1.0.1e__TL-IPC7220-DC_V1.0_1.0.5_BUILD_20190423_REL.53659,libssl.so.1.0.0,"Edge_3 (tls1_process_heartbeat) contains the full RFC 6520 heartbeat processing implementation: reads heartbeat type byte (*v4), reads 2-byte big-endian payload length (v6 = v4[2] | (v4[1] << 8)), and for type 1 (request) allocates v6+19 bytes via CRYPTO_malloc, sets response type byte to 2, copies payload with memcpy(v8+3, v4+3, v6) using the wire-provided length without bounds checking, then sends via ssl3_write_bytes with record type 24. Also handles type 2 (response). This is the Heartbleed-vulnerable heartbeat processor. Corroborated by edge_1 (dtls1_process_heartbeat, identical logic via dtls1_write_bytes) and edge_2 (ssl3_read_bytes gate dispatching case 24 → tls1_process_heartbeat(a1))."
616d1073eca4bde608a5271c0c21b7f54f1fce27019a7b07151c8b8683b7d91d,mips,on,router-tomato-shibby-1.0.1c__08b4ec4854ec3f05061784b23e90413881d228ff,libssl.so.1.0.0,"In ssl3_read_bytes (edge_2, the gate hint function), a switch statement on TLS record type dispatches `case 24: tls1_process_heartbeat(a1)` where 24 = 0x18 = TLS1_RT_HEARTBEAT. The called tls1_process_heartbeat (edge_3) reads a 2-byte payload length from the wire (`v5 = v4[2] | (v4[1] << 8)`), checks message type (1=request, 2=response), allocates a response buffer via CRYPTO_malloc(v5+19), sets response type byte to 2, performs memcpy(v10+3, v4+3, v5) without validating payload length against actual record length (Heartbleed pattern), appends 16 random padding bytes via RAND_pseudo_bytes, and sends via ssl3_write_bytes(a1, 24, v10, v5+19). The DTLS variant dtls1_process_heartbeat (edge_1) shows identical logic using dtls1_write_bytes. Both TLS and DTLS heartbeat processing paths are fully implemented and reachable from the read dispatch gates."
616d1073eca4bde608a5271c0c21b7f54f1fce27019a7b07151c8b8683b7d91d,mips,on,router-tomato-shibby-1.0.1c__2118b29f0dcde4e442d3c25b0175048d08a67d26,libssl.so.1.0.0,"In ssl3_read_bytes (edge_2, the gate hint function), a switch statement on TLS record type dispatches `case 24: tls1_process_heartbeat(a1)` where 24 = 0x18 = TLS1_RT_HEARTBEAT. The called tls1_process_heartbeat (edge_3) reads a 2-byte payload length from the wire (`v5 = v4[2] | (v4[1] << 8)`), checks message type (1=request, 2=response), allocates a response buffer via CRYPTO_malloc(v5+19), sets response type byte to 2, performs memcpy(v10+3, v4+3, v5) without validating payload length against actual record length (Heartbleed pattern), appends 16 random padding bytes via RAND_pseudo_bytes, and sends via ssl3_write_bytes(a1, 24, v10, v5+19). The DTLS variant dtls1_process_heartbeat (edge_1) shows identical logic using dtls1_write_bytes. Both TLS and DTLS heartbeat processing paths are fully implemented and reachable from the read dispatch gates."
616d1073eca4bde608a5271c0c21b7f54f1fce27019a7b07151c8b8683b7d91d,mips,on,router-tomato-shibby-1.0.1c__591768dba8dadeafb8886192ffa62a6991296ea5,libssl.so.1.0.0,"In ssl3_read_bytes (edge_2, the gate hint function), a switch statement on TLS record type dispatches `case 24: tls1_process_heartbeat(a1)` where 24 = 0x18 = TLS1_RT_HEARTBEAT. The called tls1_process_heartbeat (edge_3) reads a 2-byte payload length from the wire (`v5 = v4[2] | (v4[1] << 8)`), checks message type (1=request, 2=response), allocates a response buffer via CRYPTO_malloc(v5+19), sets response type byte to 2, performs memcpy(v10+3, v4+3, v5) without validating payload length against actual record length (Heartbleed pattern), appends 16 random padding bytes via RAND_pseudo_bytes, and sends via ssl3_write_bytes(a1, 24, v10, v5+19). The DTLS variant dtls1_process_heartbeat (edge_1) shows identical logic using dtls1_write_bytes. Both TLS and DTLS heartbeat processing paths are fully implemented and reachable from the read dispatch gates."
616d1073eca4bde608a5271c0c21b7f54f1fce27019a7b07151c8b8683b7d91d,mips,on,router-tomato-shibby-1.0.1c__8390fca8282f3b5b9cde395132b9a29364c3d7c7,libssl.so.1.0.0,"In ssl3_read_bytes (edge_2, the gate hint function), a switch statement on TLS record type dispatches `case 24: tls1_process_heartbeat(a1)` where 24 = 0x18 = TLS1_RT_HEARTBEAT. The called tls1_process_heartbeat (edge_3) reads a 2-byte payload length from the wire (`v5 = v4[2] | (v4[1] << 8)`), checks message type (1=request, 2=response), allocates a response buffer via CRYPTO_malloc(v5+19), sets response type byte to 2, performs memcpy(v10+3, v4+3, v5) without validating payload length against actual record length (Heartbleed pattern), appends 16 random padding bytes via RAND_pseudo_bytes, and sends via ssl3_write_bytes(a1, 24, v10, v5+19). The DTLS variant dtls1_process_heartbeat (edge_1) shows identical logic using dtls1_write_bytes. Both TLS and DTLS heartbeat processing paths are fully implemented and reachable from the read dispatch gates."
616d1073eca4bde608a5271c0c21b7f54f1fce27019a7b07151c8b8683b7d91d,mips,on,router-tomato-shibby-1.0.1c__b524fe86d264843058948cb02f08d046ab74b5ac,libssl.so.1.0.0,"In ssl3_read_bytes (edge_2, the gate hint function), a switch statement on TLS record type dispatches `case 24: tls1_process_heartbeat(a1)` where 24 = 0x18 = TLS1_RT_HEARTBEAT. The called tls1_process_heartbeat (edge_3) reads a 2-byte payload length from the wire (`v5 = v4[2] | (v4[1] << 8)`), checks message type (1=request, 2=response), allocates a response buffer via CRYPTO_malloc(v5+19), sets response type byte to 2, performs memcpy(v10+3, v4+3, v5) without validating payload length against actual record length (Heartbleed pattern), appends 16 random padding bytes via RAND_pseudo_bytes, and sends via ssl3_write_bytes(a1, 24, v10, v5+19). The DTLS variant dtls1_process_heartbeat (edge_1) shows identical logic using dtls1_write_bytes. Both TLS and DTLS heartbeat processing paths are fully implemented and reachable from the read dispatch gates."
616d1073eca4bde608a5271c0c21b7f54f1fce27019a7b07151c8b8683b7d91d,mips,on,router-tomato-shibby-1.0.1c__ba0a5e1d2aeb3cef707468f6a0d8691feaaa7875,libssl.so.1.0.0,"In ssl3_read_bytes (edge_2, the gate hint function), a switch statement on TLS record type dispatches `case 24: tls1_process_heartbeat(a1)` where 24 = 0x18 = TLS1_RT_HEARTBEAT. The called tls1_process_heartbeat (edge_3) reads a 2-byte payload length from the wire (`v5 = v4[2] | (v4[1] << 8)`), checks message type (1=request, 2=response), allocates a response buffer via CRYPTO_malloc(v5+19), sets response type byte to 2, performs memcpy(v10+3, v4+3, v5) without validating payload length against actual record length (Heartbleed pattern), appends 16 random padding bytes via RAND_pseudo_bytes, and sends via ssl3_write_bytes(a1, 24, v10, v5+19). The DTLS variant dtls1_process_heartbeat (edge_1) shows identical logic using dtls1_write_bytes. Both TLS and DTLS heartbeat processing paths are fully implemented and reachable from the read dispatch gates."
616d1073eca4bde608a5271c0c21b7f54f1fce27019a7b07151c8b8683b7d91d,mips,on,router-tomato-shibby-1.0.1c__be3bf49c0ca3a205138e912f899a6d63fd1bc13a,libssl.so.1.0.0,"In ssl3_read_bytes (edge_2, the gate hint function), a switch statement on TLS record type dispatches `case 24: tls1_process_heartbeat(a1)` where 24 = 0x18 = TLS1_RT_HEARTBEAT. The called tls1_process_heartbeat (edge_3) reads a 2-byte payload length from the wire (`v5 = v4[2] | (v4[1] << 8)`), checks message type (1=request, 2=response), allocates a response buffer via CRYPTO_malloc(v5+19), sets response type byte to 2, performs memcpy(v10+3, v4+3, v5) without validating payload length against actual record length (Heartbleed pattern), appends 16 random padding bytes via RAND_pseudo_bytes, and sends via ssl3_write_bytes(a1, 24, v10, v5+19). The DTLS variant dtls1_process_heartbeat (edge_1) shows identical logic using dtls1_write_bytes. Both TLS and DTLS heartbeat processing paths are fully implemented and reachable from the read dispatch gates."
616d1073eca4bde608a5271c0c21b7f54f1fce27019a7b07151c8b8683b7d91d,mips,on,router-tomato-shibby-1.0.1c__c7fef68be83a4b9ef65fce6d89ea173f13a9cc7f,libssl.so.1.0.0,"In ssl3_read_bytes (edge_2, the gate hint function), a switch statement on TLS record type dispatches `case 24: tls1_process_heartbeat(a1)` where 24 = 0x18 = TLS1_RT_HEARTBEAT. The called tls1_process_heartbeat (edge_3) reads a 2-byte payload length from the wire (`v5 = v4[2] | (v4[1] << 8)`), checks message type (1=request, 2=response), allocates a response buffer via CRYPTO_malloc(v5+19), sets response type byte to 2, performs memcpy(v10+3, v4+3, v5) without validating payload length against actual record length (Heartbleed pattern), appends 16 random padding bytes via RAND_pseudo_bytes, and sends via ssl3_write_bytes(a1, 24, v10, v5+19). The DTLS variant dtls1_process_heartbeat (edge_1) shows identical logic using dtls1_write_bytes. Both TLS and DTLS heartbeat processing paths are fully implemented and reachable from the read dispatch gates."
616d1073eca4bde608a5271c0c21b7f54f1fce27019a7b07151c8b8683b7d91d,mips,on,router-tomato-shibby-1.0.1c__e498e33f6f9473f59f58116c35956a69bc434010,libssl.so.1.0.0,"In ssl3_read_bytes (edge_2, the gate hint function), a switch statement on TLS record type dispatches `case 24: tls1_process_heartbeat(a1)` where 24 = 0x18 = TLS1_RT_HEARTBEAT. The called tls1_process_heartbeat (edge_3) reads a 2-byte payload length from the wire (`v5 = v4[2] | (v4[1] << 8)`), checks message type (1=request, 2=response), allocates a response buffer via CRYPTO_malloc(v5+19), sets response type byte to 2, performs memcpy(v10+3, v4+3, v5) without validating payload length against actual record length (Heartbleed pattern), appends 16 random padding bytes via RAND_pseudo_bytes, and sends via ssl3_write_bytes(a1, 24, v10, v5+19). The DTLS variant dtls1_process_heartbeat (edge_1) shows identical logic using dtls1_write_bytes. Both TLS and DTLS heartbeat processing paths are fully implemented and reachable from the read dispatch gates."
616d1073eca4bde608a5271c0c21b7f54f1fce27019a7b07151c8b8683b7d91d,mips,on,router-tomato-shibby-1.0.1c__f3967b1dd53392d116c8c9b94666896a1f76973f,libssl.so.1.0.0,"In ssl3_read_bytes (edge_2, the gate hint function), a switch statement on TLS record type dispatches `case 24: tls1_process_heartbeat(a1)` where 24 = 0x18 = TLS1_RT_HEARTBEAT. The called tls1_process_heartbeat (edge_3) reads a 2-byte payload length from the wire (`v5 = v4[2] | (v4[1] << 8)`), checks message type (1=request, 2=response), allocates a response buffer via CRYPTO_malloc(v5+19), sets response type byte to 2, performs memcpy(v10+3, v4+3, v5) without validating payload length against actual record length (Heartbleed pattern), appends 16 random padding bytes via RAND_pseudo_bytes, and sends via ssl3_write_bytes(a1, 24, v10, v5+19). The DTLS variant dtls1_process_heartbeat (edge_1) shows identical logic using dtls1_write_bytes. Both TLS and DTLS heartbeat processing paths are fully implemented and reachable from the read dispatch gates."
616d1073eca4bde608a5271c0c21b7f54f1fce27019a7b07151c8b8683b7d91d,mips,on,router-tomato-shibby-1.0.1c__fcdece94eb3fb2f607cbc262ac2723ba396019af,libssl.so.1.0.0,"In ssl3_read_bytes (edge_2, the gate hint function), a switch statement on TLS record type dispatches `case 24: tls1_process_heartbeat(a1)` where 24 = 0x18 = TLS1_RT_HEARTBEAT. The called tls1_process_heartbeat (edge_3) reads a 2-byte payload length from the wire (`v5 = v4[2] | (v4[1] << 8)`), checks message type (1=request, 2=response), allocates a response buffer via CRYPTO_malloc(v5+19), sets response type byte to 2, performs memcpy(v10+3, v4+3, v5) without validating payload length against actual record length (Heartbleed pattern), appends 16 random padding bytes via RAND_pseudo_bytes, and sends via ssl3_write_bytes(a1, 24, v10, v5+19). The DTLS variant dtls1_process_heartbeat (edge_1) shows identical logic using dtls1_write_bytes. Both TLS and DTLS heartbeat processing paths are fully implemented and reachable from the read dispatch gates."
67bc1fb03e332abb1a05b087c3341321646d618826db7f339fbe4c1cae2ec8a3,arm,on,others-tp-link_zh-1.0.1e__nvr6104kv1.0,libssl.so.1.0.0,"Edge_3 (tls1_process_heartbeat): Full TLS Heartbeat extension implementation found. Function reads heartbeat request type byte (v8==1), reads 2-byte payload length from wire (v10 = v7[2] | (v7[1]<<8)), allocates response buffer via CRYPTO_malloc, sets response type byte to 2, copies payload via memcpy(v12+3, v9, v10) without validating v10 against actual record length (Heartbleed over-read pattern), adds 16 random padding bytes via RAND_pseudo_bytes, and sends response via ssl3_write_bytes(a1, 24, v13, v10+19). Also handles response type (v8==2). Additionally, edge_1 (dtls1_process_heartbeat) shows the identical DTLS variant using dtls1_write_bytes, and edge_2 (ssl3_read_bytes) confirms the gate: switch on record type with 'case 24: tls1_process_heartbeat(a1)' dispatching TLS1_RT_HEARTBEAT (0x18) records to the heartbeat handler."
67bc1fb03e332abb1a05b087c3341321646d618826db7f339fbe4c1cae2ec8a3,arm,on,others-tp-link_zh-1.0.1e__nvr6104pv1,libssl.so.1.0.0,"Edge_3 (tls1_process_heartbeat): Full TLS Heartbeat extension implementation found. Function reads heartbeat request type byte (v8==1), reads 2-byte payload length from wire (v10 = v7[2] | (v7[1]<<8)), allocates response buffer via CRYPTO_malloc, sets response type byte to 2, copies payload via memcpy(v12+3, v9, v10) without validating v10 against actual record length (Heartbleed over-read pattern), adds 16 random padding bytes via RAND_pseudo_bytes, and sends response via ssl3_write_bytes(a1, 24, v13, v10+19). Also handles response type (v8==2). Additionally, edge_1 (dtls1_process_heartbeat) shows the identical DTLS variant using dtls1_write_bytes, and edge_2 (ssl3_read_bytes) confirms the gate: switch on record type with 'case 24: tls1_process_heartbeat(a1)' dispatching TLS1_RT_HEARTBEAT (0x18) records to the heartbeat handler."
67bc1fb03e332abb1a05b087c3341321646d618826db7f339fbe4c1cae2ec8a3,arm,on,others-tp-link_zh-1.0.1e__nvr6108kv1,libssl.so.1.0.0,"Edge_3 (tls1_process_heartbeat): Full TLS Heartbeat extension implementation found. Function reads heartbeat request type byte (v8==1), reads 2-byte payload length from wire (v10 = v7[2] | (v7[1]<<8)), allocates response buffer via CRYPTO_malloc, sets response type byte to 2, copies payload via memcpy(v12+3, v9, v10) without validating v10 against actual record length (Heartbleed over-read pattern), adds 16 random padding bytes via RAND_pseudo_bytes, and sends response via ssl3_write_bytes(a1, 24, v13, v10+19). Also handles response type (v8==2). Additionally, edge_1 (dtls1_process_heartbeat) shows the identical DTLS variant using dtls1_write_bytes, and edge_2 (ssl3_read_bytes) confirms the gate: switch on record type with 'case 24: tls1_process_heartbeat(a1)' dispatching TLS1_RT_HEARTBEAT (0x18) records to the heartbeat handler."
67bc1fb03e332abb1a05b087c3341321646d618826db7f339fbe4c1cae2ec8a3,arm,on,others-tp-link_zh-1.0.1e__nvr6108pev1,libssl.so.1.0.0,"Edge_3 (tls1_process_heartbeat): Full TLS Heartbeat extension implementation found. Function reads heartbeat request type byte (v8==1), reads 2-byte payload length from wire (v10 = v7[2] | (v7[1]<<8)), allocates response buffer via CRYPTO_malloc, sets response type byte to 2, copies payload via memcpy(v12+3, v9, v10) without validating v10 against actual record length (Heartbleed over-read pattern), adds 16 random padding bytes via RAND_pseudo_bytes, and sends response via ssl3_write_bytes(a1, 24, v13, v10+19). Also handles response type (v8==2). Additionally, edge_1 (dtls1_process_heartbeat) shows the identical DTLS variant using dtls1_write_bytes, and edge_2 (ssl3_read_bytes) confirms the gate: switch on record type with 'case 24: tls1_process_heartbeat(a1)' dispatching TLS1_RT_HEARTBEAT (0x18) records to the heartbeat handler."
67bc1fb03e332abb1a05b087c3341321646d618826db7f339fbe4c1cae2ec8a3,arm,on,others-tp-link_zh-1.0.1e__nvr6108v1,libssl.so.1.0.0,"Edge_3 (tls1_process_heartbeat): Full TLS Heartbeat extension implementation found. Function reads heartbeat request type byte (v8==1), reads 2-byte payload length from wire (v10 = v7[2] | (v7[1]<<8)), allocates response buffer via CRYPTO_malloc, sets response type byte to 2, copies payload via memcpy(v12+3, v9, v10) without validating v10 against actual record length (Heartbleed over-read pattern), adds 16 random padding bytes via RAND_pseudo_bytes, and sends response via ssl3_write_bytes(a1, 24, v13, v10+19). Also handles response type (v8==2). Additionally, edge_1 (dtls1_process_heartbeat) shows the identical DTLS variant using dtls1_write_bytes, and edge_2 (ssl3_read_bytes) confirms the gate: switch on record type with 'case 24: tls1_process_heartbeat(a1)' dispatching TLS1_RT_HEARTBEAT (0x18) records to the heartbeat handler."
67bc1fb03e332abb1a05b087c3341321646d618826db7f339fbe4c1cae2ec8a3,arm,on,others-tp-link_zh-1.0.1e__nvr6216v2,libssl.so.1.0.0,"Edge_3 (tls1_process_heartbeat): Full TLS Heartbeat extension implementation found. Function reads heartbeat request type byte (v8==1), reads 2-byte payload length from wire (v10 = v7[2] | (v7[1]<<8)), allocates response buffer via CRYPTO_malloc, sets response type byte to 2, copies payload via memcpy(v12+3, v9, v10) without validating v10 against actual record length (Heartbleed over-read pattern), adds 16 random padding bytes via RAND_pseudo_bytes, and sends response via ssl3_write_bytes(a1, 24, v13, v10+19). Also handles response type (v8==2). Additionally, edge_1 (dtls1_process_heartbeat) shows the identical DTLS variant using dtls1_write_bytes, and edge_2 (ssl3_read_bytes) confirms the gate: switch on record type with 'case 24: tls1_process_heartbeat(a1)' dispatching TLS1_RT_HEARTBEAT (0x18) records to the heartbeat handler."
67bc1fb03e332abb1a05b087c3341321646d618826db7f339fbe4c1cae2ec8a3,arm,on,others-tp-link_zh-1.0.1e__nvr6416v1,libssl.so.1.0.0,"Edge_3 (tls1_process_heartbeat): Full TLS Heartbeat extension implementation found. Function reads heartbeat request type byte (v8==1), reads 2-byte payload length from wire (v10 = v7[2] | (v7[1]<<8)), allocates response buffer via CRYPTO_malloc, sets response type byte to 2, copies payload via memcpy(v12+3, v9, v10) without validating v10 against actual record length (Heartbleed over-read pattern), adds 16 random padding bytes via RAND_pseudo_bytes, and sends response via ssl3_write_bytes(a1, 24, v13, v10+19). Also handles response type (v8==2). Additionally, edge_1 (dtls1_process_heartbeat) shows the identical DTLS variant using dtls1_write_bytes, and edge_2 (ssl3_read_bytes) confirms the gate: switch on record type with 'case 24: tls1_process_heartbeat(a1)' dispatching TLS1_RT_HEARTBEAT (0x18) records to the heartbeat handler."
6cb84b28480ea201a84b745b0b060ac7b772329f0130ce284b8b932e402fa508,arm,on,IPcamera-tp-link_zh-1.0.1e__TL-IPC423-P--2.8_3.0,libssl.so.1.0.0,"Edge_3 (tls1_process_heartbeat): Full TLS heartbeat processing implementation present. Reads 2-byte big-endian payload length from wire (`v6 = v4[2] | (v4[1] << 8)`), allocates response buffer of size payload+19 via CRYPTO_malloc, sets response type byte to 2 (heartbeat_response), copies payload with `memcpy(v8+3, v4+3, v6)` using wire-provided length without validating against actual record length (Heartbleed over-read), fills padding via RAND_pseudo_bytes, and sends via ssl3_write_bytes. Also handles heartbeat response messages (type==2). Edge_1 (dtls1_process_heartbeat) shows identical DTLS variant. Edge_2 (ssl3_read_bytes gate) confirms dispatch: switch case 24 (TLS1_RT_HEARTBEAT=0x18) calls tls1_process_heartbeat(a1) directly in the SSL3 read path, proving the feature is wired end-to-end."
6cb84b28480ea201a84b745b0b060ac7b772329f0130ce284b8b932e402fa508,arm,on,IPcamera-tp-link_zh-1.0.1e__TL-IPC423-P--2.8_3.0,libssl.so.1.0.0,"Edge_3 (tls1_process_heartbeat): Full TLS heartbeat processing implementation present. Reads 2-byte big-endian payload length from wire (`v6 = v4[2] | (v4[1] << 8)`), allocates response buffer of size payload+19 via CRYPTO_malloc, sets response type byte to 2 (heartbeat_response), copies payload with `memcpy(v8+3, v4+3, v6)` using wire-provided length without validating against actual record length (Heartbleed over-read), fills padding via RAND_pseudo_bytes, and sends via ssl3_write_bytes. Also handles heartbeat response messages (type==2). Edge_1 (dtls1_process_heartbeat) shows identical DTLS variant. Edge_2 (ssl3_read_bytes gate) confirms dispatch: switch case 24 (TLS1_RT_HEARTBEAT=0x18) calls tls1_process_heartbeat(a1) directly in the SSL3 read path, proving the feature is wired end-to-end."
6cb84b28480ea201a84b745b0b060ac7b772329f0130ce284b8b932e402fa508,arm,on,IPcamera-tp-link_zh-1.0.1e__TL-IPC423-P--4_3.0_CN_1_0_8_UP_170112,libssl.so.1.0.0,"Edge_3 (tls1_process_heartbeat): Full TLS heartbeat processing implementation present. Reads 2-byte big-endian payload length from wire (`v6 = v4[2] | (v4[1] << 8)`), allocates response buffer of size payload+19 via CRYPTO_malloc, sets response type byte to 2 (heartbeat_response), copies payload with `memcpy(v8+3, v4+3, v6)` using wire-provided length without validating against actual record length (Heartbleed over-read), fills padding via RAND_pseudo_bytes, and sends via ssl3_write_bytes. Also handles heartbeat response messages (type==2). Edge_1 (dtls1_process_heartbeat) shows identical DTLS variant. Edge_2 (ssl3_read_bytes gate) confirms dispatch: switch case 24 (TLS1_RT_HEARTBEAT=0x18) calls tls1_process_heartbeat(a1) directly in the SSL3 read path, proving the feature is wired end-to-end."
6cb84b28480ea201a84b745b0b060ac7b772329f0130ce284b8b932e402fa508,arm,on,IPcamera-tp-link_zh-1.0.1e__TL-IPC423-P--4_3.0_CN_1_0_8_UP_170112,libssl.so.1.0.0,"Edge_3 (tls1_process_heartbeat): Full TLS heartbeat processing implementation present. Reads 2-byte big-endian payload length from wire (`v6 = v4[2] | (v4[1] << 8)`), allocates response buffer of size payload+19 via CRYPTO_malloc, sets response type byte to 2 (heartbeat_response), copies payload with `memcpy(v8+3, v4+3, v6)` using wire-provided length without validating against actual record length (Heartbleed over-read), fills padding via RAND_pseudo_bytes, and sends via ssl3_write_bytes. Also handles heartbeat response messages (type==2). Edge_1 (dtls1_process_heartbeat) shows identical DTLS variant. Edge_2 (ssl3_read_bytes gate) confirms dispatch: switch case 24 (TLS1_RT_HEARTBEAT=0x18) calls tls1_process_heartbeat(a1) directly in the SSL3 read path, proving the feature is wired end-to-end."
6cb84b28480ea201a84b745b0b060ac7b772329f0130ce284b8b932e402fa508,arm,on,IPcamera-tp-link_zh-1.0.1e__TL-IPC423-P--4_3.1,libssl.so.1.0.0,"Edge_3 (tls1_process_heartbeat): Full TLS heartbeat processing implementation present. Reads 2-byte big-endian payload length from wire (`v6 = v4[2] | (v4[1] << 8)`), allocates response buffer of size payload+19 via CRYPTO_malloc, sets response type byte to 2 (heartbeat_response), copies payload with `memcpy(v8+3, v4+3, v6)` using wire-provided length without validating against actual record length (Heartbleed over-read), fills padding via RAND_pseudo_bytes, and sends via ssl3_write_bytes. Also handles heartbeat response messages (type==2). Edge_1 (dtls1_process_heartbeat) shows identical DTLS variant. Edge_2 (ssl3_read_bytes gate) confirms dispatch: switch case 24 (TLS1_RT_HEARTBEAT=0x18) calls tls1_process_heartbeat(a1) directly in the SSL3 read path, proving the feature is wired end-to-end."
6cb84b28480ea201a84b745b0b060ac7b772329f0130ce284b8b932e402fa508,arm,on,IPcamera-tp-link_zh-1.0.1e__TL-IPC423-P--4_3.1,libssl.so.1.0.0,"Edge_3 (tls1_process_heartbeat): Full TLS heartbeat processing implementation present. Reads 2-byte big-endian payload length from wire (`v6 = v4[2] | (v4[1] << 8)`), allocates response buffer of size payload+19 via CRYPTO_malloc, sets response type byte to 2 (heartbeat_response), copies payload with `memcpy(v8+3, v4+3, v6)` using wire-provided length without validating against actual record length (Heartbleed over-read), fills padding via RAND_pseudo_bytes, and sends via ssl3_write_bytes. Also handles heartbeat response messages (type==2). Edge_1 (dtls1_process_heartbeat) shows identical DTLS variant. Edge_2 (ssl3_read_bytes gate) confirms dispatch: switch case 24 (TLS1_RT_HEARTBEAT=0x18) calls tls1_process_heartbeat(a1) directly in the SSL3 read path, proving the feature is wired end-to-end."
6cb84b28480ea201a84b745b0b060ac7b772329f0130ce284b8b932e402fa508,arm,on,IPcamera-tp-link_zh-1.0.1e__TL-IPC423-P--6_3.0_CN_1_0_8_UP_170112,libssl.so.1.0.0,"Edge_3 (tls1_process_heartbeat): Full TLS heartbeat processing implementation present. Reads 2-byte big-endian payload length from wire (`v6 = v4[2] | (v4[1] << 8)`), allocates response buffer of size payload+19 via CRYPTO_malloc, sets response type byte to 2 (heartbeat_response), copies payload with `memcpy(v8+3, v4+3, v6)` using wire-provided length without validating against actual record length (Heartbleed over-read), fills padding via RAND_pseudo_bytes, and sends via ssl3_write_bytes. Also handles heartbeat response messages (type==2). Edge_1 (dtls1_process_heartbeat) shows identical DTLS variant. Edge_2 (ssl3_read_bytes gate) confirms dispatch: switch case 24 (TLS1_RT_HEARTBEAT=0x18) calls tls1_process_heartbeat(a1) directly in the SSL3 read path, proving the feature is wired end-to-end."
6cb84b28480ea201a84b745b0b060ac7b772329f0130ce284b8b932e402fa508,arm,on,IPcamera-tp-link_zh-1.0.1e__TL-IPC423-P--6_3.0_CN_1_0_8_UP_170112,libssl.so.1.0.0,"Edge_3 (tls1_process_heartbeat): Full TLS heartbeat processing implementation present. Reads 2-byte big-endian payload length from wire (`v6 = v4[2] | (v4[1] << 8)`), allocates response buffer of size payload+19 via CRYPTO_malloc, sets response type byte to 2 (heartbeat_response), copies payload with `memcpy(v8+3, v4+3, v6)` using wire-provided length without validating against actual record length (Heartbleed over-read), fills padding via RAND_pseudo_bytes, and sends via ssl3_write_bytes. Also handles heartbeat response messages (type==2). Edge_1 (dtls1_process_heartbeat) shows identical DTLS variant. Edge_2 (ssl3_read_bytes gate) confirms dispatch: switch case 24 (TLS1_RT_HEARTBEAT=0x18) calls tls1_process_heartbeat(a1) directly in the SSL3 read path, proving the feature is wired end-to-end."
6cb84b28480ea201a84b745b0b060ac7b772329f0130ce284b8b932e402fa508,arm,on,IPcamera-tp-link_zh-1.0.1e__TL-IPC423-P--6_3.1,libssl.so.1.0.0,"Edge_3 (tls1_process_heartbeat): Full TLS heartbeat processing implementation present. Reads 2-byte big-endian payload length from wire (`v6 = v4[2] | (v4[1] << 8)`), allocates response buffer of size payload+19 via CRYPTO_malloc, sets response type byte to 2 (heartbeat_response), copies payload with `memcpy(v8+3, v4+3, v6)` using wire-provided length without validating against actual record length (Heartbleed over-read), fills padding via RAND_pseudo_bytes, and sends via ssl3_write_bytes. Also handles heartbeat response messages (type==2). Edge_1 (dtls1_process_heartbeat) shows identical DTLS variant. Edge_2 (ssl3_read_bytes gate) confirms dispatch: switch case 24 (TLS1_RT_HEARTBEAT=0x18) calls tls1_process_heartbeat(a1) directly in the SSL3 read path, proving the feature is wired end-to-end."
6cb84b28480ea201a84b745b0b060ac7b772329f0130ce284b8b932e402fa508,arm,on,IPcamera-tp-link_zh-1.0.1e__TL-IPC423-P--6_3.1,libssl.so.1.0.0,"Edge_3 (tls1_process_heartbeat): Full TLS heartbeat processing implementation present. Reads 2-byte big-endian payload length from wire (`v6 = v4[2] | (v4[1] << 8)`), allocates response buffer of size payload+19 via CRYPTO_malloc, sets response type byte to 2 (heartbeat_response), copies payload with `memcpy(v8+3, v4+3, v6)` using wire-provided length without validating against actual record length (Heartbleed over-read), fills padding via RAND_pseudo_bytes, and sends via ssl3_write_bytes. Also handles heartbeat response messages (type==2). Edge_1 (dtls1_process_heartbeat) shows identical DTLS variant. Edge_2 (ssl3_read_bytes gate) confirms dispatch: switch case 24 (TLS1_RT_HEARTBEAT=0x18) calls tls1_process_heartbeat(a1) directly in the SSL3 read path, proving the feature is wired end-to-end."
6cb84b28480ea201a84b745b0b060ac7b772329f0130ce284b8b932e402fa508,arm,on,IPcamera-tp-link_zh-1.0.1e__TL-IPC423-P--8_3.0,libssl.so.1.0.0,"Edge_3 (tls1_process_heartbeat): Full TLS heartbeat processing implementation present. Reads 2-byte big-endian payload length from wire (`v6 = v4[2] | (v4[1] << 8)`), allocates response buffer of size payload+19 via CRYPTO_malloc, sets response type byte to 2 (heartbeat_response), copies payload with `memcpy(v8+3, v4+3, v6)` using wire-provided length without validating against actual record length (Heartbleed over-read), fills padding via RAND_pseudo_bytes, and sends via ssl3_write_bytes. Also handles heartbeat response messages (type==2). Edge_1 (dtls1_process_heartbeat) shows identical DTLS variant. Edge_2 (ssl3_read_bytes gate) confirms dispatch: switch case 24 (TLS1_RT_HEARTBEAT=0x18) calls tls1_process_heartbeat(a1) directly in the SSL3 read path, proving the feature is wired end-to-end."
6cb84b28480ea201a84b745b0b060ac7b772329f0130ce284b8b932e402fa508,arm,on,IPcamera-tp-link_zh-1.0.1e__TL-IPC423-P--8_3.0,libssl.so.1.0.0,"Edge_3 (tls1_process_heartbeat): Full TLS heartbeat processing implementation present. Reads 2-byte big-endian payload length from wire (`v6 = v4[2] | (v4[1] << 8)`), allocates response buffer of size payload+19 via CRYPTO_malloc, sets response type byte to 2 (heartbeat_response), copies payload with `memcpy(v8+3, v4+3, v6)` using wire-provided length without validating against actual record length (Heartbleed over-read), fills padding via RAND_pseudo_bytes, and sends via ssl3_write_bytes. Also handles heartbeat response messages (type==2). Edge_1 (dtls1_process_heartbeat) shows identical DTLS variant. Edge_2 (ssl3_read_bytes gate) confirms dispatch: switch case 24 (TLS1_RT_HEARTBEAT=0x18) calls tls1_process_heartbeat(a1) directly in the SSL3 read path, proving the feature is wired end-to-end."
6cb84b28480ea201a84b745b0b060ac7b772329f0130ce284b8b932e402fa508,arm,on,IPcamera-tp-link_zh-1.0.1e__TL-IPC523-P--12_3.0,libssl.so.1.0.0,"Edge_3 (tls1_process_heartbeat): Full TLS heartbeat processing implementation present. Reads 2-byte big-endian payload length from wire (`v6 = v4[2] | (v4[1] << 8)`), allocates response buffer of size payload+19 via CRYPTO_malloc, sets response type byte to 2 (heartbeat_response), copies payload with `memcpy(v8+3, v4+3, v6)` using wire-provided length without validating against actual record length (Heartbleed over-read), fills padding via RAND_pseudo_bytes, and sends via ssl3_write_bytes. Also handles heartbeat response messages (type==2). Edge_1 (dtls1_process_heartbeat) shows identical DTLS variant. Edge_2 (ssl3_read_bytes gate) confirms dispatch: switch case 24 (TLS1_RT_HEARTBEAT=0x18) calls tls1_process_heartbeat(a1) directly in the SSL3 read path, proving the feature is wired end-to-end."
6cb84b28480ea201a84b745b0b060ac7b772329f0130ce284b8b932e402fa508,arm,on,IPcamera-tp-link_zh-1.0.1e__TL-IPC523-P--12_3.0,libssl.so.1.0.0,"Edge_3 (tls1_process_heartbeat): Full TLS heartbeat processing implementation present. Reads 2-byte big-endian payload length from wire (`v6 = v4[2] | (v4[1] << 8)`), allocates response buffer of size payload+19 via CRYPTO_malloc, sets response type byte to 2 (heartbeat_response), copies payload with `memcpy(v8+3, v4+3, v6)` using wire-provided length without validating against actual record length (Heartbleed over-read), fills padding via RAND_pseudo_bytes, and sends via ssl3_write_bytes. Also handles heartbeat response messages (type==2). Edge_1 (dtls1_process_heartbeat) shows identical DTLS variant. Edge_2 (ssl3_read_bytes gate) confirms dispatch: switch case 24 (TLS1_RT_HEARTBEAT=0x18) calls tls1_process_heartbeat(a1) directly in the SSL3 read path, proving the feature is wired end-to-end."
6cb84b28480ea201a84b745b0b060ac7b772329f0130ce284b8b932e402fa508,arm,on,IPcamera-tp-link_zh-1.0.1e__TL-IPC523-P--4_3.0_CN_1_0_8_UP_170112,libssl.so.1.0.0,"Edge_3 (tls1_process_heartbeat): Full TLS heartbeat processing implementation present. Reads 2-byte big-endian payload length from wire (`v6 = v4[2] | (v4[1] << 8)`), allocates response buffer of size payload+19 via CRYPTO_malloc, sets response type byte to 2 (heartbeat_response), copies payload with `memcpy(v8+3, v4+3, v6)` using wire-provided length without validating against actual record length (Heartbleed over-read), fills padding via RAND_pseudo_bytes, and sends via ssl3_write_bytes. Also handles heartbeat response messages (type==2). Edge_1 (dtls1_process_heartbeat) shows identical DTLS variant. Edge_2 (ssl3_read_bytes gate) confirms dispatch: switch case 24 (TLS1_RT_HEARTBEAT=0x18) calls tls1_process_heartbeat(a1) directly in the SSL3 read path, proving the feature is wired end-to-end."
6cb84b28480ea201a84b745b0b060ac7b772329f0130ce284b8b932e402fa508,arm,on,IPcamera-tp-link_zh-1.0.1e__TL-IPC523-P--4_3.0_CN_1_0_8_UP_170112,libssl.so.1.0.0,"Edge_3 (tls1_process_heartbeat): Full TLS heartbeat processing implementation present. Reads 2-byte big-endian payload length from wire (`v6 = v4[2] | (v4[1] << 8)`), allocates response buffer of size payload+19 via CRYPTO_malloc, sets response type byte to 2 (heartbeat_response), copies payload with `memcpy(v8+3, v4+3, v6)` using wire-provided length without validating against actual record length (Heartbleed over-read), fills padding via RAND_pseudo_bytes, and sends via ssl3_write_bytes. Also handles heartbeat response messages (type==2). Edge_1 (dtls1_process_heartbeat) shows identical DTLS variant. Edge_2 (ssl3_read_bytes gate) confirms dispatch: switch case 24 (TLS1_RT_HEARTBEAT=0x18) calls tls1_process_heartbeat(a1) directly in the SSL3 read path, proving the feature is wired end-to-end."
6cb84b28480ea201a84b745b0b060ac7b772329f0130ce284b8b932e402fa508,arm,on,IPcamera-tp-link_zh-1.0.1e__TL-IPC523-P--4_3.1,libssl.so.1.0.0,"Edge_3 (tls1_process_heartbeat): Full TLS heartbeat processing implementation present. Reads 2-byte big-endian payload length from wire (`v6 = v4[2] | (v4[1] << 8)`), allocates response buffer of size payload+19 via CRYPTO_malloc, sets response type byte to 2 (heartbeat_response), copies payload with `memcpy(v8+3, v4+3, v6)` using wire-provided length without validating against actual record length (Heartbleed over-read), fills padding via RAND_pseudo_bytes, and sends via ssl3_write_bytes. Also handles heartbeat response messages (type==2). Edge_1 (dtls1_process_heartbeat) shows identical DTLS variant. Edge_2 (ssl3_read_bytes gate) confirms dispatch: switch case 24 (TLS1_RT_HEARTBEAT=0x18) calls tls1_process_heartbeat(a1) directly in the SSL3 read path, proving the feature is wired end-to-end."
6cb84b28480ea201a84b745b0b060ac7b772329f0130ce284b8b932e402fa508,arm,on,IPcamera-tp-link_zh-1.0.1e__TL-IPC523-P--4_3.1,libssl.so.1.0.0,"Edge_3 (tls1_process_heartbeat): Full TLS heartbeat processing implementation present. Reads 2-byte big-endian payload length from wire (`v6 = v4[2] | (v4[1] << 8)`), allocates response buffer of size payload+19 via CRYPTO_malloc, sets response type byte to 2 (heartbeat_response), copies payload with `memcpy(v8+3, v4+3, v6)` using wire-provided length without validating against actual record length (Heartbleed over-read), fills padding via RAND_pseudo_bytes, and sends via ssl3_write_bytes. Also handles heartbeat response messages (type==2). Edge_1 (dtls1_process_heartbeat) shows identical DTLS variant. Edge_2 (ssl3_read_bytes gate) confirms dispatch: switch case 24 (TLS1_RT_HEARTBEAT=0x18) calls tls1_process_heartbeat(a1) directly in the SSL3 read path, proving the feature is wired end-to-end."
6cb84b28480ea201a84b745b0b060ac7b772329f0130ce284b8b932e402fa508,arm,on,IPcamera-tp-link_zh-1.0.1e__TL-IPC523-P--6_3.0_CN_1_0_8_UP_BOOT-170112-_2017-03-29_16.25.15,libssl.so.1.0.0,"Edge_3 (tls1_process_heartbeat): Full TLS heartbeat processing implementation present. Reads 2-byte big-endian payload length from wire (`v6 = v4[2] | (v4[1] << 8)`), allocates response buffer of size payload+19 via CRYPTO_malloc, sets response type byte to 2 (heartbeat_response), copies payload with `memcpy(v8+3, v4+3, v6)` using wire-provided length without validating against actual record length (Heartbleed over-read), fills padding via RAND_pseudo_bytes, and sends via ssl3_write_bytes. Also handles heartbeat response messages (type==2). Edge_1 (dtls1_process_heartbeat) shows identical DTLS variant. Edge_2 (ssl3_read_bytes gate) confirms dispatch: switch case 24 (TLS1_RT_HEARTBEAT=0x18) calls tls1_process_heartbeat(a1) directly in the SSL3 read path, proving the feature is wired end-to-end."
6cb84b28480ea201a84b745b0b060ac7b772329f0130ce284b8b932e402fa508,arm,on,IPcamera-tp-link_zh-1.0.1e__TL-IPC523-P--6_3.0_CN_1_0_8_UP_BOOT-170112-_2017-03-29_16.25.15,libssl.so.1.0.0,"Edge_3 (tls1_process_heartbeat): Full TLS heartbeat processing implementation present. Reads 2-byte big-endian payload length from wire (`v6 = v4[2] | (v4[1] << 8)`), allocates response buffer of size payload+19 via CRYPTO_malloc, sets response type byte to 2 (heartbeat_response), copies payload with `memcpy(v8+3, v4+3, v6)` using wire-provided length without validating against actual record length (Heartbleed over-read), fills padding via RAND_pseudo_bytes, and sends via ssl3_write_bytes. Also handles heartbeat response messages (type==2). Edge_1 (dtls1_process_heartbeat) shows identical DTLS variant. Edge_2 (ssl3_read_bytes gate) confirms dispatch: switch case 24 (TLS1_RT_HEARTBEAT=0x18) calls tls1_process_heartbeat(a1) directly in the SSL3 read path, proving the feature is wired end-to-end."
6cb84b28480ea201a84b745b0b060ac7b772329f0130ce284b8b932e402fa508,arm,on,IPcamera-tp-link_zh-1.0.1e__TL-IPC523-P--6_3.1,libssl.so.1.0.0,"Edge_3 (tls1_process_heartbeat): Full TLS heartbeat processing implementation present. Reads 2-byte big-endian payload length from wire (`v6 = v4[2] | (v4[1] << 8)`), allocates response buffer of size payload+19 via CRYPTO_malloc, sets response type byte to 2 (heartbeat_response), copies payload with `memcpy(v8+3, v4+3, v6)` using wire-provided length without validating against actual record length (Heartbleed over-read), fills padding via RAND_pseudo_bytes, and sends via ssl3_write_bytes. Also handles heartbeat response messages (type==2). Edge_1 (dtls1_process_heartbeat) shows identical DTLS variant. Edge_2 (ssl3_read_bytes gate) confirms dispatch: switch case 24 (TLS1_RT_HEARTBEAT=0x18) calls tls1_process_heartbeat(a1) directly in the SSL3 read path, proving the feature is wired end-to-end."
6cb84b28480ea201a84b745b0b060ac7b772329f0130ce284b8b932e402fa508,arm,on,IPcamera-tp-link_zh-1.0.1e__TL-IPC523-P--6_3.1,libssl.so.1.0.0,"Edge_3 (tls1_process_heartbeat): Full TLS heartbeat processing implementation present. Reads 2-byte big-endian payload length from wire (`v6 = v4[2] | (v4[1] << 8)`), allocates response buffer of size payload+19 via CRYPTO_malloc, sets response type byte to 2 (heartbeat_response), copies payload with `memcpy(v8+3, v4+3, v6)` using wire-provided length without validating against actual record length (Heartbleed over-read), fills padding via RAND_pseudo_bytes, and sends via ssl3_write_bytes. Also handles heartbeat response messages (type==2). Edge_1 (dtls1_process_heartbeat) shows identical DTLS variant. Edge_2 (ssl3_read_bytes gate) confirms dispatch: switch case 24 (TLS1_RT_HEARTBEAT=0x18) calls tls1_process_heartbeat(a1) directly in the SSL3 read path, proving the feature is wired end-to-end."
6cb84b28480ea201a84b745b0b060ac7b772329f0130ce284b8b932e402fa508,arm,on,IPcamera-tp-link_zh-1.0.1e__TL-IPC523-P--8_3.0,libssl.so.1.0.0,"Edge_3 (tls1_process_heartbeat): Full TLS heartbeat processing implementation present. Reads 2-byte big-endian payload length from wire (`v6 = v4[2] | (v4[1] << 8)`), allocates response buffer of size payload+19 via CRYPTO_malloc, sets response type byte to 2 (heartbeat_response), copies payload with `memcpy(v8+3, v4+3, v6)` using wire-provided length without validating against actual record length (Heartbleed over-read), fills padding via RAND_pseudo_bytes, and sends via ssl3_write_bytes. Also handles heartbeat response messages (type==2). Edge_1 (dtls1_process_heartbeat) shows identical DTLS variant. Edge_2 (ssl3_read_bytes gate) confirms dispatch: switch case 24 (TLS1_RT_HEARTBEAT=0x18) calls tls1_process_heartbeat(a1) directly in the SSL3 read path, proving the feature is wired end-to-end."
6cb84b28480ea201a84b745b0b060ac7b772329f0130ce284b8b932e402fa508,arm,on,IPcamera-tp-link_zh-1.0.1e__TL-IPC523-P--8_3.0,libssl.so.1.0.0,"Edge_3 (tls1_process_heartbeat): Full TLS heartbeat processing implementation present. Reads 2-byte big-endian payload length from wire (`v6 = v4[2] | (v4[1] << 8)`), allocates response buffer of size payload+19 via CRYPTO_malloc, sets response type byte to 2 (heartbeat_response), copies payload with `memcpy(v8+3, v4+3, v6)` using wire-provided length without validating against actual record length (Heartbleed over-read), fills padding via RAND_pseudo_bytes, and sends via ssl3_write_bytes. Also handles heartbeat response messages (type==2). Edge_1 (dtls1_process_heartbeat) shows identical DTLS variant. Edge_2 (ssl3_read_bytes gate) confirms dispatch: switch case 24 (TLS1_RT_HEARTBEAT=0x18) calls tls1_process_heartbeat(a1) directly in the SSL3 read path, proving the feature is wired end-to-end."
6cb84b28480ea201a84b745b0b060ac7b772329f0130ce284b8b932e402fa508,arm,on,IPcamera-tp-link_zh-1.0.1e__TL-IPC523K-P--4_2.0_CN_1_0_8_UP_170112,libssl.so.1.0.0,"Edge_3 (tls1_process_heartbeat): Full TLS heartbeat processing implementation present. Reads 2-byte big-endian payload length from wire (`v6 = v4[2] | (v4[1] << 8)`), allocates response buffer of size payload+19 via CRYPTO_malloc, sets response type byte to 2 (heartbeat_response), copies payload with `memcpy(v8+3, v4+3, v6)` using wire-provided length without validating against actual record length (Heartbleed over-read), fills padding via RAND_pseudo_bytes, and sends via ssl3_write_bytes. Also handles heartbeat response messages (type==2). Edge_1 (dtls1_process_heartbeat) shows identical DTLS variant. Edge_2 (ssl3_read_bytes gate) confirms dispatch: switch case 24 (TLS1_RT_HEARTBEAT=0x18) calls tls1_process_heartbeat(a1) directly in the SSL3 read path, proving the feature is wired end-to-end."
6cb84b28480ea201a84b745b0b060ac7b772329f0130ce284b8b932e402fa508,arm,on,IPcamera-tp-link_zh-1.0.1e__TL-IPC523K-P--4_2.0_CN_1_0_8_UP_170112,libssl.so.1.0.0,"Edge_3 (tls1_process_heartbeat): Full TLS heartbeat processing implementation present. Reads 2-byte big-endian payload length from wire (`v6 = v4[2] | (v4[1] << 8)`), allocates response buffer of size payload+19 via CRYPTO_malloc, sets response type byte to 2 (heartbeat_response), copies payload with `memcpy(v8+3, v4+3, v6)` using wire-provided length without validating against actual record length (Heartbleed over-read), fills padding via RAND_pseudo_bytes, and sends via ssl3_write_bytes. Also handles heartbeat response messages (type==2). Edge_1 (dtls1_process_heartbeat) shows identical DTLS variant. Edge_2 (ssl3_read_bytes gate) confirms dispatch: switch case 24 (TLS1_RT_HEARTBEAT=0x18) calls tls1_process_heartbeat(a1) directly in the SSL3 read path, proving the feature is wired end-to-end."
6cb84b28480ea201a84b745b0b060ac7b772329f0130ce284b8b932e402fa508,arm,on,IPcamera-tp-link_zh-1.0.1e__TL-IPC523K-P--4_2.1,libssl.so.1.0.0,"Edge_3 (tls1_process_heartbeat): Full TLS heartbeat processing implementation present. Reads 2-byte big-endian payload length from wire (`v6 = v4[2] | (v4[1] << 8)`), allocates response buffer of size payload+19 via CRYPTO_malloc, sets response type byte to 2 (heartbeat_response), copies payload with `memcpy(v8+3, v4+3, v6)` using wire-provided length without validating against actual record length (Heartbleed over-read), fills padding via RAND_pseudo_bytes, and sends via ssl3_write_bytes. Also handles heartbeat response messages (type==2). Edge_1 (dtls1_process_heartbeat) shows identical DTLS variant. Edge_2 (ssl3_read_bytes gate) confirms dispatch: switch case 24 (TLS1_RT_HEARTBEAT=0x18) calls tls1_process_heartbeat(a1) directly in the SSL3 read path, proving the feature is wired end-to-end."
6cb84b28480ea201a84b745b0b060ac7b772329f0130ce284b8b932e402fa508,arm,on,IPcamera-tp-link_zh-1.0.1e__TL-IPC523K-P--4_2.1,libssl.so.1.0.0,"Edge_3 (tls1_process_heartbeat): Full TLS heartbeat processing implementation present. Reads 2-byte big-endian payload length from wire (`v6 = v4[2] | (v4[1] << 8)`), allocates response buffer of size payload+19 via CRYPTO_malloc, sets response type byte to 2 (heartbeat_response), copies payload with `memcpy(v8+3, v4+3, v6)` using wire-provided length without validating against actual record length (Heartbleed over-read), fills padding via RAND_pseudo_bytes, and sends via ssl3_write_bytes. Also handles heartbeat response messages (type==2). Edge_1 (dtls1_process_heartbeat) shows identical DTLS variant. Edge_2 (ssl3_read_bytes gate) confirms dispatch: switch case 24 (TLS1_RT_HEARTBEAT=0x18) calls tls1_process_heartbeat(a1) directly in the SSL3 read path, proving the feature is wired end-to-end."
6cb84b28480ea201a84b745b0b060ac7b772329f0130ce284b8b932e402fa508,arm,on,IPcamera-tp-link_zh-1.0.1e__TL-IPC523K-P--6_2.0_CN_1_0_8_UP_170112,libssl.so.1.0.0,"Edge_3 (tls1_process_heartbeat): Full TLS heartbeat processing implementation present. Reads 2-byte big-endian payload length from wire (`v6 = v4[2] | (v4[1] << 8)`), allocates response buffer of size payload+19 via CRYPTO_malloc, sets response type byte to 2 (heartbeat_response), copies payload with `memcpy(v8+3, v4+3, v6)` using wire-provided length without validating against actual record length (Heartbleed over-read), fills padding via RAND_pseudo_bytes, and sends via ssl3_write_bytes. Also handles heartbeat response messages (type==2). Edge_1 (dtls1_process_heartbeat) shows identical DTLS variant. Edge_2 (ssl3_read_bytes gate) confirms dispatch: switch case 24 (TLS1_RT_HEARTBEAT=0x18) calls tls1_process_heartbeat(a1) directly in the SSL3 read path, proving the feature is wired end-to-end."
6cb84b28480ea201a84b745b0b060ac7b772329f0130ce284b8b932e402fa508,arm,on,IPcamera-tp-link_zh-1.0.1e__TL-IPC523K-P--6_2.0_CN_1_0_8_UP_170112,libssl.so.1.0.0,"Edge_3 (tls1_process_heartbeat): Full TLS heartbeat processing implementation present. Reads 2-byte big-endian payload length from wire (`v6 = v4[2] | (v4[1] << 8)`), allocates response buffer of size payload+19 via CRYPTO_malloc, sets response type byte to 2 (heartbeat_response), copies payload with `memcpy(v8+3, v4+3, v6)` using wire-provided length without validating against actual record length (Heartbleed over-read), fills padding via RAND_pseudo_bytes, and sends via ssl3_write_bytes. Also handles heartbeat response messages (type==2). Edge_1 (dtls1_process_heartbeat) shows identical DTLS variant. Edge_2 (ssl3_read_bytes gate) confirms dispatch: switch case 24 (TLS1_RT_HEARTBEAT=0x18) calls tls1_process_heartbeat(a1) directly in the SSL3 read path, proving the feature is wired end-to-end."
6cb84b28480ea201a84b745b0b060ac7b772329f0130ce284b8b932e402fa508,arm,on,IPcamera-tp-link_zh-1.0.1e__TL-IPC523K-P--6_2.1,libssl.so.1.0.0,"Edge_3 (tls1_process_heartbeat): Full TLS heartbeat processing implementation present. Reads 2-byte big-endian payload length from wire (`v6 = v4[2] | (v4[1] << 8)`), allocates response buffer of size payload+19 via CRYPTO_malloc, sets response type byte to 2 (heartbeat_response), copies payload with `memcpy(v8+3, v4+3, v6)` using wire-provided length without validating against actual record length (Heartbleed over-read), fills padding via RAND_pseudo_bytes, and sends via ssl3_write_bytes. Also handles heartbeat response messages (type==2). Edge_1 (dtls1_process_heartbeat) shows identical DTLS variant. Edge_2 (ssl3_read_bytes gate) confirms dispatch: switch case 24 (TLS1_RT_HEARTBEAT=0x18) calls tls1_process_heartbeat(a1) directly in the SSL3 read path, proving the feature is wired end-to-end."
6cb84b28480ea201a84b745b0b060ac7b772329f0130ce284b8b932e402fa508,arm,on,IPcamera-tp-link_zh-1.0.1e__TL-IPC523K-P--6_2.1,libssl.so.1.0.0,"Edge_3 (tls1_process_heartbeat): Full TLS heartbeat processing implementation present. Reads 2-byte big-endian payload length from wire (`v6 = v4[2] | (v4[1] << 8)`), allocates response buffer of size payload+19 via CRYPTO_malloc, sets response type byte to 2 (heartbeat_response), copies payload with `memcpy(v8+3, v4+3, v6)` using wire-provided length without validating against actual record length (Heartbleed over-read), fills padding via RAND_pseudo_bytes, and sends via ssl3_write_bytes. Also handles heartbeat response messages (type==2). Edge_1 (dtls1_process_heartbeat) shows identical DTLS variant. Edge_2 (ssl3_read_bytes gate) confirms dispatch: switch case 24 (TLS1_RT_HEARTBEAT=0x18) calls tls1_process_heartbeat(a1) directly in the SSL3 read path, proving the feature is wired end-to-end."
6cb84b28480ea201a84b745b0b060ac7b772329f0130ce284b8b932e402fa508,arm,on,IPcamera-tp-link_zh-1.0.1e__TL-IPC523K-P--8_2.0,libssl.so.1.0.0,"Edge_3 (tls1_process_heartbeat): Full TLS heartbeat processing implementation present. Reads 2-byte big-endian payload length from wire (`v6 = v4[2] | (v4[1] << 8)`), allocates response buffer of size payload+19 via CRYPTO_malloc, sets response type byte to 2 (heartbeat_response), copies payload with `memcpy(v8+3, v4+3, v6)` using wire-provided length without validating against actual record length (Heartbleed over-read), fills padding via RAND_pseudo_bytes, and sends via ssl3_write_bytes. Also handles heartbeat response messages (type==2). Edge_1 (dtls1_process_heartbeat) shows identical DTLS variant. Edge_2 (ssl3_read_bytes gate) confirms dispatch: switch case 24 (TLS1_RT_HEARTBEAT=0x18) calls tls1_process_heartbeat(a1) directly in the SSL3 read path, proving the feature is wired end-to-end."
6cb84b28480ea201a84b745b0b060ac7b772329f0130ce284b8b932e402fa508,arm,on,IPcamera-tp-link_zh-1.0.1e__TL-IPC523K-P--8_2.0,libssl.so.1.0.0,"Edge_3 (tls1_process_heartbeat): Full TLS heartbeat processing implementation present. Reads 2-byte big-endian payload length from wire (`v6 = v4[2] | (v4[1] << 8)`), allocates response buffer of size payload+19 via CRYPTO_malloc, sets response type byte to 2 (heartbeat_response), copies payload with `memcpy(v8+3, v4+3, v6)` using wire-provided length without validating against actual record length (Heartbleed over-read), fills padding via RAND_pseudo_bytes, and sends via ssl3_write_bytes. Also handles heartbeat response messages (type==2). Edge_1 (dtls1_process_heartbeat) shows identical DTLS variant. Edge_2 (ssl3_read_bytes gate) confirms dispatch: switch case 24 (TLS1_RT_HEARTBEAT=0x18) calls tls1_process_heartbeat(a1) directly in the SSL3 read path, proving the feature is wired end-to-end."
6cb84b28480ea201a84b745b0b060ac7b772329f0130ce284b8b932e402fa508,arm,on,IPcamera-tp-link_zh-1.0.1e__TL-IPC525-P--4_3.0_CN_1_0_8_UP_170112,libssl.so.1.0.0,"Edge_3 (tls1_process_heartbeat): Full TLS heartbeat processing implementation present. Reads 2-byte big-endian payload length from wire (`v6 = v4[2] | (v4[1] << 8)`), allocates response buffer of size payload+19 via CRYPTO_malloc, sets response type byte to 2 (heartbeat_response), copies payload with `memcpy(v8+3, v4+3, v6)` using wire-provided length without validating against actual record length (Heartbleed over-read), fills padding via RAND_pseudo_bytes, and sends via ssl3_write_bytes. Also handles heartbeat response messages (type==2). Edge_1 (dtls1_process_heartbeat) shows identical DTLS variant. Edge_2 (ssl3_read_bytes gate) confirms dispatch: switch case 24 (TLS1_RT_HEARTBEAT=0x18) calls tls1_process_heartbeat(a1) directly in the SSL3 read path, proving the feature is wired end-to-end."
6cb84b28480ea201a84b745b0b060ac7b772329f0130ce284b8b932e402fa508,arm,on,IPcamera-tp-link_zh-1.0.1e__TL-IPC525-P--4_3.0_CN_1_0_8_UP_170112,libssl.so.1.0.0,"Edge_3 (tls1_process_heartbeat): Full TLS heartbeat processing implementation present. Reads 2-byte big-endian payload length from wire (`v6 = v4[2] | (v4[1] << 8)`), allocates response buffer of size payload+19 via CRYPTO_malloc, sets response type byte to 2 (heartbeat_response), copies payload with `memcpy(v8+3, v4+3, v6)` using wire-provided length without validating against actual record length (Heartbleed over-read), fills padding via RAND_pseudo_bytes, and sends via ssl3_write_bytes. Also handles heartbeat response messages (type==2). Edge_1 (dtls1_process_heartbeat) shows identical DTLS variant. Edge_2 (ssl3_read_bytes gate) confirms dispatch: switch case 24 (TLS1_RT_HEARTBEAT=0x18) calls tls1_process_heartbeat(a1) directly in the SSL3 read path, proving the feature is wired end-to-end."
6cb84b28480ea201a84b745b0b060ac7b772329f0130ce284b8b932e402fa508,arm,on,IPcamera-tp-link_zh-1.0.1e__TL-IPC525-P--4_3.1,libssl.so.1.0.0,"Edge_3 (tls1_process_heartbeat): Full TLS heartbeat processing implementation present. Reads 2-byte big-endian payload length from wire (`v6 = v4[2] | (v4[1] << 8)`), allocates response buffer of size payload+19 via CRYPTO_malloc, sets response type byte to 2 (heartbeat_response), copies payload with `memcpy(v8+3, v4+3, v6)` using wire-provided length without validating against actual record length (Heartbleed over-read), fills padding via RAND_pseudo_bytes, and sends via ssl3_write_bytes. Also handles heartbeat response messages (type==2). Edge_1 (dtls1_process_heartbeat) shows identical DTLS variant. Edge_2 (ssl3_read_bytes gate) confirms dispatch: switch case 24 (TLS1_RT_HEARTBEAT=0x18) calls tls1_process_heartbeat(a1) directly in the SSL3 read path, proving the feature is wired end-to-end."
6cb84b28480ea201a84b745b0b060ac7b772329f0130ce284b8b932e402fa508,arm,on,IPcamera-tp-link_zh-1.0.1e__TL-IPC525-P--4_3.1,libssl.so.1.0.0,"Edge_3 (tls1_process_heartbeat): Full TLS heartbeat processing implementation present. Reads 2-byte big-endian payload length from wire (`v6 = v4[2] | (v4[1] << 8)`), allocates response buffer of size payload+19 via CRYPTO_malloc, sets response type byte to 2 (heartbeat_response), copies payload with `memcpy(v8+3, v4+3, v6)` using wire-provided length without validating against actual record length (Heartbleed over-read), fills padding via RAND_pseudo_bytes, and sends via ssl3_write_bytes. Also handles heartbeat response messages (type==2). Edge_1 (dtls1_process_heartbeat) shows identical DTLS variant. Edge_2 (ssl3_read_bytes gate) confirms dispatch: switch case 24 (TLS1_RT_HEARTBEAT=0x18) calls tls1_process_heartbeat(a1) directly in the SSL3 read path, proving the feature is wired end-to-end."
6cb84b28480ea201a84b745b0b060ac7b772329f0130ce284b8b932e402fa508,arm,on,IPcamera-tp-link_zh-1.0.1e__TL-IPC525-P--6_3.0_CN_1_0_8_UP_170112,libssl.so.1.0.0,"Edge_3 (tls1_process_heartbeat): Full TLS heartbeat processing implementation present. Reads 2-byte big-endian payload length from wire (`v6 = v4[2] | (v4[1] << 8)`), allocates response buffer of size payload+19 via CRYPTO_malloc, sets response type byte to 2 (heartbeat_response), copies payload with `memcpy(v8+3, v4+3, v6)` using wire-provided length without validating against actual record length (Heartbleed over-read), fills padding via RAND_pseudo_bytes, and sends via ssl3_write_bytes. Also handles heartbeat response messages (type==2). Edge_1 (dtls1_process_heartbeat) shows identical DTLS variant. Edge_2 (ssl3_read_bytes gate) confirms dispatch: switch case 24 (TLS1_RT_HEARTBEAT=0x18) calls tls1_process_heartbeat(a1) directly in the SSL3 read path, proving the feature is wired end-to-end."
6cb84b28480ea201a84b745b0b060ac7b772329f0130ce284b8b932e402fa508,arm,on,IPcamera-tp-link_zh-1.0.1e__TL-IPC525-P--6_3.0_CN_1_0_8_UP_170112,libssl.so.1.0.0,"Edge_3 (tls1_process_heartbeat): Full TLS heartbeat processing implementation present. Reads 2-byte big-endian payload length from wire (`v6 = v4[2] | (v4[1] << 8)`), allocates response buffer of size payload+19 via CRYPTO_malloc, sets response type byte to 2 (heartbeat_response), copies payload with `memcpy(v8+3, v4+3, v6)` using wire-provided length without validating against actual record length (Heartbleed over-read), fills padding via RAND_pseudo_bytes, and sends via ssl3_write_bytes. Also handles heartbeat response messages (type==2). Edge_1 (dtls1_process_heartbeat) shows identical DTLS variant. Edge_2 (ssl3_read_bytes gate) confirms dispatch: switch case 24 (TLS1_RT_HEARTBEAT=0x18) calls tls1_process_heartbeat(a1) directly in the SSL3 read path, proving the feature is wired end-to-end."
6cb84b28480ea201a84b745b0b060ac7b772329f0130ce284b8b932e402fa508,arm,on,IPcamera-tp-link_zh-1.0.1e__TL-IPC525-P--6_3.1,libssl.so.1.0.0,"Edge_3 (tls1_process_heartbeat): Full TLS heartbeat processing implementation present. Reads 2-byte big-endian payload length from wire (`v6 = v4[2] | (v4[1] << 8)`), allocates response buffer of size payload+19 via CRYPTO_malloc, sets response type byte to 2 (heartbeat_response), copies payload with `memcpy(v8+3, v4+3, v6)` using wire-provided length without validating against actual record length (Heartbleed over-read), fills padding via RAND_pseudo_bytes, and sends via ssl3_write_bytes. Also handles heartbeat response messages (type==2). Edge_1 (dtls1_process_heartbeat) shows identical DTLS variant. Edge_2 (ssl3_read_bytes gate) confirms dispatch: switch case 24 (TLS1_RT_HEARTBEAT=0x18) calls tls1_process_heartbeat(a1) directly in the SSL3 read path, proving the feature is wired end-to-end."
6cb84b28480ea201a84b745b0b060ac7b772329f0130ce284b8b932e402fa508,arm,on,IPcamera-tp-link_zh-1.0.1e__TL-IPC525-P--6_3.1,libssl.so.1.0.0,"Edge_3 (tls1_process_heartbeat): Full TLS heartbeat processing implementation present. Reads 2-byte big-endian payload length from wire (`v6 = v4[2] | (v4[1] << 8)`), allocates response buffer of size payload+19 via CRYPTO_malloc, sets response type byte to 2 (heartbeat_response), copies payload with `memcpy(v8+3, v4+3, v6)` using wire-provided length without validating against actual record length (Heartbleed over-read), fills padding via RAND_pseudo_bytes, and sends via ssl3_write_bytes. Also handles heartbeat response messages (type==2). Edge_1 (dtls1_process_heartbeat) shows identical DTLS variant. Edge_2 (ssl3_read_bytes gate) confirms dispatch: switch case 24 (TLS1_RT_HEARTBEAT=0x18) calls tls1_process_heartbeat(a1) directly in the SSL3 read path, proving the feature is wired end-to-end."
6cb84b28480ea201a84b745b0b060ac7b772329f0130ce284b8b932e402fa508,arm,on,IPcamera-tp-link_zh-1.0.1e__TL-IPC525-P--8_3.0,libssl.so.1.0.0,"Edge_3 (tls1_process_heartbeat): Full TLS heartbeat processing implementation present. Reads 2-byte big-endian payload length from wire (`v6 = v4[2] | (v4[1] << 8)`), allocates response buffer of size payload+19 via CRYPTO_malloc, sets response type byte to 2 (heartbeat_response), copies payload with `memcpy(v8+3, v4+3, v6)` using wire-provided length without validating against actual record length (Heartbleed over-read), fills padding via RAND_pseudo_bytes, and sends via ssl3_write_bytes. Also handles heartbeat response messages (type==2). Edge_1 (dtls1_process_heartbeat) shows identical DTLS variant. Edge_2 (ssl3_read_bytes gate) confirms dispatch: switch case 24 (TLS1_RT_HEARTBEAT=0x18) calls tls1_process_heartbeat(a1) directly in the SSL3 read path, proving the feature is wired end-to-end."
6cb84b28480ea201a84b745b0b060ac7b772329f0130ce284b8b932e402fa508,arm,on,IPcamera-tp-link_zh-1.0.1e__TL-IPC525-P--8_3.0,libssl.so.1.0.0,"Edge_3 (tls1_process_heartbeat): Full TLS heartbeat processing implementation present. Reads 2-byte big-endian payload length from wire (`v6 = v4[2] | (v4[1] << 8)`), allocates response buffer of size payload+19 via CRYPTO_malloc, sets response type byte to 2 (heartbeat_response), copies payload with `memcpy(v8+3, v4+3, v6)` using wire-provided length without validating against actual record length (Heartbleed over-read), fills padding via RAND_pseudo_bytes, and sends via ssl3_write_bytes. Also handles heartbeat response messages (type==2). Edge_1 (dtls1_process_heartbeat) shows identical DTLS variant. Edge_2 (ssl3_read_bytes gate) confirms dispatch: switch case 24 (TLS1_RT_HEARTBEAT=0x18) calls tls1_process_heartbeat(a1) directly in the SSL3 read path, proving the feature is wired end-to-end."
6cb84b28480ea201a84b745b0b060ac7b772329f0130ce284b8b932e402fa508,arm,on,IPcamera-tp-link_zh-1.0.1e__TL-IPC525K-P--12_2.0,libssl.so.1.0.0,"Edge_3 (tls1_process_heartbeat): Full TLS heartbeat processing implementation present. Reads 2-byte big-endian payload length from wire (`v6 = v4[2] | (v4[1] << 8)`), allocates response buffer of size payload+19 via CRYPTO_malloc, sets response type byte to 2 (heartbeat_response), copies payload with `memcpy(v8+3, v4+3, v6)` using wire-provided length without validating against actual record length (Heartbleed over-read), fills padding via RAND_pseudo_bytes, and sends via ssl3_write_bytes. Also handles heartbeat response messages (type==2). Edge_1 (dtls1_process_heartbeat) shows identical DTLS variant. Edge_2 (ssl3_read_bytes gate) confirms dispatch: switch case 24 (TLS1_RT_HEARTBEAT=0x18) calls tls1_process_heartbeat(a1) directly in the SSL3 read path, proving the feature is wired end-to-end."
6cb84b28480ea201a84b745b0b060ac7b772329f0130ce284b8b932e402fa508,arm,on,IPcamera-tp-link_zh-1.0.1e__TL-IPC525K-P--12_2.0,libssl.so.1.0.0,"Edge_3 (tls1_process_heartbeat): Full TLS heartbeat processing implementation present. Reads 2-byte big-endian payload length from wire (`v6 = v4[2] | (v4[1] << 8)`), allocates response buffer of size payload+19 via CRYPTO_malloc, sets response type byte to 2 (heartbeat_response), copies payload with `memcpy(v8+3, v4+3, v6)` using wire-provided length without validating against actual record length (Heartbleed over-read), fills padding via RAND_pseudo_bytes, and sends via ssl3_write_bytes. Also handles heartbeat response messages (type==2). Edge_1 (dtls1_process_heartbeat) shows identical DTLS variant. Edge_2 (ssl3_read_bytes gate) confirms dispatch: switch case 24 (TLS1_RT_HEARTBEAT=0x18) calls tls1_process_heartbeat(a1) directly in the SSL3 read path, proving the feature is wired end-to-end."
6cb84b28480ea201a84b745b0b060ac7b772329f0130ce284b8b932e402fa508,arm,on,IPcamera-tp-link_zh-1.0.1e__TL-IPC525K-P--4_2.0_CN_1_0_8_170112,libssl.so.1.0.0,"Edge_3 (tls1_process_heartbeat): Full TLS heartbeat processing implementation present. Reads 2-byte big-endian payload length from wire (`v6 = v4[2] | (v4[1] << 8)`), allocates response buffer of size payload+19 via CRYPTO_malloc, sets response type byte to 2 (heartbeat_response), copies payload with `memcpy(v8+3, v4+3, v6)` using wire-provided length without validating against actual record length (Heartbleed over-read), fills padding via RAND_pseudo_bytes, and sends via ssl3_write_bytes. Also handles heartbeat response messages (type==2). Edge_1 (dtls1_process_heartbeat) shows identical DTLS variant. Edge_2 (ssl3_read_bytes gate) confirms dispatch: switch case 24 (TLS1_RT_HEARTBEAT=0x18) calls tls1_process_heartbeat(a1) directly in the SSL3 read path, proving the feature is wired end-to-end."
6cb84b28480ea201a84b745b0b060ac7b772329f0130ce284b8b932e402fa508,arm,on,IPcamera-tp-link_zh-1.0.1e__TL-IPC525K-P--4_2.0_CN_1_0_8_170112,libssl.so.1.0.0,"Edge_3 (tls1_process_heartbeat): Full TLS heartbeat processing implementation present. Reads 2-byte big-endian payload length from wire (`v6 = v4[2] | (v4[1] << 8)`), allocates response buffer of size payload+19 via CRYPTO_malloc, sets response type byte to 2 (heartbeat_response), copies payload with `memcpy(v8+3, v4+3, v6)` using wire-provided length without validating against actual record length (Heartbleed over-read), fills padding via RAND_pseudo_bytes, and sends via ssl3_write_bytes. Also handles heartbeat response messages (type==2). Edge_1 (dtls1_process_heartbeat) shows identical DTLS variant. Edge_2 (ssl3_read_bytes gate) confirms dispatch: switch case 24 (TLS1_RT_HEARTBEAT=0x18) calls tls1_process_heartbeat(a1) directly in the SSL3 read path, proving the feature is wired end-to-end."
6cb84b28480ea201a84b745b0b060ac7b772329f0130ce284b8b932e402fa508,arm,on,IPcamera-tp-link_zh-1.0.1e__TL-IPC525K-P--4_2.1,libssl.so.1.0.0,"Edge_3 (tls1_process_heartbeat): Full TLS heartbeat processing implementation present. Reads 2-byte big-endian payload length from wire (`v6 = v4[2] | (v4[1] << 8)`), allocates response buffer of size payload+19 via CRYPTO_malloc, sets response type byte to 2 (heartbeat_response), copies payload with `memcpy(v8+3, v4+3, v6)` using wire-provided length without validating against actual record length (Heartbleed over-read), fills padding via RAND_pseudo_bytes, and sends via ssl3_write_bytes. Also handles heartbeat response messages (type==2). Edge_1 (dtls1_process_heartbeat) shows identical DTLS variant. Edge_2 (ssl3_read_bytes gate) confirms dispatch: switch case 24 (TLS1_RT_HEARTBEAT=0x18) calls tls1_process_heartbeat(a1) directly in the SSL3 read path, proving the feature is wired end-to-end."
6cb84b28480ea201a84b745b0b060ac7b772329f0130ce284b8b932e402fa508,arm,on,IPcamera-tp-link_zh-1.0.1e__TL-IPC525K-P--4_2.1,libssl.so.1.0.0,"Edge_3 (tls1_process_heartbeat): Full TLS heartbeat processing implementation present. Reads 2-byte big-endian payload length from wire (`v6 = v4[2] | (v4[1] << 8)`), allocates response buffer of size payload+19 via CRYPTO_malloc, sets response type byte to 2 (heartbeat_response), copies payload with `memcpy(v8+3, v4+3, v6)` using wire-provided length without validating against actual record length (Heartbleed over-read), fills padding via RAND_pseudo_bytes, and sends via ssl3_write_bytes. Also handles heartbeat response messages (type==2). Edge_1 (dtls1_process_heartbeat) shows identical DTLS variant. Edge_2 (ssl3_read_bytes gate) confirms dispatch: switch case 24 (TLS1_RT_HEARTBEAT=0x18) calls tls1_process_heartbeat(a1) directly in the SSL3 read path, proving the feature is wired end-to-end."
6cb84b28480ea201a84b745b0b060ac7b772329f0130ce284b8b932e402fa508,arm,on,IPcamera-tp-link_zh-1.0.1e__TL-IPC525K-P--6_2.0_CN_1_0_8_UP_170112,libssl.so.1.0.0,"Edge_3 (tls1_process_heartbeat): Full TLS heartbeat processing implementation present. Reads 2-byte big-endian payload length from wire (`v6 = v4[2] | (v4[1] << 8)`), allocates response buffer of size payload+19 via CRYPTO_malloc, sets response type byte to 2 (heartbeat_response), copies payload with `memcpy(v8+3, v4+3, v6)` using wire-provided length without validating against actual record length (Heartbleed over-read), fills padding via RAND_pseudo_bytes, and sends via ssl3_write_bytes. Also handles heartbeat response messages (type==2). Edge_1 (dtls1_process_heartbeat) shows identical DTLS variant. Edge_2 (ssl3_read_bytes gate) confirms dispatch: switch case 24 (TLS1_RT_HEARTBEAT=0x18) calls tls1_process_heartbeat(a1) directly in the SSL3 read path, proving the feature is wired end-to-end."
6cb84b28480ea201a84b745b0b060ac7b772329f0130ce284b8b932e402fa508,arm,on,IPcamera-tp-link_zh-1.0.1e__TL-IPC525K-P--6_2.0_CN_1_0_8_UP_170112,libssl.so.1.0.0,"Edge_3 (tls1_process_heartbeat): Full TLS heartbeat processing implementation present. Reads 2-byte big-endian payload length from wire (`v6 = v4[2] | (v4[1] << 8)`), allocates response buffer of size payload+19 via CRYPTO_malloc, sets response type byte to 2 (heartbeat_response), copies payload with `memcpy(v8+3, v4+3, v6)` using wire-provided length without validating against actual record length (Heartbleed over-read), fills padding via RAND_pseudo_bytes, and sends via ssl3_write_bytes. Also handles heartbeat response messages (type==2). Edge_1 (dtls1_process_heartbeat) shows identical DTLS variant. Edge_2 (ssl3_read_bytes gate) confirms dispatch: switch case 24 (TLS1_RT_HEARTBEAT=0x18) calls tls1_process_heartbeat(a1) directly in the SSL3 read path, proving the feature is wired end-to-end."
6cb84b28480ea201a84b745b0b060ac7b772329f0130ce284b8b932e402fa508,arm,on,IPcamera-tp-link_zh-1.0.1e__TL-IPC525K-P--6_2.1,libssl.so.1.0.0,"Edge_3 (tls1_process_heartbeat): Full TLS heartbeat processing implementation present. Reads 2-byte big-endian payload length from wire (`v6 = v4[2] | (v4[1] << 8)`), allocates response buffer of size payload+19 via CRYPTO_malloc, sets response type byte to 2 (heartbeat_response), copies payload with `memcpy(v8+3, v4+3, v6)` using wire-provided length without validating against actual record length (Heartbleed over-read), fills padding via RAND_pseudo_bytes, and sends via ssl3_write_bytes. Also handles heartbeat response messages (type==2). Edge_1 (dtls1_process_heartbeat) shows identical DTLS variant. Edge_2 (ssl3_read_bytes gate) confirms dispatch: switch case 24 (TLS1_RT_HEARTBEAT=0x18) calls tls1_process_heartbeat(a1) directly in the SSL3 read path, proving the feature is wired end-to-end."
6cb84b28480ea201a84b745b0b060ac7b772329f0130ce284b8b932e402fa508,arm,on,IPcamera-tp-link_zh-1.0.1e__TL-IPC525K-P--6_2.1,libssl.so.1.0.0,"Edge_3 (tls1_process_heartbeat): Full TLS heartbeat processing implementation present. Reads 2-byte big-endian payload length from wire (`v6 = v4[2] | (v4[1] << 8)`), allocates response buffer of size payload+19 via CRYPTO_malloc, sets response type byte to 2 (heartbeat_response), copies payload with `memcpy(v8+3, v4+3, v6)` using wire-provided length without validating against actual record length (Heartbleed over-read), fills padding via RAND_pseudo_bytes, and sends via ssl3_write_bytes. Also handles heartbeat response messages (type==2). Edge_1 (dtls1_process_heartbeat) shows identical DTLS variant. Edge_2 (ssl3_read_bytes gate) confirms dispatch: switch case 24 (TLS1_RT_HEARTBEAT=0x18) calls tls1_process_heartbeat(a1) directly in the SSL3 read path, proving the feature is wired end-to-end."
6cb84b28480ea201a84b745b0b060ac7b772329f0130ce284b8b932e402fa508,arm,on,IPcamera-tp-link_zh-1.0.1e__TL-IPC525K-P--8_2.0,libssl.so.1.0.0,"Edge_3 (tls1_process_heartbeat): Full TLS heartbeat processing implementation present. Reads 2-byte big-endian payload length from wire (`v6 = v4[2] | (v4[1] << 8)`), allocates response buffer of size payload+19 via CRYPTO_malloc, sets response type byte to 2 (heartbeat_response), copies payload with `memcpy(v8+3, v4+3, v6)` using wire-provided length without validating against actual record length (Heartbleed over-read), fills padding via RAND_pseudo_bytes, and sends via ssl3_write_bytes. Also handles heartbeat response messages (type==2). Edge_1 (dtls1_process_heartbeat) shows identical DTLS variant. Edge_2 (ssl3_read_bytes gate) confirms dispatch: switch case 24 (TLS1_RT_HEARTBEAT=0x18) calls tls1_process_heartbeat(a1) directly in the SSL3 read path, proving the feature is wired end-to-end."
6cb84b28480ea201a84b745b0b060ac7b772329f0130ce284b8b932e402fa508,arm,on,IPcamera-tp-link_zh-1.0.1e__TL-IPC525K-P--8_2.0,libssl.so.1.0.0,"Edge_3 (tls1_process_heartbeat): Full TLS heartbeat processing implementation present. Reads 2-byte big-endian payload length from wire (`v6 = v4[2] | (v4[1] << 8)`), allocates response buffer of size payload+19 via CRYPTO_malloc, sets response type byte to 2 (heartbeat_response), copies payload with `memcpy(v8+3, v4+3, v6)` using wire-provided length without validating against actual record length (Heartbleed over-read), fills padding via RAND_pseudo_bytes, and sends via ssl3_write_bytes. Also handles heartbeat response messages (type==2). Edge_1 (dtls1_process_heartbeat) shows identical DTLS variant. Edge_2 (ssl3_read_bytes gate) confirms dispatch: switch case 24 (TLS1_RT_HEARTBEAT=0x18) calls tls1_process_heartbeat(a1) directly in the SSL3 read path, proving the feature is wired end-to-end."
78821bc137f6cf40b9a7f7cc661269ad60d6a7bffbe4d1e88d588af5938c37f8,arm,on,others-tp-link_zh-1.0.1e__TL-HDAP4300GC-PoE_DC_V2.0_1.0.1_Build_20181024_Rel.38027,libssl.so.1.0.0,"Winning edge_2 (ssl3_read_bytes): In the record-type dispatch switch statement, case 24 (0x18 = TLS1_RT_HEARTBEAT) calls tls1_process_heartbeat(a1) directly, then clears the record buffer and resets read state. This is the gate that makes heartbeat messages reachable. Additionally, edge_3 (tls1_process_heartbeat) and edge_1 (dtls1_process_heartbeat) show the full implementation: reading a 1-byte heartbeat type (1=request, 2=response), a 2-byte payload length (v10 = v7[2] | (v7[1] << 8)), allocating a response buffer with CRYPTO_malloc, setting response type to 2, memcpy(v13+3, v7+3, v10) echoing the payload, appending RAND_pseudo_bytes padding, and sending via ssl3_write_bytes/dtls1_write_bytes with record type 24. This is the classic RFC 6520 heartbeat extension implementation containing the Heartbleed buffer over-read pattern."
78821bc137f6cf40b9a7f7cc661269ad60d6a7bffbe4d1e88d588af5938c37f8,arm,on,others-tp-link_zh-1.0.1e__TL-HDAP4300GC-PoE_DC_V2.0_1.0.1_Build_20181024_Rel.38027,libssl.so.1.0.0,"Winning edge_2 (ssl3_read_bytes): In the record-type dispatch switch statement, case 24 (0x18 = TLS1_RT_HEARTBEAT) calls tls1_process_heartbeat(a1) directly, then clears the record buffer and resets read state. This is the gate that makes heartbeat messages reachable. Additionally, edge_3 (tls1_process_heartbeat) and edge_1 (dtls1_process_heartbeat) show the full implementation: reading a 1-byte heartbeat type (1=request, 2=response), a 2-byte payload length (v10 = v7[2] | (v7[1] << 8)), allocating a response buffer with CRYPTO_malloc, setting response type to 2, memcpy(v13+3, v7+3, v10) echoing the payload, appending RAND_pseudo_bytes padding, and sending via ssl3_write_bytes/dtls1_write_bytes with record type 24. This is the classic RFC 6520 heartbeat extension implementation containing the Heartbleed buffer over-read pattern."
80e6b42f7182c63863bf91fe8ab500f58bdb612a408dba91e369970670706ef1,arm,on,IPcamera-tp-link_zh-1.0.1e__TL-IPC223K-P--SX-V3.0,libssl.so.1.0.0,"In ssl3_read_bytes (edge_2, the gate function), a switch on record type dispatches case 24 (0x18 = TLS1_RT_HEARTBEAT) directly to tls1_process_heartbeat(a1), confirming heartbeat records are processed end-to-end. The tls1_process_heartbeat function (edge_3) reads a heartbeat message type byte, extracts a 2-byte payload length (v6 = v4[2] | (v4[1] << 8)), and for type==1 (request) allocates a response, sets type to 2 (response), memcpy's payload into the response, and sends via ssl3_write_bytes. The dtls1_process_heartbeat function (edge_1) shows identical DTLS heartbeat processing using dtls1_write_bytes. Both contain the classic Heartbleed over-read pattern (using wire-supplied length without bounds checking)."
80e6b42f7182c63863bf91fe8ab500f58bdb612a408dba91e369970670706ef1,arm,on,IPcamera-tp-link_zh-1.0.1e__TL-IPC223K-P--SX-V3.0,libssl.so.1.0.0,"In ssl3_read_bytes (edge_2, the gate function), a switch on record type dispatches case 24 (0x18 = TLS1_RT_HEARTBEAT) directly to tls1_process_heartbeat(a1), confirming heartbeat records are processed end-to-end. The tls1_process_heartbeat function (edge_3) reads a heartbeat message type byte, extracts a 2-byte payload length (v6 = v4[2] | (v4[1] << 8)), and for type==1 (request) allocates a response, sets type to 2 (response), memcpy's payload into the response, and sends via ssl3_write_bytes. The dtls1_process_heartbeat function (edge_1) shows identical DTLS heartbeat processing using dtls1_write_bytes. Both contain the classic Heartbleed over-read pattern (using wire-supplied length without bounds checking)."
80e6b42f7182c63863bf91fe8ab500f58bdb612a408dba91e369970670706ef1,arm,on,IPcamera-tp-link_zh-1.0.1e__TL-IPC423-P--SX-V3.0,libssl.so.1.0.0,"In ssl3_read_bytes (edge_2, the gate function), a switch on record type dispatches case 24 (0x18 = TLS1_RT_HEARTBEAT) directly to tls1_process_heartbeat(a1), confirming heartbeat records are processed end-to-end. The tls1_process_heartbeat function (edge_3) reads a heartbeat message type byte, extracts a 2-byte payload length (v6 = v4[2] | (v4[1] << 8)), and for type==1 (request) allocates a response, sets type to 2 (response), memcpy's payload into the response, and sends via ssl3_write_bytes. The dtls1_process_heartbeat function (edge_1) shows identical DTLS heartbeat processing using dtls1_write_bytes. Both contain the classic Heartbleed over-read pattern (using wire-supplied length without bounds checking)."
80e6b42f7182c63863bf91fe8ab500f58bdb612a408dba91e369970670706ef1,arm,on,IPcamera-tp-link_zh-1.0.1e__TL-IPC423-P--SX-V3.0,libssl.so.1.0.0,"In ssl3_read_bytes (edge_2, the gate function), a switch on record type dispatches case 24 (0x18 = TLS1_RT_HEARTBEAT) directly to tls1_process_heartbeat(a1), confirming heartbeat records are processed end-to-end. The tls1_process_heartbeat function (edge_3) reads a heartbeat message type byte, extracts a 2-byte payload length (v6 = v4[2] | (v4[1] << 8)), and for type==1 (request) allocates a response, sets type to 2 (response), memcpy's payload into the response, and sends via ssl3_write_bytes. The dtls1_process_heartbeat function (edge_1) shows identical DTLS heartbeat processing using dtls1_write_bytes. Both contain the classic Heartbleed over-read pattern (using wire-supplied length without bounds checking)."
9251bcd7cc205fbad64dc02436676e24445eff909da520b649348307639d91dd,mips,on,router-tomato-shibby-1.0.1c__244ab3274fbd4170e084c1b7d3b7cc90d16ce752,libssl.so.1.0.0,"Edge_3 (tls1_process_heartbeat) provides direct implementation evidence: reads heartbeat type byte (*v4) and 2-byte payload length (v5 = v4[2] | (v4[1]<<8)), checks type==1 (request), allocates response buffer (CRYPTO_malloc(v5+19)), sets type=2 (response), copies payload via memcpy(v10+3, v4+3, v5) without bounds validation (Heartbleed pattern), appends 16 random bytes (RAND_pseudo_bytes), and writes response via ssl3_write_bytes(a1, 24, v10, v5+19) where 24=0x18=TLS1_RT_HEARTBEAT. Additionally, edge_2 (ssl3_read_bytes) contains the gate dispatch: switch case 24 calls tls1_process_heartbeat(a1). Edge_1 (dtls1_process_heartbeat) and edge_5 (dtls1_read_bytes) confirm DTLS variant with identical dispatch pattern (if v34==24: dtls1_process_heartbeat(a1))."
9251bcd7cc205fbad64dc02436676e24445eff909da520b649348307639d91dd,mips,on,router-tomato-shibby-1.0.1c__3daf97ce6c2828062c62fac66186d23be838ca10,libssl.so.1.0.0,"Edge_3 (tls1_process_heartbeat) provides direct implementation evidence: reads heartbeat type byte (*v4) and 2-byte payload length (v5 = v4[2] | (v4[1]<<8)), checks type==1 (request), allocates response buffer (CRYPTO_malloc(v5+19)), sets type=2 (response), copies payload via memcpy(v10+3, v4+3, v5) without bounds validation (Heartbleed pattern), appends 16 random bytes (RAND_pseudo_bytes), and writes response via ssl3_write_bytes(a1, 24, v10, v5+19) where 24=0x18=TLS1_RT_HEARTBEAT. Additionally, edge_2 (ssl3_read_bytes) contains the gate dispatch: switch case 24 calls tls1_process_heartbeat(a1). Edge_1 (dtls1_process_heartbeat) and edge_5 (dtls1_read_bytes) confirm DTLS variant with identical dispatch pattern (if v34==24: dtls1_process_heartbeat(a1))."
9251bcd7cc205fbad64dc02436676e24445eff909da520b649348307639d91dd,mips,on,router-tomato-shibby-1.0.1c__3e6d63d1f93839cf6e7b7bee9cb4ba2ae3d3c488,libssl.so.1.0.0,"Edge_3 (tls1_process_heartbeat) provides direct implementation evidence: reads heartbeat type byte (*v4) and 2-byte payload length (v5 = v4[2] | (v4[1]<<8)), checks type==1 (request), allocates response buffer (CRYPTO_malloc(v5+19)), sets type=2 (response), copies payload via memcpy(v10+3, v4+3, v5) without bounds validation (Heartbleed pattern), appends 16 random bytes (RAND_pseudo_bytes), and writes response via ssl3_write_bytes(a1, 24, v10, v5+19) where 24=0x18=TLS1_RT_HEARTBEAT. Additionally, edge_2 (ssl3_read_bytes) contains the gate dispatch: switch case 24 calls tls1_process_heartbeat(a1). Edge_1 (dtls1_process_heartbeat) and edge_5 (dtls1_read_bytes) confirm DTLS variant with identical dispatch pattern (if v34==24: dtls1_process_heartbeat(a1))."
9251bcd7cc205fbad64dc02436676e24445eff909da520b649348307639d91dd,mips,on,router-tomato-shibby-1.0.1c__7895ad4e7a3e09789d77e05d532c87eeb020becf,libssl.so.1.0.0,"Edge_3 (tls1_process_heartbeat) provides direct implementation evidence: reads heartbeat type byte (*v4) and 2-byte payload length (v5 = v4[2] | (v4[1]<<8)), checks type==1 (request), allocates response buffer (CRYPTO_malloc(v5+19)), sets type=2 (response), copies payload via memcpy(v10+3, v4+3, v5) without bounds validation (Heartbleed pattern), appends 16 random bytes (RAND_pseudo_bytes), and writes response via ssl3_write_bytes(a1, 24, v10, v5+19) where 24=0x18=TLS1_RT_HEARTBEAT. Additionally, edge_2 (ssl3_read_bytes) contains the gate dispatch: switch case 24 calls tls1_process_heartbeat(a1). Edge_1 (dtls1_process_heartbeat) and edge_5 (dtls1_read_bytes) confirm DTLS variant with identical dispatch pattern (if v34==24: dtls1_process_heartbeat(a1))."
9251bcd7cc205fbad64dc02436676e24445eff909da520b649348307639d91dd,mips,on,router-tomato-shibby-1.0.1c__7c715987667eaa6cc469eec155a2094d4eda622a,libssl.so.1.0.0,"Edge_3 (tls1_process_heartbeat) provides direct implementation evidence: reads heartbeat type byte (*v4) and 2-byte payload length (v5 = v4[2] | (v4[1]<<8)), checks type==1 (request), allocates response buffer (CRYPTO_malloc(v5+19)), sets type=2 (response), copies payload via memcpy(v10+3, v4+3, v5) without bounds validation (Heartbleed pattern), appends 16 random bytes (RAND_pseudo_bytes), and writes response via ssl3_write_bytes(a1, 24, v10, v5+19) where 24=0x18=TLS1_RT_HEARTBEAT. Additionally, edge_2 (ssl3_read_bytes) contains the gate dispatch: switch case 24 calls tls1_process_heartbeat(a1). Edge_1 (dtls1_process_heartbeat) and edge_5 (dtls1_read_bytes) confirm DTLS variant with identical dispatch pattern (if v34==24: dtls1_process_heartbeat(a1))."
9251bcd7cc205fbad64dc02436676e24445eff909da520b649348307639d91dd,mips,on,router-tomato-shibby-1.0.1c__7f94fea90d81e1261244456079edbdbbae0660ef,libssl.so.1.0.0,"Edge_3 (tls1_process_heartbeat) provides direct implementation evidence: reads heartbeat type byte (*v4) and 2-byte payload length (v5 = v4[2] | (v4[1]<<8)), checks type==1 (request), allocates response buffer (CRYPTO_malloc(v5+19)), sets type=2 (response), copies payload via memcpy(v10+3, v4+3, v5) without bounds validation (Heartbleed pattern), appends 16 random bytes (RAND_pseudo_bytes), and writes response via ssl3_write_bytes(a1, 24, v10, v5+19) where 24=0x18=TLS1_RT_HEARTBEAT. Additionally, edge_2 (ssl3_read_bytes) contains the gate dispatch: switch case 24 calls tls1_process_heartbeat(a1). Edge_1 (dtls1_process_heartbeat) and edge_5 (dtls1_read_bytes) confirm DTLS variant with identical dispatch pattern (if v34==24: dtls1_process_heartbeat(a1))."
9251bcd7cc205fbad64dc02436676e24445eff909da520b649348307639d91dd,mips,on,router-tomato-shibby-1.0.1c__9a7fe7468b0f56eb55983da01df4e1e8db7c1b99,libssl.so.1.0.0,"Edge_3 (tls1_process_heartbeat) provides direct implementation evidence: reads heartbeat type byte (*v4) and 2-byte payload length (v5 = v4[2] | (v4[1]<<8)), checks type==1 (request), allocates response buffer (CRYPTO_malloc(v5+19)), sets type=2 (response), copies payload via memcpy(v10+3, v4+3, v5) without bounds validation (Heartbleed pattern), appends 16 random bytes (RAND_pseudo_bytes), and writes response via ssl3_write_bytes(a1, 24, v10, v5+19) where 24=0x18=TLS1_RT_HEARTBEAT. Additionally, edge_2 (ssl3_read_bytes) contains the gate dispatch: switch case 24 calls tls1_process_heartbeat(a1). Edge_1 (dtls1_process_heartbeat) and edge_5 (dtls1_read_bytes) confirm DTLS variant with identical dispatch pattern (if v34==24: dtls1_process_heartbeat(a1))."
9251bcd7cc205fbad64dc02436676e24445eff909da520b649348307639d91dd,mips,on,router-tomato-shibby-1.0.1c__a8b2a1163d547f32e5fbd989a20739d4bc2d9b47,libssl.so.1.0.0,"Edge_3 (tls1_process_heartbeat) provides direct implementation evidence: reads heartbeat type byte (*v4) and 2-byte payload length (v5 = v4[2] | (v4[1]<<8)), checks type==1 (request), allocates response buffer (CRYPTO_malloc(v5+19)), sets type=2 (response), copies payload via memcpy(v10+3, v4+3, v5) without bounds validation (Heartbleed pattern), appends 16 random bytes (RAND_pseudo_bytes), and writes response via ssl3_write_bytes(a1, 24, v10, v5+19) where 24=0x18=TLS1_RT_HEARTBEAT. Additionally, edge_2 (ssl3_read_bytes) contains the gate dispatch: switch case 24 calls tls1_process_heartbeat(a1). Edge_1 (dtls1_process_heartbeat) and edge_5 (dtls1_read_bytes) confirm DTLS variant with identical dispatch pattern (if v34==24: dtls1_process_heartbeat(a1))."
9251bcd7cc205fbad64dc02436676e24445eff909da520b649348307639d91dd,mips,on,router-tomato-shibby-1.0.1c__b73ee02922ef96bf8dd8a8a8ceea0f63338ce78f,libssl.so.1.0.0,"Edge_3 (tls1_process_heartbeat) provides direct implementation evidence: reads heartbeat type byte (*v4) and 2-byte payload length (v5 = v4[2] | (v4[1]<<8)), checks type==1 (request), allocates response buffer (CRYPTO_malloc(v5+19)), sets type=2 (response), copies payload via memcpy(v10+3, v4+3, v5) without bounds validation (Heartbleed pattern), appends 16 random bytes (RAND_pseudo_bytes), and writes response via ssl3_write_bytes(a1, 24, v10, v5+19) where 24=0x18=TLS1_RT_HEARTBEAT. Additionally, edge_2 (ssl3_read_bytes) contains the gate dispatch: switch case 24 calls tls1_process_heartbeat(a1). Edge_1 (dtls1_process_heartbeat) and edge_5 (dtls1_read_bytes) confirm DTLS variant with identical dispatch pattern (if v34==24: dtls1_process_heartbeat(a1))."
9251bcd7cc205fbad64dc02436676e24445eff909da520b649348307639d91dd,mips,on,router-tomato-shibby-1.0.1c__ca72b878459e7225e402cab59a42b9f351bcbaad,libssl.so.1.0.0,"Edge_3 (tls1_process_heartbeat) provides direct implementation evidence: reads heartbeat type byte (*v4) and 2-byte payload length (v5 = v4[2] | (v4[1]<<8)), checks type==1 (request), allocates response buffer (CRYPTO_malloc(v5+19)), sets type=2 (response), copies payload via memcpy(v10+3, v4+3, v5) without bounds validation (Heartbleed pattern), appends 16 random bytes (RAND_pseudo_bytes), and writes response via ssl3_write_bytes(a1, 24, v10, v5+19) where 24=0x18=TLS1_RT_HEARTBEAT. Additionally, edge_2 (ssl3_read_bytes) contains the gate dispatch: switch case 24 calls tls1_process_heartbeat(a1). Edge_1 (dtls1_process_heartbeat) and edge_5 (dtls1_read_bytes) confirm DTLS variant with identical dispatch pattern (if v34==24: dtls1_process_heartbeat(a1))."
9251bcd7cc205fbad64dc02436676e24445eff909da520b649348307639d91dd,mips,on,router-tomato-shibby-1.0.1c__d286f030710063b289ddffe30b97ad83cf08248e,libssl.so.1.0.0,"Edge_3 (tls1_process_heartbeat) provides direct implementation evidence: reads heartbeat type byte (*v4) and 2-byte payload length (v5 = v4[2] | (v4[1]<<8)), checks type==1 (request), allocates response buffer (CRYPTO_malloc(v5+19)), sets type=2 (response), copies payload via memcpy(v10+3, v4+3, v5) without bounds validation (Heartbleed pattern), appends 16 random bytes (RAND_pseudo_bytes), and writes response via ssl3_write_bytes(a1, 24, v10, v5+19) where 24=0x18=TLS1_RT_HEARTBEAT. Additionally, edge_2 (ssl3_read_bytes) contains the gate dispatch: switch case 24 calls tls1_process_heartbeat(a1). Edge_1 (dtls1_process_heartbeat) and edge_5 (dtls1_read_bytes) confirm DTLS variant with identical dispatch pattern (if v34==24: dtls1_process_heartbeat(a1))."
9251bcd7cc205fbad64dc02436676e24445eff909da520b649348307639d91dd,mips,on,router-tomato-shibby-1.0.1c__eefd381650d84570bdfecdadc06dbd687aaeebd9,libssl.so.1.0.0,"Edge_3 (tls1_process_heartbeat) provides direct implementation evidence: reads heartbeat type byte (*v4) and 2-byte payload length (v5 = v4[2] | (v4[1]<<8)), checks type==1 (request), allocates response buffer (CRYPTO_malloc(v5+19)), sets type=2 (response), copies payload via memcpy(v10+3, v4+3, v5) without bounds validation (Heartbleed pattern), appends 16 random bytes (RAND_pseudo_bytes), and writes response via ssl3_write_bytes(a1, 24, v10, v5+19) where 24=0x18=TLS1_RT_HEARTBEAT. Additionally, edge_2 (ssl3_read_bytes) contains the gate dispatch: switch case 24 calls tls1_process_heartbeat(a1). Edge_1 (dtls1_process_heartbeat) and edge_5 (dtls1_read_bytes) confirm DTLS variant with identical dispatch pattern (if v34==24: dtls1_process_heartbeat(a1))."
9e6d82b794aa18b885ca38a9c898dd0f4b2956b627a48e125ea6be7c203b5ffb,arm,on,IPcamera-tp-link_zh-1.0.1e__TL-IPC453-P--2.8_1.0,libssl.so.1.0.0,"Edge_3 (tls1_process_heartbeat) implements RFC 6520 heartbeat message processing: reads a 1-byte message type and 2-byte payload length from the wire, then when type==1 (heartbeat request), allocates a response buffer, sets type to 2 (heartbeat response), copies the payload via memcpy(v7+3, v2+3, v6) using the wire-supplied length without bounds checking (the Heartbleed over-read pattern), fills random padding via RAND_pseudo_bytes, and sends the response via ssl3_write_bytes. Additionally, edge_2 (ssl3_read_bytes) contains the gate dispatch: switch(record_type) case 24 (0x18 = TLS1_RT_HEARTBEAT) calls tls1_process_heartbeat(a1). Edge_1 (dtls1_process_heartbeat) provides the equivalent DTLS variant with the same pattern using dtls1_write_bytes."
9e6d82b794aa18b885ca38a9c898dd0f4b2956b627a48e125ea6be7c203b5ffb,arm,on,IPcamera-tp-link_zh-1.0.1e__TL-IPC453-P--X_1.0,libssl.so.1.0.0,"Edge_3 (tls1_process_heartbeat) implements RFC 6520 heartbeat message processing: reads a 1-byte message type and 2-byte payload length from the wire, then when type==1 (heartbeat request), allocates a response buffer, sets type to 2 (heartbeat response), copies the payload via memcpy(v7+3, v2+3, v6) using the wire-supplied length without bounds checking (the Heartbleed over-read pattern), fills random padding via RAND_pseudo_bytes, and sends the response via ssl3_write_bytes. Additionally, edge_2 (ssl3_read_bytes) contains the gate dispatch: switch(record_type) case 24 (0x18 = TLS1_RT_HEARTBEAT) calls tls1_process_heartbeat(a1). Edge_1 (dtls1_process_heartbeat) provides the equivalent DTLS variant with the same pattern using dtls1_write_bytes."
9e6d82b794aa18b885ca38a9c898dd0f4b2956b627a48e125ea6be7c203b5ffb,arm,on,IPcamera-tp-link_zh-1.0.1e__TL-IPC55X-P--X_1.0,libssl.so.1.0.0,"Edge_3 (tls1_process_heartbeat) implements RFC 6520 heartbeat message processing: reads a 1-byte message type and 2-byte payload length from the wire, then when type==1 (heartbeat request), allocates a response buffer, sets type to 2 (heartbeat response), copies the payload via memcpy(v7+3, v2+3, v6) using the wire-supplied length without bounds checking (the Heartbleed over-read pattern), fills random padding via RAND_pseudo_bytes, and sends the response via ssl3_write_bytes. Additionally, edge_2 (ssl3_read_bytes) contains the gate dispatch: switch(record_type) case 24 (0x18 = TLS1_RT_HEARTBEAT) calls tls1_process_heartbeat(a1). Edge_1 (dtls1_process_heartbeat) provides the equivalent DTLS variant with the same pattern using dtls1_write_bytes."
9e6d82b794aa18b885ca38a9c898dd0f4b2956b627a48e125ea6be7c203b5ffb,arm,on,IPcamera-tp-link_zh-1.0.1e__TL-IPC55X-P--X_2.0,libssl.so.1.0.0,"Edge_3 (tls1_process_heartbeat) implements RFC 6520 heartbeat message processing: reads a 1-byte message type and 2-byte payload length from the wire, then when type==1 (heartbeat request), allocates a response buffer, sets type to 2 (heartbeat response), copies the payload via memcpy(v7+3, v2+3, v6) using the wire-supplied length without bounds checking (the Heartbleed over-read pattern), fills random padding via RAND_pseudo_bytes, and sends the response via ssl3_write_bytes. Additionally, edge_2 (ssl3_read_bytes) contains the gate dispatch: switch(record_type) case 24 (0x18 = TLS1_RT_HEARTBEAT) calls tls1_process_heartbeat(a1). Edge_1 (dtls1_process_heartbeat) provides the equivalent DTLS variant with the same pattern using dtls1_write_bytes."
9f8585712c9a3ac21601b62027d9f5afb5712c1c765db46ad695264393fd148d,mips,on,router-tomato-shibby-1.0.1c__312c263920eaf1accf6c1faff9aa04976305beed,libssl.so.1.0.0,"Winner edge_3 (tls1_process_heartbeat) plus gate edge_2 (ssl3_read_bytes): In ssl3_read_bytes, a switch on record type dispatches `case 24: tls1_process_heartbeat(a1)` — record type 0x18 = TLS1_RT_HEARTBEAT. The tls1_process_heartbeat function reads a 1-byte heartbeat type (v6=*v4), a 2-byte big-endian payload length (v5=v4[2]|(v4[1]<<8)), and on type==1 (heartbeat request) allocates v5+19 bytes, sets response type=2, does `memcpy(v10+3, v4+3, v5)` without validating v5 against actual record length, appends 16 random bytes via RAND_pseudo_bytes, and sends via `ssl3_write_bytes(a1, 24, v10, v5+19)`. The dtls1_process_heartbeat (edge_1) shows identical logic via dtls1_write_bytes. This is the complete RFC 6520 heartbeat implementation including the Heartbleed over-read pattern."
a4bced4e3dc3db09a75f8cdd4e4bb79af07eb9d54f367e28691339ca04a8abae,mips,on,IPcamera-dlink-1.0.1f__DCS-933L_REVA_FIRMWARE_1.13.05,libssl.so.1.0.0,"Edge_2 (ssl3_read_bytes) contains the heartbeat dispatch gate: when record type == 24 (TLS1_RT_HEARTBEAT / 0x18), it calls tls1_process_heartbeat(a1). Edge_3 (tls1_process_heartbeat) shows full RFC 6520 heartbeat processing: reads 2-byte payload length from wire `(v4[1] << 8) | v4[2]`, allocates response buffer via CRYPTO_malloc(payload_len + 19), sets response type to 2, performs memcpy(buf+3, payload) without bounds-checking payload_len against actual record length (Heartbleed pattern), appends 16 random padding bytes via RAND_pseudo_bytes, and sends response via ssl3_write_bytes. Edge_1 (dtls1_process_heartbeat) shows the equivalent DTLS variant with the same pattern using dtls1_write_bytes. Both TLS and DTLS heartbeat processing functions and their dispatch paths in the SSL3/DTLS1 read functions are present and active."
a9c971215657769654cde8559d5de91ef90f0792f83e2616d75f8fbdd4707e59,arm,on,others-tp-link_zh-1.0.1e__TL-NVR6100K_V1.0_1.0.37_Build_190411_Rel.39503n,libssl.so.1.0.0,"In ssl3_read_bytes (edge_2), a switch on SSL record content type dispatches case 24 (0x18 = TLS1_RT_HEARTBEAT) directly to tls1_process_heartbeat(a1). The tls1_process_heartbeat function (edge_3) reads a 2-byte payload length (v9 = v7[2] | (v7[1] << 8)), allocates a response buffer, sets type byte to 2 (response), copies payload via memcpy(v10+3, v7+3, v9) without bounds checking, adds 16 random padding bytes via RAND_pseudo_bytes, and sends via ssl3_write_bytes(a1, 24, v11, v9+19). The DTLS variant dtls1_process_heartbeat (edge_1) shows the same pattern calling dtls1_write_bytes. This is complete RFC 6520 heartbeat extension support including the Heartbleed over-read vulnerability."
a9c971215657769654cde8559d5de91ef90f0792f83e2616d75f8fbdd4707e59,arm,on,others-tp-link_zh-1.0.1e__TL-NVR6100K_V1.0_1.0.37_Build_190411_Rel.39503n,libssl.so.1.0.0,"In ssl3_read_bytes (edge_2), a switch on SSL record content type dispatches case 24 (0x18 = TLS1_RT_HEARTBEAT) directly to tls1_process_heartbeat(a1). The tls1_process_heartbeat function (edge_3) reads a 2-byte payload length (v9 = v7[2] | (v7[1] << 8)), allocates a response buffer, sets type byte to 2 (response), copies payload via memcpy(v10+3, v7+3, v9) without bounds checking, adds 16 random padding bytes via RAND_pseudo_bytes, and sends via ssl3_write_bytes(a1, 24, v11, v9+19). The DTLS variant dtls1_process_heartbeat (edge_1) shows the same pattern calling dtls1_write_bytes. This is complete RFC 6520 heartbeat extension support including the Heartbleed over-read vulnerability."
a9c971215657769654cde8559d5de91ef90f0792f83e2616d75f8fbdd4707e59,arm,on,others-tp-link_zh-1.0.1e__TL-NVR6100K_V2.0_1.0.10_Build_190621_Rel.43396n,libssl.so.1.0.0,"In ssl3_read_bytes (edge_2), a switch on SSL record content type dispatches case 24 (0x18 = TLS1_RT_HEARTBEAT) directly to tls1_process_heartbeat(a1). The tls1_process_heartbeat function (edge_3) reads a 2-byte payload length (v9 = v7[2] | (v7[1] << 8)), allocates a response buffer, sets type byte to 2 (response), copies payload via memcpy(v10+3, v7+3, v9) without bounds checking, adds 16 random padding bytes via RAND_pseudo_bytes, and sends via ssl3_write_bytes(a1, 24, v11, v9+19). The DTLS variant dtls1_process_heartbeat (edge_1) shows the same pattern calling dtls1_write_bytes. This is complete RFC 6520 heartbeat extension support including the Heartbleed over-read vulnerability."
a9c971215657769654cde8559d5de91ef90f0792f83e2616d75f8fbdd4707e59,arm,on,others-tp-link_zh-1.0.1e__TL-NVR6100K_V2.0_1.0.10_Build_190621_Rel.43396n,libssl.so.1.0.0,"In ssl3_read_bytes (edge_2), a switch on SSL record content type dispatches case 24 (0x18 = TLS1_RT_HEARTBEAT) directly to tls1_process_heartbeat(a1). The tls1_process_heartbeat function (edge_3) reads a 2-byte payload length (v9 = v7[2] | (v7[1] << 8)), allocates a response buffer, sets type byte to 2 (response), copies payload via memcpy(v10+3, v7+3, v9) without bounds checking, adds 16 random padding bytes via RAND_pseudo_bytes, and sends via ssl3_write_bytes(a1, 24, v11, v9+19). The DTLS variant dtls1_process_heartbeat (edge_1) shows the same pattern calling dtls1_write_bytes. This is complete RFC 6520 heartbeat extension support including the Heartbleed over-read vulnerability."
a9c971215657769654cde8559d5de91ef90f0792f83e2616d75f8fbdd4707e59,arm,on,others-tp-link_zh-1.0.1e__TL-NVR6100_V1.0_1.0.12_Build_190617_Rel.70392n,libssl.so.1.0.0,"In ssl3_read_bytes (edge_2), a switch on SSL record content type dispatches case 24 (0x18 = TLS1_RT_HEARTBEAT) directly to tls1_process_heartbeat(a1). The tls1_process_heartbeat function (edge_3) reads a 2-byte payload length (v9 = v7[2] | (v7[1] << 8)), allocates a response buffer, sets type byte to 2 (response), copies payload via memcpy(v10+3, v7+3, v9) without bounds checking, adds 16 random padding bytes via RAND_pseudo_bytes, and sends via ssl3_write_bytes(a1, 24, v11, v9+19). The DTLS variant dtls1_process_heartbeat (edge_1) shows the same pattern calling dtls1_write_bytes. This is complete RFC 6520 heartbeat extension support including the Heartbleed over-read vulnerability."
a9c971215657769654cde8559d5de91ef90f0792f83e2616d75f8fbdd4707e59,arm,on,others-tp-link_zh-1.0.1e__TL-NVR6102C_V1.0_1.0.16_Build_190626_Rel.39297n,libssl.so.1.0.0,"In ssl3_read_bytes (edge_2), a switch on SSL record content type dispatches case 24 (0x18 = TLS1_RT_HEARTBEAT) directly to tls1_process_heartbeat(a1). The tls1_process_heartbeat function (edge_3) reads a 2-byte payload length (v9 = v7[2] | (v7[1] << 8)), allocates a response buffer, sets type byte to 2 (response), copies payload via memcpy(v10+3, v7+3, v9) without bounds checking, adds 16 random padding bytes via RAND_pseudo_bytes, and sends via ssl3_write_bytes(a1, 24, v11, v9+19). The DTLS variant dtls1_process_heartbeat (edge_1) shows the same pattern calling dtls1_write_bytes. This is complete RFC 6520 heartbeat extension support including the Heartbleed over-read vulnerability."
a9c971215657769654cde8559d5de91ef90f0792f83e2616d75f8fbdd4707e59,arm,on,others-tp-link_zh-1.0.1e__TL-NVR6102C_V1.0_1.0.16_Build_190626_Rel.39297n,libssl.so.1.0.0,"In ssl3_read_bytes (edge_2), a switch on SSL record content type dispatches case 24 (0x18 = TLS1_RT_HEARTBEAT) directly to tls1_process_heartbeat(a1). The tls1_process_heartbeat function (edge_3) reads a 2-byte payload length (v9 = v7[2] | (v7[1] << 8)), allocates a response buffer, sets type byte to 2 (response), copies payload via memcpy(v10+3, v7+3, v9) without bounds checking, adds 16 random padding bytes via RAND_pseudo_bytes, and sends via ssl3_write_bytes(a1, 24, v11, v9+19). The DTLS variant dtls1_process_heartbeat (edge_1) shows the same pattern calling dtls1_write_bytes. This is complete RFC 6520 heartbeat extension support including the Heartbleed over-read vulnerability."
a9c971215657769654cde8559d5de91ef90f0792f83e2616d75f8fbdd4707e59,arm,on,others-tp-link_zh-1.0.1e__TL-NVR6108PE_V2.0_1.0.8_Build_190327_Rel.62423n,libssl.so.1.0.0,"In ssl3_read_bytes (edge_2), a switch on SSL record content type dispatches case 24 (0x18 = TLS1_RT_HEARTBEAT) directly to tls1_process_heartbeat(a1). The tls1_process_heartbeat function (edge_3) reads a 2-byte payload length (v9 = v7[2] | (v7[1] << 8)), allocates a response buffer, sets type byte to 2 (response), copies payload via memcpy(v10+3, v7+3, v9) without bounds checking, adds 16 random padding bytes via RAND_pseudo_bytes, and sends via ssl3_write_bytes(a1, 24, v11, v9+19). The DTLS variant dtls1_process_heartbeat (edge_1) shows the same pattern calling dtls1_write_bytes. This is complete RFC 6520 heartbeat extension support including the Heartbleed over-read vulnerability."
a9c971215657769654cde8559d5de91ef90f0792f83e2616d75f8fbdd4707e59,arm,on,others-tp-link_zh-1.0.1e__TL-NVR6108PE_V2.0_1.0.8_Build_190327_Rel.62423n,libssl.so.1.0.0,"In ssl3_read_bytes (edge_2), a switch on SSL record content type dispatches case 24 (0x18 = TLS1_RT_HEARTBEAT) directly to tls1_process_heartbeat(a1). The tls1_process_heartbeat function (edge_3) reads a 2-byte payload length (v9 = v7[2] | (v7[1] << 8)), allocates a response buffer, sets type byte to 2 (response), copies payload via memcpy(v10+3, v7+3, v9) without bounds checking, adds 16 random padding bytes via RAND_pseudo_bytes, and sends via ssl3_write_bytes(a1, 24, v11, v9+19). The DTLS variant dtls1_process_heartbeat (edge_1) shows the same pattern calling dtls1_write_bytes. This is complete RFC 6520 heartbeat extension support including the Heartbleed over-read vulnerability."
a9c971215657769654cde8559d5de91ef90f0792f83e2616d75f8fbdd4707e59,arm,on,others-tp-link_zh-1.0.1e__TL-NVR6200_V1.0_1.0.12_Build_181206_Rel.69216n,libssl.so.1.0.0,"In ssl3_read_bytes (edge_2), a switch on SSL record content type dispatches case 24 (0x18 = TLS1_RT_HEARTBEAT) directly to tls1_process_heartbeat(a1). The tls1_process_heartbeat function (edge_3) reads a 2-byte payload length (v9 = v7[2] | (v7[1] << 8)), allocates a response buffer, sets type byte to 2 (response), copies payload via memcpy(v10+3, v7+3, v9) without bounds checking, adds 16 random padding bytes via RAND_pseudo_bytes, and sends via ssl3_write_bytes(a1, 24, v11, v9+19). The DTLS variant dtls1_process_heartbeat (edge_1) shows the same pattern calling dtls1_write_bytes. This is complete RFC 6520 heartbeat extension support including the Heartbleed over-read vulnerability."
ad44d50664e4b64ce3a8d074d1499698f10edc37b5f19796f113dfb8bc14176b,mips,on,IPcamera-tp-link_zh-1.0.1e__IPC323-KP--DXV1,libssl.so.1.0.0,"In ssl3_read_bytes (edge_2), the record-type switch statement contains `case 24:` (0x18 = TLS1_RT_HEARTBEAT) which calls `tls1_process_heartbeat(a1, 21)`, confirming heartbeat messages are dispatched to the heartbeat handler. The handler function tls1_process_heartbeat (edge_3) reads a 2-byte payload length from wire `(v2[1]<<8)|v2[2]`, checks request type (v5==1), allocates response buffer with CRYPTO_malloc(v6+19), sets response type to 2, memcpy's v6 bytes from input (the Heartbleed over-read), adds 16 random bytes via RAND_pseudo_bytes, and sends via ssl3_write_bytes with record type 24. The DTLS variant dtls1_process_heartbeat (edge_6) shows identical logic using dtls1_write_bytes. Both TLS and DTLS heartbeat processing and dispatch paths are present and wired into the SSL state machine."
ad44d50664e4b64ce3a8d074d1499698f10edc37b5f19796f113dfb8bc14176b,mips,on,IPcamera-tp-link_zh-1.0.1e__IPC325-KP--DXV1,libssl.so.1.0.0,"In ssl3_read_bytes (edge_2), the record-type switch statement contains `case 24:` (0x18 = TLS1_RT_HEARTBEAT) which calls `tls1_process_heartbeat(a1, 21)`, confirming heartbeat messages are dispatched to the heartbeat handler. The handler function tls1_process_heartbeat (edge_3) reads a 2-byte payload length from wire `(v2[1]<<8)|v2[2]`, checks request type (v5==1), allocates response buffer with CRYPTO_malloc(v6+19), sets response type to 2, memcpy's v6 bytes from input (the Heartbleed over-read), adds 16 random bytes via RAND_pseudo_bytes, and sends via ssl3_write_bytes with record type 24. The DTLS variant dtls1_process_heartbeat (edge_6) shows identical logic using dtls1_write_bytes. Both TLS and DTLS heartbeat processing and dispatch paths are present and wired into the SSL state machine."
ad44d50664e4b64ce3a8d074d1499698f10edc37b5f19796f113dfb8bc14176b,mips,on,IPcamera-tp-link_zh-1.0.1e__TL-IPC223-P--2.8_CN_1_1_13_UP_BOOT-170228-,libssl.so.1.0.0,"In ssl3_read_bytes (edge_2), the record-type switch statement contains `case 24:` (0x18 = TLS1_RT_HEARTBEAT) which calls `tls1_process_heartbeat(a1, 21)`, confirming heartbeat messages are dispatched to the heartbeat handler. The handler function tls1_process_heartbeat (edge_3) reads a 2-byte payload length from wire `(v2[1]<<8)|v2[2]`, checks request type (v5==1), allocates response buffer with CRYPTO_malloc(v6+19), sets response type to 2, memcpy's v6 bytes from input (the Heartbleed over-read), adds 16 random bytes via RAND_pseudo_bytes, and sends via ssl3_write_bytes with record type 24. The DTLS variant dtls1_process_heartbeat (edge_6) shows identical logic using dtls1_write_bytes. Both TLS and DTLS heartbeat processing and dispatch paths are present and wired into the SSL state machine."
ad44d50664e4b64ce3a8d074d1499698f10edc37b5f19796f113dfb8bc14176b,mips,on,IPcamera-tp-link_zh-1.0.1e__TL-IPC223-P--4_CN_1_1_13_UP_BOOT-170228-,libssl.so.1.0.0,"In ssl3_read_bytes (edge_2), the record-type switch statement contains `case 24:` (0x18 = TLS1_RT_HEARTBEAT) which calls `tls1_process_heartbeat(a1, 21)`, confirming heartbeat messages are dispatched to the heartbeat handler. The handler function tls1_process_heartbeat (edge_3) reads a 2-byte payload length from wire `(v2[1]<<8)|v2[2]`, checks request type (v5==1), allocates response buffer with CRYPTO_malloc(v6+19), sets response type to 2, memcpy's v6 bytes from input (the Heartbleed over-read), adds 16 random bytes via RAND_pseudo_bytes, and sends via ssl3_write_bytes with record type 24. The DTLS variant dtls1_process_heartbeat (edge_6) shows identical logic using dtls1_write_bytes. Both TLS and DTLS heartbeat processing and dispatch paths are present and wired into the SSL state machine."
ad44d50664e4b64ce3a8d074d1499698f10edc37b5f19796f113dfb8bc14176b,mips,on,IPcamera-tp-link_zh-1.0.1e__TL-IPC223-P--6_CN_1_1_14_UP_BOOT-170302-,libssl.so.1.0.0,"In ssl3_read_bytes (edge_2), the record-type switch statement contains `case 24:` (0x18 = TLS1_RT_HEARTBEAT) which calls `tls1_process_heartbeat(a1, 21)`, confirming heartbeat messages are dispatched to the heartbeat handler. The handler function tls1_process_heartbeat (edge_3) reads a 2-byte payload length from wire `(v2[1]<<8)|v2[2]`, checks request type (v5==1), allocates response buffer with CRYPTO_malloc(v6+19), sets response type to 2, memcpy's v6 bytes from input (the Heartbleed over-read), adds 16 random bytes via RAND_pseudo_bytes, and sends via ssl3_write_bytes with record type 24. The DTLS variant dtls1_process_heartbeat (edge_6) shows identical logic using dtls1_write_bytes. Both TLS and DTLS heartbeat processing and dispatch paths are present and wired into the SSL state machine."
ad44d50664e4b64ce3a8d074d1499698f10edc37b5f19796f113dfb8bc14176b,mips,on,IPcamera-tp-link_zh-1.0.1e__TL-IPC223K-P--2.8_CN_1_1_13_UP_BOOT-170228-,libssl.so.1.0.0,"In ssl3_read_bytes (edge_2), the record-type switch statement contains `case 24:` (0x18 = TLS1_RT_HEARTBEAT) which calls `tls1_process_heartbeat(a1, 21)`, confirming heartbeat messages are dispatched to the heartbeat handler. The handler function tls1_process_heartbeat (edge_3) reads a 2-byte payload length from wire `(v2[1]<<8)|v2[2]`, checks request type (v5==1), allocates response buffer with CRYPTO_malloc(v6+19), sets response type to 2, memcpy's v6 bytes from input (the Heartbleed over-read), adds 16 random bytes via RAND_pseudo_bytes, and sends via ssl3_write_bytes with record type 24. The DTLS variant dtls1_process_heartbeat (edge_6) shows identical logic using dtls1_write_bytes. Both TLS and DTLS heartbeat processing and dispatch paths are present and wired into the SSL state machine."
ad44d50664e4b64ce3a8d074d1499698f10edc37b5f19796f113dfb8bc14176b,mips,on,IPcamera-tp-link_zh-1.0.1e__TL-IPC223K-P--4_CN_1_1_13_UP_BOOT-170228-,libssl.so.1.0.0,"In ssl3_read_bytes (edge_2), the record-type switch statement contains `case 24:` (0x18 = TLS1_RT_HEARTBEAT) which calls `tls1_process_heartbeat(a1, 21)`, confirming heartbeat messages are dispatched to the heartbeat handler. The handler function tls1_process_heartbeat (edge_3) reads a 2-byte payload length from wire `(v2[1]<<8)|v2[2]`, checks request type (v5==1), allocates response buffer with CRYPTO_malloc(v6+19), sets response type to 2, memcpy's v6 bytes from input (the Heartbleed over-read), adds 16 random bytes via RAND_pseudo_bytes, and sends via ssl3_write_bytes with record type 24. The DTLS variant dtls1_process_heartbeat (edge_6) shows identical logic using dtls1_write_bytes. Both TLS and DTLS heartbeat processing and dispatch paths are present and wired into the SSL state machine."
ad44d50664e4b64ce3a8d074d1499698f10edc37b5f19796f113dfb8bc14176b,mips,on,IPcamera-tp-link_zh-1.0.1e__TL-IPC223K-P--6_CN_1_1_14_UP_BOOT-170302-,libssl.so.1.0.0,"In ssl3_read_bytes (edge_2), the record-type switch statement contains `case 24:` (0x18 = TLS1_RT_HEARTBEAT) which calls `tls1_process_heartbeat(a1, 21)`, confirming heartbeat messages are dispatched to the heartbeat handler. The handler function tls1_process_heartbeat (edge_3) reads a 2-byte payload length from wire `(v2[1]<<8)|v2[2]`, checks request type (v5==1), allocates response buffer with CRYPTO_malloc(v6+19), sets response type to 2, memcpy's v6 bytes from input (the Heartbleed over-read), adds 16 random bytes via RAND_pseudo_bytes, and sends via ssl3_write_bytes with record type 24. The DTLS variant dtls1_process_heartbeat (edge_6) shows identical logic using dtls1_write_bytes. Both TLS and DTLS heartbeat processing and dispatch paths are present and wired into the SSL state machine."
ad44d50664e4b64ce3a8d074d1499698f10edc37b5f19796f113dfb8bc14176b,mips,on,IPcamera-tp-link_zh-1.0.1e__TL-IPC223K-P--8,libssl.so.1.0.0,"In ssl3_read_bytes (edge_2), the record-type switch statement contains `case 24:` (0x18 = TLS1_RT_HEARTBEAT) which calls `tls1_process_heartbeat(a1, 21)`, confirming heartbeat messages are dispatched to the heartbeat handler. The handler function tls1_process_heartbeat (edge_3) reads a 2-byte payload length from wire `(v2[1]<<8)|v2[2]`, checks request type (v5==1), allocates response buffer with CRYPTO_malloc(v6+19), sets response type to 2, memcpy's v6 bytes from input (the Heartbleed over-read), adds 16 random bytes via RAND_pseudo_bytes, and sends via ssl3_write_bytes with record type 24. The DTLS variant dtls1_process_heartbeat (edge_6) shows identical logic using dtls1_write_bytes. Both TLS and DTLS heartbeat processing and dispatch paths are present and wired into the SSL state machine."
ad44d50664e4b64ce3a8d074d1499698f10edc37b5f19796f113dfb8bc14176b,mips,on,IPcamera-tp-link_zh-1.0.1e__TL-IPC22V2,libssl.so.1.0.0,"In ssl3_read_bytes (edge_2), the record-type switch statement contains `case 24:` (0x18 = TLS1_RT_HEARTBEAT) which calls `tls1_process_heartbeat(a1, 21)`, confirming heartbeat messages are dispatched to the heartbeat handler. The handler function tls1_process_heartbeat (edge_3) reads a 2-byte payload length from wire `(v2[1]<<8)|v2[2]`, checks request type (v5==1), allocates response buffer with CRYPTO_malloc(v6+19), sets response type to 2, memcpy's v6 bytes from input (the Heartbleed over-read), adds 16 random bytes via RAND_pseudo_bytes, and sends via ssl3_write_bytes with record type 24. The DTLS variant dtls1_process_heartbeat (edge_6) shows identical logic using dtls1_write_bytes. Both TLS and DTLS heartbeat processing and dispatch paths are present and wired into the SSL state machine."
ad44d50664e4b64ce3a8d074d1499698f10edc37b5f19796f113dfb8bc14176b,mips,on,IPcamera-tp-link_zh-1.0.1e__TL-IPC323-KP--4,libssl.so.1.0.0,"In ssl3_read_bytes (edge_2), the record-type switch statement contains `case 24:` (0x18 = TLS1_RT_HEARTBEAT) which calls `tls1_process_heartbeat(a1, 21)`, confirming heartbeat messages are dispatched to the heartbeat handler. The handler function tls1_process_heartbeat (edge_3) reads a 2-byte payload length from wire `(v2[1]<<8)|v2[2]`, checks request type (v5==1), allocates response buffer with CRYPTO_malloc(v6+19), sets response type to 2, memcpy's v6 bytes from input (the Heartbleed over-read), adds 16 random bytes via RAND_pseudo_bytes, and sends via ssl3_write_bytes with record type 24. The DTLS variant dtls1_process_heartbeat (edge_6) shows identical logic using dtls1_write_bytes. Both TLS and DTLS heartbeat processing and dispatch paths are present and wired into the SSL state machine."
ad44d50664e4b64ce3a8d074d1499698f10edc37b5f19796f113dfb8bc14176b,mips,on,IPcamera-tp-link_zh-1.0.1e__TL-IPC323-KP--6,libssl.so.1.0.0,"In ssl3_read_bytes (edge_2), the record-type switch statement contains `case 24:` (0x18 = TLS1_RT_HEARTBEAT) which calls `tls1_process_heartbeat(a1, 21)`, confirming heartbeat messages are dispatched to the heartbeat handler. The handler function tls1_process_heartbeat (edge_3) reads a 2-byte payload length from wire `(v2[1]<<8)|v2[2]`, checks request type (v5==1), allocates response buffer with CRYPTO_malloc(v6+19), sets response type to 2, memcpy's v6 bytes from input (the Heartbleed over-read), adds 16 random bytes via RAND_pseudo_bytes, and sends via ssl3_write_bytes with record type 24. The DTLS variant dtls1_process_heartbeat (edge_6) shows identical logic using dtls1_write_bytes. Both TLS and DTLS heartbeat processing and dispatch paths are present and wired into the SSL state machine."
ad44d50664e4b64ce3a8d074d1499698f10edc37b5f19796f113dfb8bc14176b,mips,on,IPcamera-tp-link_zh-1.0.1e__TL-IPC323K-4-W10-V5.0,libssl.so.1.0.0,"In ssl3_read_bytes (edge_2), the record-type switch statement contains `case 24:` (0x18 = TLS1_RT_HEARTBEAT) which calls `tls1_process_heartbeat(a1, 21)`, confirming heartbeat messages are dispatched to the heartbeat handler. The handler function tls1_process_heartbeat (edge_3) reads a 2-byte payload length from wire `(v2[1]<<8)|v2[2]`, checks request type (v5==1), allocates response buffer with CRYPTO_malloc(v6+19), sets response type to 2, memcpy's v6 bytes from input (the Heartbleed over-read), adds 16 random bytes via RAND_pseudo_bytes, and sends via ssl3_write_bytes with record type 24. The DTLS variant dtls1_process_heartbeat (edge_6) shows identical logic using dtls1_write_bytes. Both TLS and DTLS heartbeat processing and dispatch paths are present and wired into the SSL state machine."
ad44d50664e4b64ce3a8d074d1499698f10edc37b5f19796f113dfb8bc14176b,mips,on,IPcamera-tp-link_zh-1.0.1e__TL-IPC323K-4-W10_3.0,libssl.so.1.0.0,"In ssl3_read_bytes (edge_2), the record-type switch statement contains `case 24:` (0x18 = TLS1_RT_HEARTBEAT) which calls `tls1_process_heartbeat(a1, 21)`, confirming heartbeat messages are dispatched to the heartbeat handler. The handler function tls1_process_heartbeat (edge_3) reads a 2-byte payload length from wire `(v2[1]<<8)|v2[2]`, checks request type (v5==1), allocates response buffer with CRYPTO_malloc(v6+19), sets response type to 2, memcpy's v6 bytes from input (the Heartbleed over-read), adds 16 random bytes via RAND_pseudo_bytes, and sends via ssl3_write_bytes with record type 24. The DTLS variant dtls1_process_heartbeat (edge_6) shows identical logic using dtls1_write_bytes. Both TLS and DTLS heartbeat processing and dispatch paths are present and wired into the SSL state machine."
ad44d50664e4b64ce3a8d074d1499698f10edc37b5f19796f113dfb8bc14176b,mips,on,IPcamera-tp-link_zh-1.0.1e__TL-IPC323K-DX-V1.0,libssl.so.1.0.0,"In ssl3_read_bytes (edge_2), the record-type switch statement contains `case 24:` (0x18 = TLS1_RT_HEARTBEAT) which calls `tls1_process_heartbeat(a1, 21)`, confirming heartbeat messages are dispatched to the heartbeat handler. The handler function tls1_process_heartbeat (edge_3) reads a 2-byte payload length from wire `(v2[1]<<8)|v2[2]`, checks request type (v5==1), allocates response buffer with CRYPTO_malloc(v6+19), sets response type to 2, memcpy's v6 bytes from input (the Heartbleed over-read), adds 16 random bytes via RAND_pseudo_bytes, and sends via ssl3_write_bytes with record type 24. The DTLS variant dtls1_process_heartbeat (edge_6) shows identical logic using dtls1_write_bytes. Both TLS and DTLS heartbeat processing and dispatch paths are present and wired into the SSL state machine."
ad44d50664e4b64ce3a8d074d1499698f10edc37b5f19796f113dfb8bc14176b,mips,on,IPcamera-tp-link_zh-1.0.1e__TL-IPC323K-P--X,libssl.so.1.0.0,"In ssl3_read_bytes (edge_2), the record-type switch statement contains `case 24:` (0x18 = TLS1_RT_HEARTBEAT) which calls `tls1_process_heartbeat(a1, 21)`, confirming heartbeat messages are dispatched to the heartbeat handler. The handler function tls1_process_heartbeat (edge_3) reads a 2-byte payload length from wire `(v2[1]<<8)|v2[2]`, checks request type (v5==1), allocates response buffer with CRYPTO_malloc(v6+19), sets response type to 2, memcpy's v6 bytes from input (the Heartbleed over-read), adds 16 random bytes via RAND_pseudo_bytes, and sends via ssl3_write_bytes with record type 24. The DTLS variant dtls1_process_heartbeat (edge_6) shows identical logic using dtls1_write_bytes. Both TLS and DTLS heartbeat processing and dispatch paths are present and wired into the SSL state machine."
ad44d50664e4b64ce3a8d074d1499698f10edc37b5f19796f113dfb8bc14176b,mips,on,IPcamera-tp-link_zh-1.0.1e__TL-IPC323KP-DX-V1.0,libssl.so.1.0.0,"In ssl3_read_bytes (edge_2), the record-type switch statement contains `case 24:` (0x18 = TLS1_RT_HEARTBEAT) which calls `tls1_process_heartbeat(a1, 21)`, confirming heartbeat messages are dispatched to the heartbeat handler. The handler function tls1_process_heartbeat (edge_3) reads a 2-byte payload length from wire `(v2[1]<<8)|v2[2]`, checks request type (v5==1), allocates response buffer with CRYPTO_malloc(v6+19), sets response type to 2, memcpy's v6 bytes from input (the Heartbleed over-read), adds 16 random bytes via RAND_pseudo_bytes, and sends via ssl3_write_bytes with record type 24. The DTLS variant dtls1_process_heartbeat (edge_6) shows identical logic using dtls1_write_bytes. Both TLS and DTLS heartbeat processing and dispatch paths are present and wired into the SSL state machine."
ad44d50664e4b64ce3a8d074d1499698f10edc37b5f19796f113dfb8bc14176b,mips,on,IPcamera-tp-link_zh-1.0.1e__TL-IPC325-KP--12,libssl.so.1.0.0,"In ssl3_read_bytes (edge_2), the record-type switch statement contains `case 24:` (0x18 = TLS1_RT_HEARTBEAT) which calls `tls1_process_heartbeat(a1, 21)`, confirming heartbeat messages are dispatched to the heartbeat handler. The handler function tls1_process_heartbeat (edge_3) reads a 2-byte payload length from wire `(v2[1]<<8)|v2[2]`, checks request type (v5==1), allocates response buffer with CRYPTO_malloc(v6+19), sets response type to 2, memcpy's v6 bytes from input (the Heartbleed over-read), adds 16 random bytes via RAND_pseudo_bytes, and sends via ssl3_write_bytes with record type 24. The DTLS variant dtls1_process_heartbeat (edge_6) shows identical logic using dtls1_write_bytes. Both TLS and DTLS heartbeat processing and dispatch paths are present and wired into the SSL state machine."
ad44d50664e4b64ce3a8d074d1499698f10edc37b5f19796f113dfb8bc14176b,mips,on,IPcamera-tp-link_zh-1.0.1e__TL-IPC325-KP--4,libssl.so.1.0.0,"In ssl3_read_bytes (edge_2), the record-type switch statement contains `case 24:` (0x18 = TLS1_RT_HEARTBEAT) which calls `tls1_process_heartbeat(a1, 21)`, confirming heartbeat messages are dispatched to the heartbeat handler. The handler function tls1_process_heartbeat (edge_3) reads a 2-byte payload length from wire `(v2[1]<<8)|v2[2]`, checks request type (v5==1), allocates response buffer with CRYPTO_malloc(v6+19), sets response type to 2, memcpy's v6 bytes from input (the Heartbleed over-read), adds 16 random bytes via RAND_pseudo_bytes, and sends via ssl3_write_bytes with record type 24. The DTLS variant dtls1_process_heartbeat (edge_6) shows identical logic using dtls1_write_bytes. Both TLS and DTLS heartbeat processing and dispatch paths are present and wired into the SSL state machine."
ad44d50664e4b64ce3a8d074d1499698f10edc37b5f19796f113dfb8bc14176b,mips,on,IPcamera-tp-link_zh-1.0.1e__TL-IPC325-KP--6,libssl.so.1.0.0,"In ssl3_read_bytes (edge_2), the record-type switch statement contains `case 24:` (0x18 = TLS1_RT_HEARTBEAT) which calls `tls1_process_heartbeat(a1, 21)`, confirming heartbeat messages are dispatched to the heartbeat handler. The handler function tls1_process_heartbeat (edge_3) reads a 2-byte payload length from wire `(v2[1]<<8)|v2[2]`, checks request type (v5==1), allocates response buffer with CRYPTO_malloc(v6+19), sets response type to 2, memcpy's v6 bytes from input (the Heartbleed over-read), adds 16 random bytes via RAND_pseudo_bytes, and sends via ssl3_write_bytes with record type 24. The DTLS variant dtls1_process_heartbeat (edge_6) shows identical logic using dtls1_write_bytes. Both TLS and DTLS heartbeat processing and dispatch paths are present and wired into the SSL state machine."
ad44d50664e4b64ce3a8d074d1499698f10edc37b5f19796f113dfb8bc14176b,mips,on,IPcamera-tp-link_zh-1.0.1e__TL-IPC325-KP--8,libssl.so.1.0.0,"In ssl3_read_bytes (edge_2), the record-type switch statement contains `case 24:` (0x18 = TLS1_RT_HEARTBEAT) which calls `tls1_process_heartbeat(a1, 21)`, confirming heartbeat messages are dispatched to the heartbeat handler. The handler function tls1_process_heartbeat (edge_3) reads a 2-byte payload length from wire `(v2[1]<<8)|v2[2]`, checks request type (v5==1), allocates response buffer with CRYPTO_malloc(v6+19), sets response type to 2, memcpy's v6 bytes from input (the Heartbleed over-read), adds 16 random bytes via RAND_pseudo_bytes, and sends via ssl3_write_bytes with record type 24. The DTLS variant dtls1_process_heartbeat (edge_6) shows identical logic using dtls1_write_bytes. Both TLS and DTLS heartbeat processing and dispatch paths are present and wired into the SSL state machine."
ad44d50664e4b64ce3a8d074d1499698f10edc37b5f19796f113dfb8bc14176b,mips,on,IPcamera-tp-link_zh-1.0.1e__TL-IPC325K-4-W10,libssl.so.1.0.0,"In ssl3_read_bytes (edge_2), the record-type switch statement contains `case 24:` (0x18 = TLS1_RT_HEARTBEAT) which calls `tls1_process_heartbeat(a1, 21)`, confirming heartbeat messages are dispatched to the heartbeat handler. The handler function tls1_process_heartbeat (edge_3) reads a 2-byte payload length from wire `(v2[1]<<8)|v2[2]`, checks request type (v5==1), allocates response buffer with CRYPTO_malloc(v6+19), sets response type to 2, memcpy's v6 bytes from input (the Heartbleed over-read), adds 16 random bytes via RAND_pseudo_bytes, and sends via ssl3_write_bytes with record type 24. The DTLS variant dtls1_process_heartbeat (edge_6) shows identical logic using dtls1_write_bytes. Both TLS and DTLS heartbeat processing and dispatch paths are present and wired into the SSL state machine."
ad44d50664e4b64ce3a8d074d1499698f10edc37b5f19796f113dfb8bc14176b,mips,on,IPcamera-tp-link_zh-1.0.1e__TL-IPC325K-4-W10-V3.0,libssl.so.1.0.0,"In ssl3_read_bytes (edge_2), the record-type switch statement contains `case 24:` (0x18 = TLS1_RT_HEARTBEAT) which calls `tls1_process_heartbeat(a1, 21)`, confirming heartbeat messages are dispatched to the heartbeat handler. The handler function tls1_process_heartbeat (edge_3) reads a 2-byte payload length from wire `(v2[1]<<8)|v2[2]`, checks request type (v5==1), allocates response buffer with CRYPTO_malloc(v6+19), sets response type to 2, memcpy's v6 bytes from input (the Heartbleed over-read), adds 16 random bytes via RAND_pseudo_bytes, and sends via ssl3_write_bytes with record type 24. The DTLS variant dtls1_process_heartbeat (edge_6) shows identical logic using dtls1_write_bytes. Both TLS and DTLS heartbeat processing and dispatch paths are present and wired into the SSL state machine."
ad44d50664e4b64ce3a8d074d1499698f10edc37b5f19796f113dfb8bc14176b,mips,on,IPcamera-tp-link_zh-1.0.1e__TL-IPC325K-4-W20,libssl.so.1.0.0,"In ssl3_read_bytes (edge_2), the record-type switch statement contains `case 24:` (0x18 = TLS1_RT_HEARTBEAT) which calls `tls1_process_heartbeat(a1, 21)`, confirming heartbeat messages are dispatched to the heartbeat handler. The handler function tls1_process_heartbeat (edge_3) reads a 2-byte payload length from wire `(v2[1]<<8)|v2[2]`, checks request type (v5==1), allocates response buffer with CRYPTO_malloc(v6+19), sets response type to 2, memcpy's v6 bytes from input (the Heartbleed over-read), adds 16 random bytes via RAND_pseudo_bytes, and sends via ssl3_write_bytes with record type 24. The DTLS variant dtls1_process_heartbeat (edge_6) shows identical logic using dtls1_write_bytes. Both TLS and DTLS heartbeat processing and dispatch paths are present and wired into the SSL state machine."
ad44d50664e4b64ce3a8d074d1499698f10edc37b5f19796f113dfb8bc14176b,mips,on,IPcamera-tp-link_zh-1.0.1e__TL-IPC325K-DX-V1.0,libssl.so.1.0.0,"In ssl3_read_bytes (edge_2), the record-type switch statement contains `case 24:` (0x18 = TLS1_RT_HEARTBEAT) which calls `tls1_process_heartbeat(a1, 21)`, confirming heartbeat messages are dispatched to the heartbeat handler. The handler function tls1_process_heartbeat (edge_3) reads a 2-byte payload length from wire `(v2[1]<<8)|v2[2]`, checks request type (v5==1), allocates response buffer with CRYPTO_malloc(v6+19), sets response type to 2, memcpy's v6 bytes from input (the Heartbleed over-read), adds 16 random bytes via RAND_pseudo_bytes, and sends via ssl3_write_bytes with record type 24. The DTLS variant dtls1_process_heartbeat (edge_6) shows identical logic using dtls1_write_bytes. Both TLS and DTLS heartbeat processing and dispatch paths are present and wired into the SSL state machine."
ad44d50664e4b64ce3a8d074d1499698f10edc37b5f19796f113dfb8bc14176b,mips,on,IPcamera-tp-link_zh-1.0.1e__TL-IPC325K-P--X,libssl.so.1.0.0,"In ssl3_read_bytes (edge_2), the record-type switch statement contains `case 24:` (0x18 = TLS1_RT_HEARTBEAT) which calls `tls1_process_heartbeat(a1, 21)`, confirming heartbeat messages are dispatched to the heartbeat handler. The handler function tls1_process_heartbeat (edge_3) reads a 2-byte payload length from wire `(v2[1]<<8)|v2[2]`, checks request type (v5==1), allocates response buffer with CRYPTO_malloc(v6+19), sets response type to 2, memcpy's v6 bytes from input (the Heartbleed over-read), adds 16 random bytes via RAND_pseudo_bytes, and sends via ssl3_write_bytes with record type 24. The DTLS variant dtls1_process_heartbeat (edge_6) shows identical logic using dtls1_write_bytes. Both TLS and DTLS heartbeat processing and dispatch paths are present and wired into the SSL state machine."
ad44d50664e4b64ce3a8d074d1499698f10edc37b5f19796f113dfb8bc14176b,mips,on,IPcamera-tp-link_zh-1.0.1e__TL-IPC325KP-DX-V1.0,libssl.so.1.0.0,"In ssl3_read_bytes (edge_2), the record-type switch statement contains `case 24:` (0x18 = TLS1_RT_HEARTBEAT) which calls `tls1_process_heartbeat(a1, 21)`, confirming heartbeat messages are dispatched to the heartbeat handler. The handler function tls1_process_heartbeat (edge_3) reads a 2-byte payload length from wire `(v2[1]<<8)|v2[2]`, checks request type (v5==1), allocates response buffer with CRYPTO_malloc(v6+19), sets response type to 2, memcpy's v6 bytes from input (the Heartbleed over-read), adds 16 random bytes via RAND_pseudo_bytes, and sends via ssl3_write_bytes with record type 24. The DTLS variant dtls1_process_heartbeat (edge_6) shows identical logic using dtls1_write_bytes. Both TLS and DTLS heartbeat processing and dispatch paths are present and wired into the SSL state machine."
ad44d50664e4b64ce3a8d074d1499698f10edc37b5f19796f113dfb8bc14176b,mips,on,IPcamera-tp-link_zh-1.0.1e__TL-IPC32V2,libssl.so.1.0.0,"In ssl3_read_bytes (edge_2), the record-type switch statement contains `case 24:` (0x18 = TLS1_RT_HEARTBEAT) which calls `tls1_process_heartbeat(a1, 21)`, confirming heartbeat messages are dispatched to the heartbeat handler. The handler function tls1_process_heartbeat (edge_3) reads a 2-byte payload length from wire `(v2[1]<<8)|v2[2]`, checks request type (v5==1), allocates response buffer with CRYPTO_malloc(v6+19), sets response type to 2, memcpy's v6 bytes from input (the Heartbleed over-read), adds 16 random bytes via RAND_pseudo_bytes, and sends via ssl3_write_bytes with record type 24. The DTLS variant dtls1_process_heartbeat (edge_6) shows identical logic using dtls1_write_bytes. Both TLS and DTLS heartbeat processing and dispatch paths are present and wired into the SSL state machine."
ad44d50664e4b64ce3a8d074d1499698f10edc37b5f19796f113dfb8bc14176b,mips,on,IPcamera-tp-link_zh-1.0.1e__TL-IPC32X-KP-_9.0,libssl.so.1.0.0,"In ssl3_read_bytes (edge_2), the record-type switch statement contains `case 24:` (0x18 = TLS1_RT_HEARTBEAT) which calls `tls1_process_heartbeat(a1, 21)`, confirming heartbeat messages are dispatched to the heartbeat handler. The handler function tls1_process_heartbeat (edge_3) reads a 2-byte payload length from wire `(v2[1]<<8)|v2[2]`, checks request type (v5==1), allocates response buffer with CRYPTO_malloc(v6+19), sets response type to 2, memcpy's v6 bytes from input (the Heartbleed over-read), adds 16 random bytes via RAND_pseudo_bytes, and sends via ssl3_write_bytes with record type 24. The DTLS variant dtls1_process_heartbeat (edge_6) shows identical logic using dtls1_write_bytes. Both TLS and DTLS heartbeat processing and dispatch paths are present and wired into the SSL state machine."
ad44d50664e4b64ce3a8d074d1499698f10edc37b5f19796f113dfb8bc14176b,mips,on,IPcamera-tp-link_zh-1.0.1e__TL-IPC333K-P--4,libssl.so.1.0.0,"In ssl3_read_bytes (edge_2), the record-type switch statement contains `case 24:` (0x18 = TLS1_RT_HEARTBEAT) which calls `tls1_process_heartbeat(a1, 21)`, confirming heartbeat messages are dispatched to the heartbeat handler. The handler function tls1_process_heartbeat (edge_3) reads a 2-byte payload length from wire `(v2[1]<<8)|v2[2]`, checks request type (v5==1), allocates response buffer with CRYPTO_malloc(v6+19), sets response type to 2, memcpy's v6 bytes from input (the Heartbleed over-read), adds 16 random bytes via RAND_pseudo_bytes, and sends via ssl3_write_bytes with record type 24. The DTLS variant dtls1_process_heartbeat (edge_6) shows identical logic using dtls1_write_bytes. Both TLS and DTLS heartbeat processing and dispatch paths are present and wired into the SSL state machine."
ad44d50664e4b64ce3a8d074d1499698f10edc37b5f19796f113dfb8bc14176b,mips,on,IPcamera-tp-link_zh-1.0.1e__TL-IPC335K-P--4_1.0,libssl.so.1.0.0,"In ssl3_read_bytes (edge_2), the record-type switch statement contains `case 24:` (0x18 = TLS1_RT_HEARTBEAT) which calls `tls1_process_heartbeat(a1, 21)`, confirming heartbeat messages are dispatched to the heartbeat handler. The handler function tls1_process_heartbeat (edge_3) reads a 2-byte payload length from wire `(v2[1]<<8)|v2[2]`, checks request type (v5==1), allocates response buffer with CRYPTO_malloc(v6+19), sets response type to 2, memcpy's v6 bytes from input (the Heartbleed over-read), adds 16 random bytes via RAND_pseudo_bytes, and sends via ssl3_write_bytes with record type 24. The DTLS variant dtls1_process_heartbeat (edge_6) shows identical logic using dtls1_write_bytes. Both TLS and DTLS heartbeat processing and dispatch paths are present and wired into the SSL state machine."
bc7176894b4fcab57960da3565e8f7ef099878432222dd2d3c3b35a82ae937a4,arm,on,others-tp-link_en-1.0.1e__TouchP5v1-UN-_1.0_en_1.0.0-build-20150709Rel.52822_up,libssl.so.1.0.0,"Edge_3 (tls1_process_heartbeat) contains the complete TLS heartbeat processing implementation per RFC 6520: reads a 1-byte heartbeat type and 2-byte payload length from the wire record, then for type 1 (request) allocates a response buffer, sets type to 2 (response), copies payload via memcpy(v5+3, v10, n), fills padding with RAND_pseudo_bytes, and sends via ssl3_write_bytes with record type 24 (0x18 = TLS1_RT_HEARTBEAT). This is the classic Heartbleed buffer over-read pattern. Additionally, edge_1 (dtls1_process_heartbeat) provides the DTLS variant with identical logic calling dtls1_write_bytes, and edge_2 (ssl3_read_bytes) contains the gate: a switch case 24 dispatching directly to tls1_process_heartbeat(a1), confirming heartbeat messages are handled end-to-end in the SSL state machine."
bc7176894b4fcab57960da3565e8f7ef099878432222dd2d3c3b35a82ae937a4,arm,on,others-tp-link_en-1.0.1e__TouchP5v1-UN-_1.0_en_1.0.1-build-20151013Rel.35527_up,libssl.so.1.0.0,"Edge_3 (tls1_process_heartbeat) contains the complete TLS heartbeat processing implementation per RFC 6520: reads a 1-byte heartbeat type and 2-byte payload length from the wire record, then for type 1 (request) allocates a response buffer, sets type to 2 (response), copies payload via memcpy(v5+3, v10, n), fills padding with RAND_pseudo_bytes, and sends via ssl3_write_bytes with record type 24 (0x18 = TLS1_RT_HEARTBEAT). This is the classic Heartbleed buffer over-read pattern. Additionally, edge_1 (dtls1_process_heartbeat) provides the DTLS variant with identical logic calling dtls1_write_bytes, and edge_2 (ssl3_read_bytes) contains the gate: a switch case 24 dispatching directly to tls1_process_heartbeat(a1), confirming heartbeat messages are handled end-to-end in the SSL state machine."
bd8954dcb1b174ee60b219f35138bc1550056424b9cc4e8810a3a2bb128e6ef1,mips,on,IPcamera-dahua-1.0.1e__wifiMac_upall,libssl.so.1.0.0,"Edge_3 (tls1_process_heartbeat) is the tournament winner with decisive ON evidence. The function reads a 2-byte payload length from the wire (v7 = (v4[1] << 8) | v4[2]), checks heartbeat type byte (*v4): for type 1 (request), it allocates a response buffer via CRYPTO_malloc, sets response type=2, memcpy's v7 bytes of payload from the input buffer, appends 16 random bytes via RAND_pseudo_bytes, and sends the response via ssl3_write_bytes with record type 24 (0x18). For type 2 (response), it validates and updates heartbeat sequence state. Source file reference is ""t1_lib.c"" line 2512. Edge_1 (dtls1_process_heartbeat) shows the same pattern for DTLS using dtls1_write_bytes (""d1_both.c"" line 1484). Edge_2 (ssl3_read_bytes) provides the gate evidence: when record type v19 == 24 (TLS1_RT_HEARTBEAT), it calls tls1_process_heartbeat(a1, ...) and clears BIO flags, confirming end-to-end heartbeat message dispatch in the SSL3 read path."
bd8954dcb1b174ee60b219f35138bc1550056424b9cc4e8810a3a2bb128e6ef1,mips,on,others-tp-link_en-1.0.1e__ap200v1_eu-up-ver1-0-0-P1-20161110-rel52338-,libssl.so.1.0.0,"Edge_3 (tls1_process_heartbeat) is the tournament winner with decisive ON evidence. The function reads a 2-byte payload length from the wire (v7 = (v4[1] << 8) | v4[2]), checks heartbeat type byte (*v4): for type 1 (request), it allocates a response buffer via CRYPTO_malloc, sets response type=2, memcpy's v7 bytes of payload from the input buffer, appends 16 random bytes via RAND_pseudo_bytes, and sends the response via ssl3_write_bytes with record type 24 (0x18). For type 2 (response), it validates and updates heartbeat sequence state. Source file reference is ""t1_lib.c"" line 2512. Edge_1 (dtls1_process_heartbeat) shows the same pattern for DTLS using dtls1_write_bytes (""d1_both.c"" line 1484). Edge_2 (ssl3_read_bytes) provides the gate evidence: when record type v19 == 24 (TLS1_RT_HEARTBEAT), it calls tls1_process_heartbeat(a1, ...) and clears BIO flags, confirming end-to-end heartbeat message dispatch in the SSL3 read path."
bffaa865a4562b23eca38185e86170864f1a1a507f7ec6643d2a49408b510538,mips,on,IPcamera-tp-link_zh-1.0.1e__TL-IPC10A-V2.0,libssl.so.1.0.0,"Edge_3 (tls1_process_heartbeat) provides direct implementation: reads 2-byte big-endian payload length `v6 = (v3[1] << 8) | v3[2]`, allocates response `CRYPTO_malloc(v6+19)`, sets response type byte to 2, then `memcpy(v7+3, v3+3, v6)` copies payload-length bytes from input buffer WITHOUT validating against actual record length (Heartbleed vulnerability), appends 16 random padding bytes via RAND_pseudo_bytes, and sends response via ssl3_write_bytes. Handles heartbeat request (type 1) and response (type 2) with sequence checking. Edge_1 (dtls1_process_heartbeat) shows identical DTLS variant using dtls1_write_bytes. Edge_2 (ssl3_read_bytes) confirms the gate: checks `v51 == 24` (0x18 = TLS1_RT_HEARTBEAT record type) and dispatches to `tls1_process_heartbeat(a1, ...)`. Source file references ""t1_lib.c"" and ""d1_both.c"" match OpenSSL heartbeat implementation locations."
bffaa865a4562b23eca38185e86170864f1a1a507f7ec6643d2a49408b510538,mips,on,IPcamera-tp-link_zh-1.0.1e__TL-IPC11A-V1,libssl.so.1.0.0,"Edge_3 (tls1_process_heartbeat) provides direct implementation: reads 2-byte big-endian payload length `v6 = (v3[1] << 8) | v3[2]`, allocates response `CRYPTO_malloc(v6+19)`, sets response type byte to 2, then `memcpy(v7+3, v3+3, v6)` copies payload-length bytes from input buffer WITHOUT validating against actual record length (Heartbleed vulnerability), appends 16 random padding bytes via RAND_pseudo_bytes, and sends response via ssl3_write_bytes. Handles heartbeat request (type 1) and response (type 2) with sequence checking. Edge_1 (dtls1_process_heartbeat) shows identical DTLS variant using dtls1_write_bytes. Edge_2 (ssl3_read_bytes) confirms the gate: checks `v51 == 24` (0x18 = TLS1_RT_HEARTBEAT record type) and dispatches to `tls1_process_heartbeat(a1, ...)`. Source file references ""t1_lib.c"" and ""d1_both.c"" match OpenSSL heartbeat implementation locations."
bffaa865a4562b23eca38185e86170864f1a1a507f7ec6643d2a49408b510538,mips,on,IPcamera-tp-link_zh-1.0.1e__TL-IPC11AV1,libssl.so.1.0.0,"Edge_3 (tls1_process_heartbeat) provides direct implementation: reads 2-byte big-endian payload length `v6 = (v3[1] << 8) | v3[2]`, allocates response `CRYPTO_malloc(v6+19)`, sets response type byte to 2, then `memcpy(v7+3, v3+3, v6)` copies payload-length bytes from input buffer WITHOUT validating against actual record length (Heartbleed vulnerability), appends 16 random padding bytes via RAND_pseudo_bytes, and sends response via ssl3_write_bytes. Handles heartbeat request (type 1) and response (type 2) with sequence checking. Edge_1 (dtls1_process_heartbeat) shows identical DTLS variant using dtls1_write_bytes. Edge_2 (ssl3_read_bytes) confirms the gate: checks `v51 == 24` (0x18 = TLS1_RT_HEARTBEAT record type) and dispatches to `tls1_process_heartbeat(a1, ...)`. Source file references ""t1_lib.c"" and ""d1_both.c"" match OpenSSL heartbeat implementation locations."
bffaa865a4562b23eca38185e86170864f1a1a507f7ec6643d2a49408b510538,mips,on,IPcamera-tp-link_zh-1.0.1e__TL-IPC12A_2.0,libssl.so.1.0.0,"Edge_3 (tls1_process_heartbeat) provides direct implementation: reads 2-byte big-endian payload length `v6 = (v3[1] << 8) | v3[2]`, allocates response `CRYPTO_malloc(v6+19)`, sets response type byte to 2, then `memcpy(v7+3, v3+3, v6)` copies payload-length bytes from input buffer WITHOUT validating against actual record length (Heartbleed vulnerability), appends 16 random padding bytes via RAND_pseudo_bytes, and sends response via ssl3_write_bytes. Handles heartbeat request (type 1) and response (type 2) with sequence checking. Edge_1 (dtls1_process_heartbeat) shows identical DTLS variant using dtls1_write_bytes. Edge_2 (ssl3_read_bytes) confirms the gate: checks `v51 == 24` (0x18 = TLS1_RT_HEARTBEAT record type) and dispatches to `tls1_process_heartbeat(a1, ...)`. Source file references ""t1_lib.c"" and ""d1_both.c"" match OpenSSL heartbeat implementation locations."
bffaa865a4562b23eca38185e86170864f1a1a507f7ec6643d2a49408b510538,mips,on,IPcamera-tp-link_zh-1.0.1e__TL-IPC20-2.8V2,libssl.so.1.0.0,"Edge_3 (tls1_process_heartbeat) provides direct implementation: reads 2-byte big-endian payload length `v6 = (v3[1] << 8) | v3[2]`, allocates response `CRYPTO_malloc(v6+19)`, sets response type byte to 2, then `memcpy(v7+3, v3+3, v6)` copies payload-length bytes from input buffer WITHOUT validating against actual record length (Heartbleed vulnerability), appends 16 random padding bytes via RAND_pseudo_bytes, and sends response via ssl3_write_bytes. Handles heartbeat request (type 1) and response (type 2) with sequence checking. Edge_1 (dtls1_process_heartbeat) shows identical DTLS variant using dtls1_write_bytes. Edge_2 (ssl3_read_bytes) confirms the gate: checks `v51 == 24` (0x18 = TLS1_RT_HEARTBEAT record type) and dispatches to `tls1_process_heartbeat(a1, ...)`. Source file references ""t1_lib.c"" and ""d1_both.c"" match OpenSSL heartbeat implementation locations."
bffaa865a4562b23eca38185e86170864f1a1a507f7ec6643d2a49408b510538,mips,on,IPcamera-tp-link_zh-1.0.1e__TL-IPC20-2.8V3,libssl.so.1.0.0,"Edge_3 (tls1_process_heartbeat) provides direct implementation: reads 2-byte big-endian payload length `v6 = (v3[1] << 8) | v3[2]`, allocates response `CRYPTO_malloc(v6+19)`, sets response type byte to 2, then `memcpy(v7+3, v3+3, v6)` copies payload-length bytes from input buffer WITHOUT validating against actual record length (Heartbleed vulnerability), appends 16 random padding bytes via RAND_pseudo_bytes, and sends response via ssl3_write_bytes. Handles heartbeat request (type 1) and response (type 2) with sequence checking. Edge_1 (dtls1_process_heartbeat) shows identical DTLS variant using dtls1_write_bytes. Edge_2 (ssl3_read_bytes) confirms the gate: checks `v51 == 24` (0x18 = TLS1_RT_HEARTBEAT record type) and dispatches to `tls1_process_heartbeat(a1, ...)`. Source file references ""t1_lib.c"" and ""d1_both.c"" match OpenSSL heartbeat implementation locations."
bffaa865a4562b23eca38185e86170864f1a1a507f7ec6643d2a49408b510538,mips,on,IPcamera-tp-link_zh-1.0.1e__TL-IPC20-4V1,libssl.so.1.0.0,"Edge_3 (tls1_process_heartbeat) provides direct implementation: reads 2-byte big-endian payload length `v6 = (v3[1] << 8) | v3[2]`, allocates response `CRYPTO_malloc(v6+19)`, sets response type byte to 2, then `memcpy(v7+3, v3+3, v6)` copies payload-length bytes from input buffer WITHOUT validating against actual record length (Heartbleed vulnerability), appends 16 random padding bytes via RAND_pseudo_bytes, and sends response via ssl3_write_bytes. Handles heartbeat request (type 1) and response (type 2) with sequence checking. Edge_1 (dtls1_process_heartbeat) shows identical DTLS variant using dtls1_write_bytes. Edge_2 (ssl3_read_bytes) confirms the gate: checks `v51 == 24` (0x18 = TLS1_RT_HEARTBEAT record type) and dispatches to `tls1_process_heartbeat(a1, ...)`. Source file references ""t1_lib.c"" and ""d1_both.c"" match OpenSSL heartbeat implementation locations."
bffaa865a4562b23eca38185e86170864f1a1a507f7ec6643d2a49408b510538,mips,on,IPcamera-tp-link_zh-1.0.1e__TL-IPC203-P-_2.0,libssl.so.1.0.0,"Edge_3 (tls1_process_heartbeat) provides direct implementation: reads 2-byte big-endian payload length `v6 = (v3[1] << 8) | v3[2]`, allocates response `CRYPTO_malloc(v6+19)`, sets response type byte to 2, then `memcpy(v7+3, v3+3, v6)` copies payload-length bytes from input buffer WITHOUT validating against actual record length (Heartbleed vulnerability), appends 16 random padding bytes via RAND_pseudo_bytes, and sends response via ssl3_write_bytes. Handles heartbeat request (type 1) and response (type 2) with sequence checking. Edge_1 (dtls1_process_heartbeat) shows identical DTLS variant using dtls1_write_bytes. Edge_2 (ssl3_read_bytes) confirms the gate: checks `v51 == 24` (0x18 = TLS1_RT_HEARTBEAT record type) and dispatches to `tls1_process_heartbeat(a1, ...)`. Source file references ""t1_lib.c"" and ""d1_both.c"" match OpenSSL heartbeat implementation locations."
bffaa865a4562b23eca38185e86170864f1a1a507f7ec6643d2a49408b510538,mips,on,IPcamera-tp-link_zh-1.0.1e__TL-IPC203K-P-_2.0,libssl.so.1.0.0,"Edge_3 (tls1_process_heartbeat) provides direct implementation: reads 2-byte big-endian payload length `v6 = (v3[1] << 8) | v3[2]`, allocates response `CRYPTO_malloc(v6+19)`, sets response type byte to 2, then `memcpy(v7+3, v3+3, v6)` copies payload-length bytes from input buffer WITHOUT validating against actual record length (Heartbleed vulnerability), appends 16 random padding bytes via RAND_pseudo_bytes, and sends response via ssl3_write_bytes. Handles heartbeat request (type 1) and response (type 2) with sequence checking. Edge_1 (dtls1_process_heartbeat) shows identical DTLS variant using dtls1_write_bytes. Edge_2 (ssl3_read_bytes) confirms the gate: checks `v51 == 24` (0x18 = TLS1_RT_HEARTBEAT record type) and dispatches to `tls1_process_heartbeat(a1, ...)`. Source file references ""t1_lib.c"" and ""d1_both.c"" match OpenSSL heartbeat implementation locations."
bffaa865a4562b23eca38185e86170864f1a1a507f7ec6643d2a49408b510538,mips,on,IPcamera-tp-link_zh-1.0.1e__TL-IPC20A-X-V2.0,libssl.so.1.0.0,"Edge_3 (tls1_process_heartbeat) provides direct implementation: reads 2-byte big-endian payload length `v6 = (v3[1] << 8) | v3[2]`, allocates response `CRYPTO_malloc(v6+19)`, sets response type byte to 2, then `memcpy(v7+3, v3+3, v6)` copies payload-length bytes from input buffer WITHOUT validating against actual record length (Heartbleed vulnerability), appends 16 random padding bytes via RAND_pseudo_bytes, and sends response via ssl3_write_bytes. Handles heartbeat request (type 1) and response (type 2) with sequence checking. Edge_1 (dtls1_process_heartbeat) shows identical DTLS variant using dtls1_write_bytes. Edge_2 (ssl3_read_bytes) confirms the gate: checks `v51 == 24` (0x18 = TLS1_RT_HEARTBEAT record type) and dispatches to `tls1_process_heartbeat(a1, ...)`. Source file references ""t1_lib.c"" and ""d1_both.c"" match OpenSSL heartbeat implementation locations."
bffaa865a4562b23eca38185e86170864f1a1a507f7ec6643d2a49408b510538,mips,on,IPcamera-tp-link_zh-1.0.1e__TL-IPC20AV1,libssl.so.1.0.0,"Edge_3 (tls1_process_heartbeat) provides direct implementation: reads 2-byte big-endian payload length `v6 = (v3[1] << 8) | v3[2]`, allocates response `CRYPTO_malloc(v6+19)`, sets response type byte to 2, then `memcpy(v7+3, v3+3, v6)` copies payload-length bytes from input buffer WITHOUT validating against actual record length (Heartbleed vulnerability), appends 16 random padding bytes via RAND_pseudo_bytes, and sends response via ssl3_write_bytes. Handles heartbeat request (type 1) and response (type 2) with sequence checking. Edge_1 (dtls1_process_heartbeat) shows identical DTLS variant using dtls1_write_bytes. Edge_2 (ssl3_read_bytes) confirms the gate: checks `v51 == 24` (0x18 = TLS1_RT_HEARTBEAT record type) and dispatches to `tls1_process_heartbeat(a1, ...)`. Source file references ""t1_lib.c"" and ""d1_both.c"" match OpenSSL heartbeat implementation locations."
bffaa865a4562b23eca38185e86170864f1a1a507f7ec6643d2a49408b510538,mips,on,IPcamera-tp-link_zh-1.0.1e__TL-IPC20_2.8-V2.0,libssl.so.1.0.0,"Edge_3 (tls1_process_heartbeat) provides direct implementation: reads 2-byte big-endian payload length `v6 = (v3[1] << 8) | v3[2]`, allocates response `CRYPTO_malloc(v6+19)`, sets response type byte to 2, then `memcpy(v7+3, v3+3, v6)` copies payload-length bytes from input buffer WITHOUT validating against actual record length (Heartbleed vulnerability), appends 16 random padding bytes via RAND_pseudo_bytes, and sends response via ssl3_write_bytes. Handles heartbeat request (type 1) and response (type 2) with sequence checking. Edge_1 (dtls1_process_heartbeat) shows identical DTLS variant using dtls1_write_bytes. Edge_2 (ssl3_read_bytes) confirms the gate: checks `v51 == 24` (0x18 = TLS1_RT_HEARTBEAT record type) and dispatches to `tls1_process_heartbeat(a1, ...)`. Source file references ""t1_lib.c"" and ""d1_both.c"" match OpenSSL heartbeat implementation locations."
bffaa865a4562b23eca38185e86170864f1a1a507f7ec6643d2a49408b510538,mips,on,IPcamera-tp-link_zh-1.0.1e__TL-IPC213-P-_2.0,libssl.so.1.0.0,"Edge_3 (tls1_process_heartbeat) provides direct implementation: reads 2-byte big-endian payload length `v6 = (v3[1] << 8) | v3[2]`, allocates response `CRYPTO_malloc(v6+19)`, sets response type byte to 2, then `memcpy(v7+3, v3+3, v6)` copies payload-length bytes from input buffer WITHOUT validating against actual record length (Heartbleed vulnerability), appends 16 random padding bytes via RAND_pseudo_bytes, and sends response via ssl3_write_bytes. Handles heartbeat request (type 1) and response (type 2) with sequence checking. Edge_1 (dtls1_process_heartbeat) shows identical DTLS variant using dtls1_write_bytes. Edge_2 (ssl3_read_bytes) confirms the gate: checks `v51 == 24` (0x18 = TLS1_RT_HEARTBEAT record type) and dispatches to `tls1_process_heartbeat(a1, ...)`. Source file references ""t1_lib.c"" and ""d1_both.c"" match OpenSSL heartbeat implementation locations."
bffaa865a4562b23eca38185e86170864f1a1a507f7ec6643d2a49408b510538,mips,on,IPcamera-tp-link_zh-1.0.1e__TL-IPC213K-P-_2.0,libssl.so.1.0.0,"Edge_3 (tls1_process_heartbeat) provides direct implementation: reads 2-byte big-endian payload length `v6 = (v3[1] << 8) | v3[2]`, allocates response `CRYPTO_malloc(v6+19)`, sets response type byte to 2, then `memcpy(v7+3, v3+3, v6)` copies payload-length bytes from input buffer WITHOUT validating against actual record length (Heartbleed vulnerability), appends 16 random padding bytes via RAND_pseudo_bytes, and sends response via ssl3_write_bytes. Handles heartbeat request (type 1) and response (type 2) with sequence checking. Edge_1 (dtls1_process_heartbeat) shows identical DTLS variant using dtls1_write_bytes. Edge_2 (ssl3_read_bytes) confirms the gate: checks `v51 == 24` (0x18 = TLS1_RT_HEARTBEAT record type) and dispatches to `tls1_process_heartbeat(a1, ...)`. Source file references ""t1_lib.c"" and ""d1_both.c"" match OpenSSL heartbeat implementation locations."
bffaa865a4562b23eca38185e86170864f1a1a507f7ec6643d2a49408b510538,mips,on,IPcamera-tp-link_zh-1.0.1e__TL-IPC21A-4-V1.0-TL-IPC21A-2.8,libssl.so.1.0.0,"Edge_3 (tls1_process_heartbeat) provides direct implementation: reads 2-byte big-endian payload length `v6 = (v3[1] << 8) | v3[2]`, allocates response `CRYPTO_malloc(v6+19)`, sets response type byte to 2, then `memcpy(v7+3, v3+3, v6)` copies payload-length bytes from input buffer WITHOUT validating against actual record length (Heartbleed vulnerability), appends 16 random padding bytes via RAND_pseudo_bytes, and sends response via ssl3_write_bytes. Handles heartbeat request (type 1) and response (type 2) with sequence checking. Edge_1 (dtls1_process_heartbeat) shows identical DTLS variant using dtls1_write_bytes. Edge_2 (ssl3_read_bytes) confirms the gate: checks `v51 == 24` (0x18 = TLS1_RT_HEARTBEAT record type) and dispatches to `tls1_process_heartbeat(a1, ...)`. Source file references ""t1_lib.c"" and ""d1_both.c"" match OpenSSL heartbeat implementation locations."
bffaa865a4562b23eca38185e86170864f1a1a507f7ec6643d2a49408b510538,mips,on,IPcamera-tp-link_zh-1.0.1e__TL-IPC21A-V1,libssl.so.1.0.0,"Edge_3 (tls1_process_heartbeat) provides direct implementation: reads 2-byte big-endian payload length `v6 = (v3[1] << 8) | v3[2]`, allocates response `CRYPTO_malloc(v6+19)`, sets response type byte to 2, then `memcpy(v7+3, v3+3, v6)` copies payload-length bytes from input buffer WITHOUT validating against actual record length (Heartbleed vulnerability), appends 16 random padding bytes via RAND_pseudo_bytes, and sends response via ssl3_write_bytes. Handles heartbeat request (type 1) and response (type 2) with sequence checking. Edge_1 (dtls1_process_heartbeat) shows identical DTLS variant using dtls1_write_bytes. Edge_2 (ssl3_read_bytes) confirms the gate: checks `v51 == 24` (0x18 = TLS1_RT_HEARTBEAT record type) and dispatches to `tls1_process_heartbeat(a1, ...)`. Source file references ""t1_lib.c"" and ""d1_both.c"" match OpenSSL heartbeat implementation locations."
bffaa865a4562b23eca38185e86170864f1a1a507f7ec6643d2a49408b510538,mips,on,IPcamera-tp-link_zh-1.0.1e__TL-IPC21V1,libssl.so.1.0.0,"Edge_3 (tls1_process_heartbeat) provides direct implementation: reads 2-byte big-endian payload length `v6 = (v3[1] << 8) | v3[2]`, allocates response `CRYPTO_malloc(v6+19)`, sets response type byte to 2, then `memcpy(v7+3, v3+3, v6)` copies payload-length bytes from input buffer WITHOUT validating against actual record length (Heartbleed vulnerability), appends 16 random padding bytes via RAND_pseudo_bytes, and sends response via ssl3_write_bytes. Handles heartbeat request (type 1) and response (type 2) with sequence checking. Edge_1 (dtls1_process_heartbeat) shows identical DTLS variant using dtls1_write_bytes. Edge_2 (ssl3_read_bytes) confirms the gate: checks `v51 == 24` (0x18 = TLS1_RT_HEARTBEAT record type) and dispatches to `tls1_process_heartbeat(a1, ...)`. Source file references ""t1_lib.c"" and ""d1_both.c"" match OpenSSL heartbeat implementation locations."
bffaa865a4562b23eca38185e86170864f1a1a507f7ec6643d2a49408b510538,mips,on,IPcamera-tp-link_zh-1.0.1e__TL-IPC22A-2.8-V2.0,libssl.so.1.0.0,"Edge_3 (tls1_process_heartbeat) provides direct implementation: reads 2-byte big-endian payload length `v6 = (v3[1] << 8) | v3[2]`, allocates response `CRYPTO_malloc(v6+19)`, sets response type byte to 2, then `memcpy(v7+3, v3+3, v6)` copies payload-length bytes from input buffer WITHOUT validating against actual record length (Heartbleed vulnerability), appends 16 random padding bytes via RAND_pseudo_bytes, and sends response via ssl3_write_bytes. Handles heartbeat request (type 1) and response (type 2) with sequence checking. Edge_1 (dtls1_process_heartbeat) shows identical DTLS variant using dtls1_write_bytes. Edge_2 (ssl3_read_bytes) confirms the gate: checks `v51 == 24` (0x18 = TLS1_RT_HEARTBEAT record type) and dispatches to `tls1_process_heartbeat(a1, ...)`. Source file references ""t1_lib.c"" and ""d1_both.c"" match OpenSSL heartbeat implementation locations."
bffaa865a4562b23eca38185e86170864f1a1a507f7ec6643d2a49408b510538,mips,on,IPcamera-tp-link_zh-1.0.1e__TL-IPC22A-4-V2.0,libssl.so.1.0.0,"Edge_3 (tls1_process_heartbeat) provides direct implementation: reads 2-byte big-endian payload length `v6 = (v3[1] << 8) | v3[2]`, allocates response `CRYPTO_malloc(v6+19)`, sets response type byte to 2, then `memcpy(v7+3, v3+3, v6)` copies payload-length bytes from input buffer WITHOUT validating against actual record length (Heartbleed vulnerability), appends 16 random padding bytes via RAND_pseudo_bytes, and sends response via ssl3_write_bytes. Handles heartbeat request (type 1) and response (type 2) with sequence checking. Edge_1 (dtls1_process_heartbeat) shows identical DTLS variant using dtls1_write_bytes. Edge_2 (ssl3_read_bytes) confirms the gate: checks `v51 == 24` (0x18 = TLS1_RT_HEARTBEAT record type) and dispatches to `tls1_process_heartbeat(a1, ...)`. Source file references ""t1_lib.c"" and ""d1_both.c"" match OpenSSL heartbeat implementation locations."
bffaa865a4562b23eca38185e86170864f1a1a507f7ec6643d2a49408b510538,mips,on,IPcamera-tp-link_zh-1.0.1e__TL-IPC22_1.0,libssl.so.1.0.0,"Edge_3 (tls1_process_heartbeat) provides direct implementation: reads 2-byte big-endian payload length `v6 = (v3[1] << 8) | v3[2]`, allocates response `CRYPTO_malloc(v6+19)`, sets response type byte to 2, then `memcpy(v7+3, v3+3, v6)` copies payload-length bytes from input buffer WITHOUT validating against actual record length (Heartbleed vulnerability), appends 16 random padding bytes via RAND_pseudo_bytes, and sends response via ssl3_write_bytes. Handles heartbeat request (type 1) and response (type 2) with sequence checking. Edge_1 (dtls1_process_heartbeat) shows identical DTLS variant using dtls1_write_bytes. Edge_2 (ssl3_read_bytes) confirms the gate: checks `v51 == 24` (0x18 = TLS1_RT_HEARTBEAT record type) and dispatches to `tls1_process_heartbeat(a1, ...)`. Source file references ""t1_lib.c"" and ""d1_both.c"" match OpenSSL heartbeat implementation locations."
bffaa865a4562b23eca38185e86170864f1a1a507f7ec6643d2a49408b510538,mips,on,IPcamera-tp-link_zh-1.0.1e__TL-IPC303-P-_3.0,libssl.so.1.0.0,"Edge_3 (tls1_process_heartbeat) provides direct implementation: reads 2-byte big-endian payload length `v6 = (v3[1] << 8) | v3[2]`, allocates response `CRYPTO_malloc(v6+19)`, sets response type byte to 2, then `memcpy(v7+3, v3+3, v6)` copies payload-length bytes from input buffer WITHOUT validating against actual record length (Heartbleed vulnerability), appends 16 random padding bytes via RAND_pseudo_bytes, and sends response via ssl3_write_bytes. Handles heartbeat request (type 1) and response (type 2) with sequence checking. Edge_1 (dtls1_process_heartbeat) shows identical DTLS variant using dtls1_write_bytes. Edge_2 (ssl3_read_bytes) confirms the gate: checks `v51 == 24` (0x18 = TLS1_RT_HEARTBEAT record type) and dispatches to `tls1_process_heartbeat(a1, ...)`. Source file references ""t1_lib.c"" and ""d1_both.c"" match OpenSSL heartbeat implementation locations."
bffaa865a4562b23eca38185e86170864f1a1a507f7ec6643d2a49408b510538,mips,on,IPcamera-tp-link_zh-1.0.1e__TL-IPC303K-P--2.8-W10_2.0,libssl.so.1.0.0,"Edge_3 (tls1_process_heartbeat) provides direct implementation: reads 2-byte big-endian payload length `v6 = (v3[1] << 8) | v3[2]`, allocates response `CRYPTO_malloc(v6+19)`, sets response type byte to 2, then `memcpy(v7+3, v3+3, v6)` copies payload-length bytes from input buffer WITHOUT validating against actual record length (Heartbleed vulnerability), appends 16 random padding bytes via RAND_pseudo_bytes, and sends response via ssl3_write_bytes. Handles heartbeat request (type 1) and response (type 2) with sequence checking. Edge_1 (dtls1_process_heartbeat) shows identical DTLS variant using dtls1_write_bytes. Edge_2 (ssl3_read_bytes) confirms the gate: checks `v51 == 24` (0x18 = TLS1_RT_HEARTBEAT record type) and dispatches to `tls1_process_heartbeat(a1, ...)`. Source file references ""t1_lib.c"" and ""d1_both.c"" match OpenSSL heartbeat implementation locations."
bffaa865a4562b23eca38185e86170864f1a1a507f7ec6643d2a49408b510538,mips,on,IPcamera-tp-link_zh-1.0.1e__TL-IPC303K-P--4-W10_1.0,libssl.so.1.0.0,"Edge_3 (tls1_process_heartbeat) provides direct implementation: reads 2-byte big-endian payload length `v6 = (v3[1] << 8) | v3[2]`, allocates response `CRYPTO_malloc(v6+19)`, sets response type byte to 2, then `memcpy(v7+3, v3+3, v6)` copies payload-length bytes from input buffer WITHOUT validating against actual record length (Heartbleed vulnerability), appends 16 random padding bytes via RAND_pseudo_bytes, and sends response via ssl3_write_bytes. Handles heartbeat request (type 1) and response (type 2) with sequence checking. Edge_1 (dtls1_process_heartbeat) shows identical DTLS variant using dtls1_write_bytes. Edge_2 (ssl3_read_bytes) confirms the gate: checks `v51 == 24` (0x18 = TLS1_RT_HEARTBEAT record type) and dispatches to `tls1_process_heartbeat(a1, ...)`. Source file references ""t1_lib.c"" and ""d1_both.c"" match OpenSSL heartbeat implementation locations."
bffaa865a4562b23eca38185e86170864f1a1a507f7ec6643d2a49408b510538,mips,on,IPcamera-tp-link_zh-1.0.1e__TL-IPC303K-P--6-W10_1.0,libssl.so.1.0.0,"Edge_3 (tls1_process_heartbeat) provides direct implementation: reads 2-byte big-endian payload length `v6 = (v3[1] << 8) | v3[2]`, allocates response `CRYPTO_malloc(v6+19)`, sets response type byte to 2, then `memcpy(v7+3, v3+3, v6)` copies payload-length bytes from input buffer WITHOUT validating against actual record length (Heartbleed vulnerability), appends 16 random padding bytes via RAND_pseudo_bytes, and sends response via ssl3_write_bytes. Handles heartbeat request (type 1) and response (type 2) with sequence checking. Edge_1 (dtls1_process_heartbeat) shows identical DTLS variant using dtls1_write_bytes. Edge_2 (ssl3_read_bytes) confirms the gate: checks `v51 == 24` (0x18 = TLS1_RT_HEARTBEAT record type) and dispatches to `tls1_process_heartbeat(a1, ...)`. Source file references ""t1_lib.c"" and ""d1_both.c"" match OpenSSL heartbeat implementation locations."
bffaa865a4562b23eca38185e86170864f1a1a507f7ec6643d2a49408b510538,mips,on,IPcamera-tp-link_zh-1.0.1e__TL-IPC303K-P-_2.0,libssl.so.1.0.0,"Edge_3 (tls1_process_heartbeat) provides direct implementation: reads 2-byte big-endian payload length `v6 = (v3[1] << 8) | v3[2]`, allocates response `CRYPTO_malloc(v6+19)`, sets response type byte to 2, then `memcpy(v7+3, v3+3, v6)` copies payload-length bytes from input buffer WITHOUT validating against actual record length (Heartbleed vulnerability), appends 16 random padding bytes via RAND_pseudo_bytes, and sends response via ssl3_write_bytes. Handles heartbeat request (type 1) and response (type 2) with sequence checking. Edge_1 (dtls1_process_heartbeat) shows identical DTLS variant using dtls1_write_bytes. Edge_2 (ssl3_read_bytes) confirms the gate: checks `v51 == 24` (0x18 = TLS1_RT_HEARTBEAT record type) and dispatches to `tls1_process_heartbeat(a1, ...)`. Source file references ""t1_lib.c"" and ""d1_both.c"" match OpenSSL heartbeat implementation locations."
bffaa865a4562b23eca38185e86170864f1a1a507f7ec6643d2a49408b510538,mips,on,IPcamera-tp-link_zh-1.0.1e__TL-IPC305-P-_3.0,libssl.so.1.0.0,"Edge_3 (tls1_process_heartbeat) provides direct implementation: reads 2-byte big-endian payload length `v6 = (v3[1] << 8) | v3[2]`, allocates response `CRYPTO_malloc(v6+19)`, sets response type byte to 2, then `memcpy(v7+3, v3+3, v6)` copies payload-length bytes from input buffer WITHOUT validating against actual record length (Heartbleed vulnerability), appends 16 random padding bytes via RAND_pseudo_bytes, and sends response via ssl3_write_bytes. Handles heartbeat request (type 1) and response (type 2) with sequence checking. Edge_1 (dtls1_process_heartbeat) shows identical DTLS variant using dtls1_write_bytes. Edge_2 (ssl3_read_bytes) confirms the gate: checks `v51 == 24` (0x18 = TLS1_RT_HEARTBEAT record type) and dispatches to `tls1_process_heartbeat(a1, ...)`. Source file references ""t1_lib.c"" and ""d1_both.c"" match OpenSSL heartbeat implementation locations."
bffaa865a4562b23eca38185e86170864f1a1a507f7ec6643d2a49408b510538,mips,on,IPcamera-tp-link_zh-1.0.1e__TL-IPC305K-P-_2.0,libssl.so.1.0.0,"Edge_3 (tls1_process_heartbeat) provides direct implementation: reads 2-byte big-endian payload length `v6 = (v3[1] << 8) | v3[2]`, allocates response `CRYPTO_malloc(v6+19)`, sets response type byte to 2, then `memcpy(v7+3, v3+3, v6)` copies payload-length bytes from input buffer WITHOUT validating against actual record length (Heartbleed vulnerability), appends 16 random padding bytes via RAND_pseudo_bytes, and sends response via ssl3_write_bytes. Handles heartbeat request (type 1) and response (type 2) with sequence checking. Edge_1 (dtls1_process_heartbeat) shows identical DTLS variant using dtls1_write_bytes. Edge_2 (ssl3_read_bytes) confirms the gate: checks `v51 == 24` (0x18 = TLS1_RT_HEARTBEAT record type) and dispatches to `tls1_process_heartbeat(a1, ...)`. Source file references ""t1_lib.c"" and ""d1_both.c"" match OpenSSL heartbeat implementation locations."
bffaa865a4562b23eca38185e86170864f1a1a507f7ec6643d2a49408b510538,mips,on,IPcamera-tp-link_zh-1.0.1e__TL-IPC30V1,libssl.so.1.0.0,"Edge_3 (tls1_process_heartbeat) provides direct implementation: reads 2-byte big-endian payload length `v6 = (v3[1] << 8) | v3[2]`, allocates response `CRYPTO_malloc(v6+19)`, sets response type byte to 2, then `memcpy(v7+3, v3+3, v6)` copies payload-length bytes from input buffer WITHOUT validating against actual record length (Heartbleed vulnerability), appends 16 random padding bytes via RAND_pseudo_bytes, and sends response via ssl3_write_bytes. Handles heartbeat request (type 1) and response (type 2) with sequence checking. Edge_1 (dtls1_process_heartbeat) shows identical DTLS variant using dtls1_write_bytes. Edge_2 (ssl3_read_bytes) confirms the gate: checks `v51 == 24` (0x18 = TLS1_RT_HEARTBEAT record type) and dispatches to `tls1_process_heartbeat(a1, ...)`. Source file references ""t1_lib.c"" and ""d1_both.c"" match OpenSSL heartbeat implementation locations."
bffaa865a4562b23eca38185e86170864f1a1a507f7ec6643d2a49408b510538,mips,on,IPcamera-tp-link_zh-1.0.1e__TL-IPC313-P-_3.0,libssl.so.1.0.0,"Edge_3 (tls1_process_heartbeat) provides direct implementation: reads 2-byte big-endian payload length `v6 = (v3[1] << 8) | v3[2]`, allocates response `CRYPTO_malloc(v6+19)`, sets response type byte to 2, then `memcpy(v7+3, v3+3, v6)` copies payload-length bytes from input buffer WITHOUT validating against actual record length (Heartbleed vulnerability), appends 16 random padding bytes via RAND_pseudo_bytes, and sends response via ssl3_write_bytes. Handles heartbeat request (type 1) and response (type 2) with sequence checking. Edge_1 (dtls1_process_heartbeat) shows identical DTLS variant using dtls1_write_bytes. Edge_2 (ssl3_read_bytes) confirms the gate: checks `v51 == 24` (0x18 = TLS1_RT_HEARTBEAT record type) and dispatches to `tls1_process_heartbeat(a1, ...)`. Source file references ""t1_lib.c"" and ""d1_both.c"" match OpenSSL heartbeat implementation locations."
bffaa865a4562b23eca38185e86170864f1a1a507f7ec6643d2a49408b510538,mips,on,IPcamera-tp-link_zh-1.0.1e__TL-IPC313K-P--2.8-W10_1.0,libssl.so.1.0.0,"Edge_3 (tls1_process_heartbeat) provides direct implementation: reads 2-byte big-endian payload length `v6 = (v3[1] << 8) | v3[2]`, allocates response `CRYPTO_malloc(v6+19)`, sets response type byte to 2, then `memcpy(v7+3, v3+3, v6)` copies payload-length bytes from input buffer WITHOUT validating against actual record length (Heartbleed vulnerability), appends 16 random padding bytes via RAND_pseudo_bytes, and sends response via ssl3_write_bytes. Handles heartbeat request (type 1) and response (type 2) with sequence checking. Edge_1 (dtls1_process_heartbeat) shows identical DTLS variant using dtls1_write_bytes. Edge_2 (ssl3_read_bytes) confirms the gate: checks `v51 == 24` (0x18 = TLS1_RT_HEARTBEAT record type) and dispatches to `tls1_process_heartbeat(a1, ...)`. Source file references ""t1_lib.c"" and ""d1_both.c"" match OpenSSL heartbeat implementation locations."
bffaa865a4562b23eca38185e86170864f1a1a507f7ec6643d2a49408b510538,mips,on,IPcamera-tp-link_zh-1.0.1e__TL-IPC313K-P--4-W10_1.0,libssl.so.1.0.0,"Edge_3 (tls1_process_heartbeat) provides direct implementation: reads 2-byte big-endian payload length `v6 = (v3[1] << 8) | v3[2]`, allocates response `CRYPTO_malloc(v6+19)`, sets response type byte to 2, then `memcpy(v7+3, v3+3, v6)` copies payload-length bytes from input buffer WITHOUT validating against actual record length (Heartbleed vulnerability), appends 16 random padding bytes via RAND_pseudo_bytes, and sends response via ssl3_write_bytes. Handles heartbeat request (type 1) and response (type 2) with sequence checking. Edge_1 (dtls1_process_heartbeat) shows identical DTLS variant using dtls1_write_bytes. Edge_2 (ssl3_read_bytes) confirms the gate: checks `v51 == 24` (0x18 = TLS1_RT_HEARTBEAT record type) and dispatches to `tls1_process_heartbeat(a1, ...)`. Source file references ""t1_lib.c"" and ""d1_both.c"" match OpenSSL heartbeat implementation locations."
bffaa865a4562b23eca38185e86170864f1a1a507f7ec6643d2a49408b510538,mips,on,IPcamera-tp-link_zh-1.0.1e__TL-IPC313K-P--6-W10_1.0,libssl.so.1.0.0,"Edge_3 (tls1_process_heartbeat) provides direct implementation: reads 2-byte big-endian payload length `v6 = (v3[1] << 8) | v3[2]`, allocates response `CRYPTO_malloc(v6+19)`, sets response type byte to 2, then `memcpy(v7+3, v3+3, v6)` copies payload-length bytes from input buffer WITHOUT validating against actual record length (Heartbleed vulnerability), appends 16 random padding bytes via RAND_pseudo_bytes, and sends response via ssl3_write_bytes. Handles heartbeat request (type 1) and response (type 2) with sequence checking. Edge_1 (dtls1_process_heartbeat) shows identical DTLS variant using dtls1_write_bytes. Edge_2 (ssl3_read_bytes) confirms the gate: checks `v51 == 24` (0x18 = TLS1_RT_HEARTBEAT record type) and dispatches to `tls1_process_heartbeat(a1, ...)`. Source file references ""t1_lib.c"" and ""d1_both.c"" match OpenSSL heartbeat implementation locations."
bffaa865a4562b23eca38185e86170864f1a1a507f7ec6643d2a49408b510538,mips,on,IPcamera-tp-link_zh-1.0.1e__TL-IPC313K-P-_2.0,libssl.so.1.0.0,"Edge_3 (tls1_process_heartbeat) provides direct implementation: reads 2-byte big-endian payload length `v6 = (v3[1] << 8) | v3[2]`, allocates response `CRYPTO_malloc(v6+19)`, sets response type byte to 2, then `memcpy(v7+3, v3+3, v6)` copies payload-length bytes from input buffer WITHOUT validating against actual record length (Heartbleed vulnerability), appends 16 random padding bytes via RAND_pseudo_bytes, and sends response via ssl3_write_bytes. Handles heartbeat request (type 1) and response (type 2) with sequence checking. Edge_1 (dtls1_process_heartbeat) shows identical DTLS variant using dtls1_write_bytes. Edge_2 (ssl3_read_bytes) confirms the gate: checks `v51 == 24` (0x18 = TLS1_RT_HEARTBEAT record type) and dispatches to `tls1_process_heartbeat(a1, ...)`. Source file references ""t1_lib.c"" and ""d1_both.c"" match OpenSSL heartbeat implementation locations."
bffaa865a4562b23eca38185e86170864f1a1a507f7ec6643d2a49408b510538,mips,on,IPcamera-tp-link_zh-1.0.1e__TL-IPC315-P-_3.0,libssl.so.1.0.0,"Edge_3 (tls1_process_heartbeat) provides direct implementation: reads 2-byte big-endian payload length `v6 = (v3[1] << 8) | v3[2]`, allocates response `CRYPTO_malloc(v6+19)`, sets response type byte to 2, then `memcpy(v7+3, v3+3, v6)` copies payload-length bytes from input buffer WITHOUT validating against actual record length (Heartbleed vulnerability), appends 16 random padding bytes via RAND_pseudo_bytes, and sends response via ssl3_write_bytes. Handles heartbeat request (type 1) and response (type 2) with sequence checking. Edge_1 (dtls1_process_heartbeat) shows identical DTLS variant using dtls1_write_bytes. Edge_2 (ssl3_read_bytes) confirms the gate: checks `v51 == 24` (0x18 = TLS1_RT_HEARTBEAT record type) and dispatches to `tls1_process_heartbeat(a1, ...)`. Source file references ""t1_lib.c"" and ""d1_both.c"" match OpenSSL heartbeat implementation locations."
bffaa865a4562b23eca38185e86170864f1a1a507f7ec6643d2a49408b510538,mips,on,IPcamera-tp-link_zh-1.0.1e__TL-IPC315K-P-_2.0,libssl.so.1.0.0,"Edge_3 (tls1_process_heartbeat) provides direct implementation: reads 2-byte big-endian payload length `v6 = (v3[1] << 8) | v3[2]`, allocates response `CRYPTO_malloc(v6+19)`, sets response type byte to 2, then `memcpy(v7+3, v3+3, v6)` copies payload-length bytes from input buffer WITHOUT validating against actual record length (Heartbleed vulnerability), appends 16 random padding bytes via RAND_pseudo_bytes, and sends response via ssl3_write_bytes. Handles heartbeat request (type 1) and response (type 2) with sequence checking. Edge_1 (dtls1_process_heartbeat) shows identical DTLS variant using dtls1_write_bytes. Edge_2 (ssl3_read_bytes) confirms the gate: checks `v51 == 24` (0x18 = TLS1_RT_HEARTBEAT record type) and dispatches to `tls1_process_heartbeat(a1, ...)`. Source file references ""t1_lib.c"" and ""d1_both.c"" match OpenSSL heartbeat implementation locations."
bffaa865a4562b23eca38185e86170864f1a1a507f7ec6643d2a49408b510538,mips,on,IPcamera-tp-link_zh-1.0.1e__TL-IPC323K-W10_1.0,libssl.so.1.0.0,"Edge_3 (tls1_process_heartbeat) provides direct implementation: reads 2-byte big-endian payload length `v6 = (v3[1] << 8) | v3[2]`, allocates response `CRYPTO_malloc(v6+19)`, sets response type byte to 2, then `memcpy(v7+3, v3+3, v6)` copies payload-length bytes from input buffer WITHOUT validating against actual record length (Heartbleed vulnerability), appends 16 random padding bytes via RAND_pseudo_bytes, and sends response via ssl3_write_bytes. Handles heartbeat request (type 1) and response (type 2) with sequence checking. Edge_1 (dtls1_process_heartbeat) shows identical DTLS variant using dtls1_write_bytes. Edge_2 (ssl3_read_bytes) confirms the gate: checks `v51 == 24` (0x18 = TLS1_RT_HEARTBEAT record type) and dispatches to `tls1_process_heartbeat(a1, ...)`. Source file references ""t1_lib.c"" and ""d1_both.c"" match OpenSSL heartbeat implementation locations."
bffaa865a4562b23eca38185e86170864f1a1a507f7ec6643d2a49408b510538,mips,on,IPcamera-tp-link_zh-1.0.1e__TL-IPC32_1.0,libssl.so.1.0.0,"Edge_3 (tls1_process_heartbeat) provides direct implementation: reads 2-byte big-endian payload length `v6 = (v3[1] << 8) | v3[2]`, allocates response `CRYPTO_malloc(v6+19)`, sets response type byte to 2, then `memcpy(v7+3, v3+3, v6)` copies payload-length bytes from input buffer WITHOUT validating against actual record length (Heartbleed vulnerability), appends 16 random padding bytes via RAND_pseudo_bytes, and sends response via ssl3_write_bytes. Handles heartbeat request (type 1) and response (type 2) with sequence checking. Edge_1 (dtls1_process_heartbeat) shows identical DTLS variant using dtls1_write_bytes. Edge_2 (ssl3_read_bytes) confirms the gate: checks `v51 == 24` (0x18 = TLS1_RT_HEARTBEAT record type) and dispatches to `tls1_process_heartbeat(a1, ...)`. Source file references ""t1_lib.c"" and ""d1_both.c"" match OpenSSL heartbeat implementation locations."
bffaa865a4562b23eca38185e86170864f1a1a507f7ec6643d2a49408b510538,mips,on,IPcamera-tp-link_zh-1.0.1e__TL-IPC40A-4_V1.0_1.1.3_BUILD_190125_REL.47948N,libssl.so.1.0.0,"Edge_3 (tls1_process_heartbeat) provides direct implementation: reads 2-byte big-endian payload length `v6 = (v3[1] << 8) | v3[2]`, allocates response `CRYPTO_malloc(v6+19)`, sets response type byte to 2, then `memcpy(v7+3, v3+3, v6)` copies payload-length bytes from input buffer WITHOUT validating against actual record length (Heartbleed vulnerability), appends 16 random padding bytes via RAND_pseudo_bytes, and sends response via ssl3_write_bytes. Handles heartbeat request (type 1) and response (type 2) with sequence checking. Edge_1 (dtls1_process_heartbeat) shows identical DTLS variant using dtls1_write_bytes. Edge_2 (ssl3_read_bytes) confirms the gate: checks `v51 == 24` (0x18 = TLS1_RT_HEARTBEAT record type) and dispatches to `tls1_process_heartbeat(a1, ...)`. Source file references ""t1_lib.c"" and ""d1_both.c"" match OpenSSL heartbeat implementation locations."
bffaa865a4562b23eca38185e86170864f1a1a507f7ec6643d2a49408b510538,mips,on,IPcamera-tp-link_zh-1.0.1e__TL-IPC42A-4_V1.0_1.1.4_BUILD_190524_REL.37335N,libssl.so.1.0.0,"Edge_3 (tls1_process_heartbeat) provides direct implementation: reads 2-byte big-endian payload length `v6 = (v3[1] << 8) | v3[2]`, allocates response `CRYPTO_malloc(v6+19)`, sets response type byte to 2, then `memcpy(v7+3, v3+3, v6)` copies payload-length bytes from input buffer WITHOUT validating against actual record length (Heartbleed vulnerability), appends 16 random padding bytes via RAND_pseudo_bytes, and sends response via ssl3_write_bytes. Handles heartbeat request (type 1) and response (type 2) with sequence checking. Edge_1 (dtls1_process_heartbeat) shows identical DTLS variant using dtls1_write_bytes. Edge_2 (ssl3_read_bytes) confirms the gate: checks `v51 == 24` (0x18 = TLS1_RT_HEARTBEAT record type) and dispatches to `tls1_process_heartbeat(a1, ...)`. Source file references ""t1_lib.c"" and ""d1_both.c"" match OpenSSL heartbeat implementation locations."
bffaa865a4562b23eca38185e86170864f1a1a507f7ec6643d2a49408b510538,mips,on,IPcamera-tp-link_zh-1.0.1e__TL-IPC42A-4_V2.0_1.0.12_BUILD_190125_REL.46483N,libssl.so.1.0.0,"Edge_3 (tls1_process_heartbeat) provides direct implementation: reads 2-byte big-endian payload length `v6 = (v3[1] << 8) | v3[2]`, allocates response `CRYPTO_malloc(v6+19)`, sets response type byte to 2, then `memcpy(v7+3, v3+3, v6)` copies payload-length bytes from input buffer WITHOUT validating against actual record length (Heartbleed vulnerability), appends 16 random padding bytes via RAND_pseudo_bytes, and sends response via ssl3_write_bytes. Handles heartbeat request (type 1) and response (type 2) with sequence checking. Edge_1 (dtls1_process_heartbeat) shows identical DTLS variant using dtls1_write_bytes. Edge_2 (ssl3_read_bytes) confirms the gate: checks `v51 == 24` (0x18 = TLS1_RT_HEARTBEAT record type) and dispatches to `tls1_process_heartbeat(a1, ...)`. Source file references ""t1_lib.c"" and ""d1_both.c"" match OpenSSL heartbeat implementation locations."
bffaa865a4562b23eca38185e86170864f1a1a507f7ec6643d2a49408b510538,mips,on,IPcamera-tp-link_zh-1.0.1e__TL-IPC42A-4_V4.0_1.0.7_BUILD_190125_REL.47216N,libssl.so.1.0.0,"Edge_3 (tls1_process_heartbeat) provides direct implementation: reads 2-byte big-endian payload length `v6 = (v3[1] << 8) | v3[2]`, allocates response `CRYPTO_malloc(v6+19)`, sets response type byte to 2, then `memcpy(v7+3, v3+3, v6)` copies payload-length bytes from input buffer WITHOUT validating against actual record length (Heartbleed vulnerability), appends 16 random padding bytes via RAND_pseudo_bytes, and sends response via ssl3_write_bytes. Handles heartbeat request (type 1) and response (type 2) with sequence checking. Edge_1 (dtls1_process_heartbeat) shows identical DTLS variant using dtls1_write_bytes. Edge_2 (ssl3_read_bytes) confirms the gate: checks `v51 == 24` (0x18 = TLS1_RT_HEARTBEAT record type) and dispatches to `tls1_process_heartbeat(a1, ...)`. Source file references ""t1_lib.c"" and ""d1_both.c"" match OpenSSL heartbeat implementation locations."
c50b68736a7254f94666b76e92ce3368792b4cbc7f80ca0ad954895f8c509868,mips,on,others-tp-link_en-1.0.1e__re205v2_eu-up-ver1-0-0-P1_20180815,libssl.so.1.0.0,"The winning tournament edge (edge_2) is the gate function `ssl3_read_bytes`, which contains a switch statement dispatching record type 24 (0x18 = TLS1_RT_HEARTBEAT) directly to `tls1_process_heartbeat(a1)`. This is the highest-authority gate evidence per the feature contract. Supporting evidence from edge_3 (`tls1_process_heartbeat`) shows the full RFC 6520 heartbeat implementation: reads 1-byte message type and 2-byte big-endian payload length, handles type 1 (request) by allocating a response buffer (type=2), memcpy-ing payload, appending 16 random bytes, and sending via `ssl3_write_bytes` with record type 24. Handles type 2 (response) with sequence number validation. Edge_1 (`dtls1_process_heartbeat`) provides the identical DTLS variant using `dtls1_write_bytes`. Edge_5 (`dtls1_read_bytes`) provides the DTLS gate dispatching case 24 to `dtls1_process_heartbeat`. Both TLS and DTLS heartbeat paths are fully implemented and reachable."
c50b68736a7254f94666b76e92ce3368792b4cbc7f80ca0ad954895f8c509868,mips,on,others-tp-link_en-1.0.1e__re300v1_eu-up-ver1-0-3-P1-20190222-rel39048-,libssl.so.1.0.0,"The winning tournament edge (edge_2) is the gate function `ssl3_read_bytes`, which contains a switch statement dispatching record type 24 (0x18 = TLS1_RT_HEARTBEAT) directly to `tls1_process_heartbeat(a1)`. This is the highest-authority gate evidence per the feature contract. Supporting evidence from edge_3 (`tls1_process_heartbeat`) shows the full RFC 6520 heartbeat implementation: reads 1-byte message type and 2-byte big-endian payload length, handles type 1 (request) by allocating a response buffer (type=2), memcpy-ing payload, appending 16 random bytes, and sending via `ssl3_write_bytes` with record type 24. Handles type 2 (response) with sequence number validation. Edge_1 (`dtls1_process_heartbeat`) provides the identical DTLS variant using `dtls1_write_bytes`. Edge_5 (`dtls1_read_bytes`) provides the DTLS gate dispatching case 24 to `dtls1_process_heartbeat`. Both TLS and DTLS heartbeat paths are fully implemented and reachable."
c50b68736a7254f94666b76e92ce3368792b4cbc7f80ca0ad954895f8c509868,mips,on,others-tp-link_en-1.0.1e__re300v1_eu-up-ver1-0-4-P1-20190429-rel39688-,libssl.so.1.0.0,"The winning tournament edge (edge_2) is the gate function `ssl3_read_bytes`, which contains a switch statement dispatching record type 24 (0x18 = TLS1_RT_HEARTBEAT) directly to `tls1_process_heartbeat(a1)`. This is the highest-authority gate evidence per the feature contract. Supporting evidence from edge_3 (`tls1_process_heartbeat`) shows the full RFC 6520 heartbeat implementation: reads 1-byte message type and 2-byte big-endian payload length, handles type 1 (request) by allocating a response buffer (type=2), memcpy-ing payload, appending 16 random bytes, and sending via `ssl3_write_bytes` with record type 24. Handles type 2 (response) with sequence number validation. Edge_1 (`dtls1_process_heartbeat`) provides the identical DTLS variant using `dtls1_write_bytes`. Edge_5 (`dtls1_read_bytes`) provides the DTLS gate dispatching case 24 to `dtls1_process_heartbeat`. Both TLS and DTLS heartbeat paths are fully implemented and reachable."
c50b68736a7254f94666b76e92ce3368792b4cbc7f80ca0ad954895f8c509868,mips,on,others-tp-link_en-1.0.1e__re305v3_eu-up-ver1-0-0-P1-20190123-rel41274-,libssl.so.1.0.0,"The winning tournament edge (edge_2) is the gate function `ssl3_read_bytes`, which contains a switch statement dispatching record type 24 (0x18 = TLS1_RT_HEARTBEAT) directly to `tls1_process_heartbeat(a1)`. This is the highest-authority gate evidence per the feature contract. Supporting evidence from edge_3 (`tls1_process_heartbeat`) shows the full RFC 6520 heartbeat implementation: reads 1-byte message type and 2-byte big-endian payload length, handles type 1 (request) by allocating a response buffer (type=2), memcpy-ing payload, appending 16 random bytes, and sending via `ssl3_write_bytes` with record type 24. Handles type 2 (response) with sequence number validation. Edge_1 (`dtls1_process_heartbeat`) provides the identical DTLS variant using `dtls1_write_bytes`. Edge_5 (`dtls1_read_bytes`) provides the DTLS gate dispatching case 24 to `dtls1_process_heartbeat`. Both TLS and DTLS heartbeat paths are fully implemented and reachable."
c50b68736a7254f94666b76e92ce3368792b4cbc7f80ca0ad954895f8c509868,mips,on,others-tp-link_en-1.0.1e__re305v3_eu-up-ver1-0-1-P1-20190221-rel63495-,libssl.so.1.0.0,"The winning tournament edge (edge_2) is the gate function `ssl3_read_bytes`, which contains a switch statement dispatching record type 24 (0x18 = TLS1_RT_HEARTBEAT) directly to `tls1_process_heartbeat(a1)`. This is the highest-authority gate evidence per the feature contract. Supporting evidence from edge_3 (`tls1_process_heartbeat`) shows the full RFC 6520 heartbeat implementation: reads 1-byte message type and 2-byte big-endian payload length, handles type 1 (request) by allocating a response buffer (type=2), memcpy-ing payload, appending 16 random bytes, and sending via `ssl3_write_bytes` with record type 24. Handles type 2 (response) with sequence number validation. Edge_1 (`dtls1_process_heartbeat`) provides the identical DTLS variant using `dtls1_write_bytes`. Edge_5 (`dtls1_read_bytes`) provides the DTLS gate dispatching case 24 to `dtls1_process_heartbeat`. Both TLS and DTLS heartbeat paths are fully implemented and reachable."
d0c444439ebbfdc59192629c2c4a091caef7737b9e5d79ad3e2659bba4fbe085,arm,on,others-tp-link_zh-1.0.1e__nvr6108pv1,libssl.so.1.0.0,"Edge_2 (ssl3_read_bytes) contains the decisive gate: a switch statement on record type (v36) includes `case 24:` (0x18 = TLS1_RT_HEARTBEAT) that calls `tls1_process_heartbeat(a1)`, proving heartbeat messages are dispatched to the heartbeat handler. The implementation is confirmed by edge_3 (tls1_process_heartbeat): reads heartbeat type byte and 2-byte payload length from wire (`v10 = v7[2] | (v7[1] << 8)`), on type==1 allocates response buffer, sets type=2, calls `memcpy(v12+3, v9, v10)` using the wire-supplied length without bounds checking (Heartbleed pattern), then sends via `ssl3_write_bytes`. Edge_1 (dtls1_process_heartbeat) provides the DTLS variant with identical logic using `dtls1_write_bytes` and `dtls1_stop_timer`. Both TLS and DTLS heartbeat processing functions exist and are reachable through the ssl3_read_bytes dispatch gate."
e7b6411bb901290a2038f1731e477363bd98876146ec6ee80e1d7dfbc59cb81e,mips,on,IPcamera-tp-link_zh-1.0.1e__TL-IPC323K-X-V12.0,libssl.so.1.0.0,"In ssl3_read_bytes (edge_2), the record-type switch statement contains: case 24: tls1_process_heartbeat(a1, 21); which dispatches TLS1_RT_HEARTBEAT (0x18) records to heartbeat processing. The tls1_process_heartbeat function (edge_3) reads a message type byte and a 2-byte payload length from the wire, allocates payload_length+19 bytes via CRYPTO_malloc, sets response type to 2, copies payload with memcpy(buf+3, input+3, payload_length) using the unvalidated wire-supplied length, appends 16 random bytes via RAND_pseudo_bytes, and sends the response via ssl3_write_bytes with content type 24. The dtls1_process_heartbeat function (edge_1) shows the same pattern using dtls1_write_bytes (source: d1_both.c:1474). Both the TLS and DTLS heartbeat processing implementations are present and reachable through their respective read-path gates."
e7b6411bb901290a2038f1731e477363bd98876146ec6ee80e1d7dfbc59cb81e,mips,on,IPcamera-tp-link_zh-1.0.1e__TL-IPC325K-X-V12.0,libssl.so.1.0.0,"In ssl3_read_bytes (edge_2), the record-type switch statement contains: case 24: tls1_process_heartbeat(a1, 21); which dispatches TLS1_RT_HEARTBEAT (0x18) records to heartbeat processing. The tls1_process_heartbeat function (edge_3) reads a message type byte and a 2-byte payload length from the wire, allocates payload_length+19 bytes via CRYPTO_malloc, sets response type to 2, copies payload with memcpy(buf+3, input+3, payload_length) using the unvalidated wire-supplied length, appends 16 random bytes via RAND_pseudo_bytes, and sends the response via ssl3_write_bytes with content type 24. The dtls1_process_heartbeat function (edge_1) shows the same pattern using dtls1_write_bytes (source: d1_both.c:1474). Both the TLS and DTLS heartbeat processing implementations are present and reachable through their respective read-path gates."
e7b6411bb901290a2038f1731e477363bd98876146ec6ee80e1d7dfbc59cb81e,mips,on,IPcamera-tp-link_zh-1.0.1e__TL-IPC6TZ_-V1.0_1.0.7_BUILD_20190704_REL.52793,libssl.so.1.0.0,"In ssl3_read_bytes (edge_2), the record-type switch statement contains: case 24: tls1_process_heartbeat(a1, 21); which dispatches TLS1_RT_HEARTBEAT (0x18) records to heartbeat processing. The tls1_process_heartbeat function (edge_3) reads a message type byte and a 2-byte payload length from the wire, allocates payload_length+19 bytes via CRYPTO_malloc, sets response type to 2, copies payload with memcpy(buf+3, input+3, payload_length) using the unvalidated wire-supplied length, appends 16 random bytes via RAND_pseudo_bytes, and sends the response via ssl3_write_bytes with content type 24. The dtls1_process_heartbeat function (edge_1) shows the same pattern using dtls1_write_bytes (source: d1_both.c:1474). Both the TLS and DTLS heartbeat processing implementations are present and reachable through their respective read-path gates."