model,model_key,stage1_tasks,stage1_avg_time_seconds,stage1_avg_tokens_k,stage1_avg_cost_usd,stage2_tasks_with_logs,stage2_total_tasks,stage2_avg_time_agent_seconds,stage2_avg_tokens_agent_k,stage2_avg_cost_agent_usd
GLM,glm-5.1,60,317.715217,500.152733,0.236500,912,960,54.551724,116.245064,0.021217
DS,deepseek-v4-pro,60,383.936833,504.184217,0.036333,912,960,59.398422,154.931828,0.008849
MM,minimax-m3,60,195.860067,467.467300,0.021500,912,960,59.921337,163.385998,0.014550
GPT,gpt-5.5,60,121.183600,268.874050,0.452667,904,960,43.619793,81.485035,0.152799
Avg.,average,60,254.673929,435.169575,0.186750,910,960,54.372819,129.011981,0.049354
