model, project      , version, feature          , wall_seconds, tokens , cost, llm_calls, fast_path, state, compiler, opt, arch  , ref_version        , version_mode
DS   , busybox      , 1.33.1 , CONFIG_ASH       ,           20,   41120, 0.0 ,         9, False    , off  , clang   , O2 , arm   , busybox-1.34.1     , version_diff
DS   , busybox      , 1.33.1 , CONFIG_ASH       ,           23,   38525, 0.0 ,         9, False    , off  , clang   , O2 , arm   , busybox-1.33.1     , version_same
DS   , busybox      , 1.33.1 , CONFIG_ASH       ,           22,   41903, 0.0 ,         9, False    , off  , clang   , O2 , x86-64, busybox-1.34.1     , version_diff
DS   , busybox      , 1.33.1 , CONFIG_ASH       ,           20,   38326, 0.0 ,         9, False    , off  , clang   , O2 , x86-64, busybox-1.33.1     , version_same
DS   , busybox      , 1.33.1 , CONFIG_ASH       ,           19,   40959, 0.0 ,         9, False    , off  , clang   , O3 , arm   , busybox-1.34.1     , version_diff
DS   , busybox      , 1.33.1 , CONFIG_ASH       ,           17,   35876, 0.0 ,         9, False    , off  , clang   , O3 , arm   , busybox-1.33.1     , version_same
DS   , busybox      , 1.33.1 , CONFIG_ASH       ,           22,   40992, 0.0 ,         9, False    , off  , clang   , O3 , x86-64, busybox-1.34.1     , version_diff
DS   , busybox      , 1.33.1 , CONFIG_ASH       ,           22,   38530, 0.0 ,         9, False    , off  , clang   , O3 , x86-64, busybox-1.33.1     , version_same
DS   , busybox      , 1.33.1 , CONFIG_ASH       ,           21,   46316, 0.0 ,         9, False    , off  , gcc     , O2 , arm   , busybox-1.34.1     , version_diff
DS   , busybox      , 1.33.1 , CONFIG_ASH       ,           27,   48747, 0.0 ,        10, False    , off  , gcc     , O2 , arm   , busybox-1.33.1     , version_same
DS   , busybox      , 1.33.1 , CONFIG_ASH       ,           20,   43176, 0.0 ,         9, False    , off  , gcc     , O2 , x86-64, busybox-1.34.1     , version_diff
DS   , busybox      , 1.33.1 , CONFIG_ASH       ,           18,   38029, 0.0 ,         9, False    , off  , gcc     , O2 , x86-64, busybox-1.33.1     , version_same
DS   , busybox      , 1.33.1 , CONFIG_ASH       ,           25,   54576, 0.01,        10, False    , off  , gcc     , O3 , arm   , busybox-1.34.1     , version_diff
DS   , busybox      , 1.33.1 , CONFIG_ASH       ,           23,   47238, 0.0 ,        10, False    , off  , gcc     , O3 , arm   , busybox-1.33.1     , version_same
DS   , busybox      , 1.33.1 , CONFIG_ASH       ,           19,   43107, 0.0 ,         9, False    , off  , gcc     , O3 , x86-64, busybox-1.34.1     , version_diff
DS   , busybox      , 1.33.1 , CONFIG_ASH       ,           17,   38542, 0.0 ,         9, False    , off  , gcc     , O3 , x86-64, busybox-1.33.1     , version_same
DS   , busybox      , 1.33.1 , CONFIG_ASH       ,           27,   67265, 0.01,        11, False    , on   , clang   , O2 , arm   , busybox-1.34.1     , version_diff
DS   , busybox      , 1.33.1 , CONFIG_ASH       ,           28,   63814, 0.01,        11, False    , on   , clang   , O2 , arm   , busybox-1.33.1     , version_same
DS   , busybox      , 1.33.1 , CONFIG_ASH       ,           42,  137311, 0.01,        15, False    , on   , clang   , O2 , x86-64, busybox-1.34.1     , version_diff
DS   , busybox      , 1.33.1 , CONFIG_ASH       ,           58,  158260, 0.01,        16, False    , on   , clang   , O2 , x86-64, busybox-1.33.1     , version_same
DS   , busybox      , 1.33.1 , CONFIG_ASH       ,           24,   65445, 0.01,        11, False    , on   , clang   , O3 , arm   , busybox-1.34.1     , version_diff
DS   , busybox      , 1.33.1 , CONFIG_ASH       ,           42,  122506, 0.01,        15, False    , on   , clang   , O3 , arm   , busybox-1.33.1     , version_same
DS   , busybox      , 1.33.1 , CONFIG_ASH       ,           46,  102091, 0.01,        13, False    , on   , clang   , O3 , x86-64, busybox-1.34.1     , version_diff
DS   , busybox      , 1.33.1 , CONFIG_ASH       ,           59,  131765, 0.01,        15, False    , on   , clang   , O3 , x86-64, busybox-1.33.1     , version_same
DS   , busybox      , 1.33.1 , CONFIG_ASH       ,           58,  124411, 0.01,        15, False    , on   , gcc     , O2 , arm   , busybox-1.34.1     , version_diff
DS   , busybox      , 1.33.1 , CONFIG_ASH       ,           58,  113902, 0.01,        14, False    , on   , gcc     , O2 , arm   , busybox-1.33.1     , version_same
DS   , busybox      , 1.33.1 , CONFIG_ASH       ,           29,   58649, 0.01,        10, False    , on   , gcc     , O2 , x86-64, busybox-1.34.1     , version_diff
DS   , busybox      , 1.33.1 , CONFIG_ASH       ,           62,  101616, 0.01,        13, False    , on   , gcc     , O2 , x86-64, busybox-1.33.1     , version_same
DS   , busybox      , 1.33.1 , CONFIG_ASH       ,           27,   56297, 0.0 ,        10, False    , on   , gcc     , O3 , arm   , busybox-1.34.1     , version_diff
DS   , busybox      , 1.33.1 , CONFIG_ASH       ,           33,   57325, 0.01,        10, False    , on   , gcc     , O3 , arm   , busybox-1.33.1     , version_same
DS   , busybox      , 1.33.1 , CONFIG_ASH       ,           28,   58720, 0.01,        10, False    , on   , gcc     , O3 , x86-64, busybox-1.34.1     , version_diff
DS   , busybox      , 1.33.1 , CONFIG_ASH       ,           30,   54100, 0.01,        10, False    , on   , gcc     , O3 , x86-64, busybox-1.33.1     , version_same
DS   , busybox      , 1.33.1 , CONFIG_HUSH      ,           23,   51533, 0.0 ,         9, False    , off  , clang   , O2 , arm   , busybox-1.34.1     , version_diff
DS   , busybox      , 1.33.1 , CONFIG_HUSH      ,           34,   69366, 0.01,        10, False    , off  , clang   , O2 , arm   , busybox-1.33.1     , version_same
DS   , busybox      , 1.33.1 , CONFIG_HUSH      ,           27,   61278, 0.01,        10, False    , off  , clang   , O2 , x86-64, busybox-1.34.1     , version_diff
DS   , busybox      , 1.33.1 , CONFIG_HUSH      ,           22,   60266, 0.01,         9, False    , off  , clang   , O2 , x86-64, busybox-1.33.1     , version_same
DS   , busybox      , 1.33.1 , CONFIG_HUSH      ,           24,   52372, 0.01,         9, False    , off  , clang   , O3 , arm   , busybox-1.34.1     , version_diff
DS   , busybox      , 1.33.1 , CONFIG_HUSH      ,           27,   67856, 0.01,        10, False    , off  , clang   , O3 , arm   , busybox-1.33.1     , version_same
DS   , busybox      , 1.33.1 , CONFIG_HUSH      ,           24,   53602, 0.01,         9, False    , off  , clang   , O3 , x86-64, busybox-1.34.1     , version_diff
DS   , busybox      , 1.33.1 , CONFIG_HUSH      ,           21,   58887, 0.0 ,         9, False    , off  , clang   , O3 , x86-64, busybox-1.33.1     , version_same
DS   , busybox      , 1.33.1 , CONFIG_HUSH      ,           24,   52672, 0.0 ,         9, False    , off  , gcc     , O2 , arm   , busybox-1.34.1     , version_diff
DS   , busybox      , 1.33.1 , CONFIG_HUSH      ,           35,   66727, 0.01,        10, False    , off  , gcc     , O2 , arm   , busybox-1.33.1     , version_same
DS   , busybox      , 1.33.1 , CONFIG_HUSH      ,           25,   54910, 0.0 ,         9, False    , off  , gcc     , O2 , x86-64, busybox-1.34.1     , version_diff
DS   , busybox      , 1.33.1 , CONFIG_HUSH      ,           19,   57925, 0.0 ,         9, False    , off  , gcc     , O2 , x86-64, busybox-1.33.1     , version_same
DS   , busybox      , 1.33.1 , CONFIG_HUSH      ,           31,   60982, 0.01,        10, False    , off  , gcc     , O3 , arm   , busybox-1.34.1     , version_diff
DS   , busybox      , 1.33.1 , CONFIG_HUSH      ,           18,   55657, 0.0 ,         9, False    , off  , gcc     , O3 , arm   , busybox-1.33.1     , version_same
DS   , busybox      , 1.33.1 , CONFIG_HUSH      ,           25,   55438, 0.01,         9, False    , off  , gcc     , O3 , x86-64, busybox-1.34.1     , version_diff
DS   , busybox      , 1.33.1 , CONFIG_HUSH      ,           20,   58000, 0.0 ,         9, False    , off  , gcc     , O3 , x86-64, busybox-1.33.1     , version_same
DS   , busybox      , 1.33.1 , CONFIG_HUSH      ,           39,  128327, 0.01,        14, False    , on   , clang   , O2 , arm   , busybox-1.34.1     , version_diff
DS   , busybox      , 1.33.1 , CONFIG_HUSH      ,           59,  248696, 0.01,        19, False    , on   , clang   , O2 , arm   , busybox-1.33.1     , version_same
DS   , busybox      , 1.33.1 , CONFIG_HUSH      ,           40,  169021, 0.01,        16, False    , on   , clang   , O2 , x86-64, busybox-1.34.1     , version_diff
DS   , busybox      , 1.33.1 , CONFIG_HUSH      ,           64,  298507, 0.01,        20, False    , on   , clang   , O2 , x86-64, busybox-1.33.1     , version_same
DS   , busybox      , 1.33.1 , CONFIG_HUSH      ,           59,  321621, 0.01,        23, False    , on   , clang   , O3 , arm   , busybox-1.34.1     , version_diff
DS   , busybox      , 1.33.1 , CONFIG_HUSH      ,           51,  207258, 0.01,        17, False    , on   , clang   , O3 , arm   , busybox-1.33.1     , version_same
DS   , busybox      , 1.33.1 , CONFIG_HUSH      ,           71,  228441, 0.01,        18, False    , on   , clang   , O3 , x86-64, busybox-1.34.1     , version_diff
DS   , busybox      , 1.33.1 , CONFIG_HUSH      ,           63,  243519, 0.01,        18, False    , on   , clang   , O3 , x86-64, busybox-1.33.1     , version_same
DS   , busybox      , 1.33.1 , CONFIG_HUSH      ,           58,  174784, 0.01,        16, False    , on   , gcc     , O2 , arm   , busybox-1.34.1     , version_diff
DS   , busybox      , 1.33.1 , CONFIG_HUSH      ,           35,  145454, 0.01,        14, False    , on   , gcc     , O2 , arm   , busybox-1.33.1     , version_same
DS   , busybox      , 1.33.1 , CONFIG_HUSH      ,           42,  155449, 0.01,        15, False    , on   , gcc     , O2 , x86-64, busybox-1.34.1     , version_diff
DS   , busybox      , 1.33.1 , CONFIG_HUSH      ,           55,  192083, 0.01,        16, False    , on   , gcc     , O2 , x86-64, busybox-1.33.1     , version_same
DS   , busybox      , 1.33.1 , CONFIG_HUSH      ,           45,  172467, 0.01,        16, False    , on   , gcc     , O3 , arm   , busybox-1.34.1     , version_diff
DS   , busybox      , 1.33.1 , CONFIG_HUSH      ,           67,  238571, 0.01,        18, False    , on   , gcc     , O3 , arm   , busybox-1.33.1     , version_same
DS   , busybox      , 1.33.1 , CONFIG_HUSH      ,           50,  184021, 0.01,        16, False    , on   , gcc     , O3 , x86-64, busybox-1.34.1     , version_diff
DS   , busybox      , 1.33.1 , CONFIG_HUSH      ,           47,  218024, 0.01,        17, False    , on   , gcc     , O3 , x86-64, busybox-1.33.1     , version_same
DS   , curl         , 7.73.0 , dict             ,           42,  112333, 0.01,        15, False    , off  , clang   , O2 , arm   , curl-7.74.0        , version_diff
DS   , curl         , 7.73.0 , dict             ,           74,  340123, 0.01,        25, False    , off  , clang   , O2 , arm   , curl-7.73.0        , version_same
DS   , curl         , 7.73.0 , dict             ,           21,   36082, 0.0 ,         9, False    , off  , clang   , O2 , x86-64, curl-7.74.0        , version_diff
DS   , curl         , 7.73.0 , dict             ,           29,   58476, 0.01,        11, False    , off  , clang   , O2 , x86-64, curl-7.73.0        , version_same
DS   , curl         , 7.73.0 , dict             ,           72,  130071, 0.01,        16, False    , off  , clang   , O3 , arm   , curl-7.74.0        , version_diff
DS   , curl         , 7.73.0 , dict             ,           71,  362455, 0.01,        26, False    , off  , clang   , O3 , arm   , curl-7.73.0        , version_same
DS   , curl         , 7.73.0 , dict             ,           36,   71995, 0.01,        12, False    , off  , clang   , O3 , x86-64, curl-7.74.0        , version_diff
DS   , curl         , 7.73.0 , dict             ,           56,  100397, 0.01,        14, False    , off  , clang   , O3 , x86-64, curl-7.73.0        , version_same
DS   , curl         , 7.73.0 , dict             ,           36,   85927, 0.01,        13, False    , off  , gcc     , O2 , arm   , curl-7.74.0        , version_diff
DS   , curl         , 7.73.0 , dict             ,           37,   87209, 0.01,        13, False    , off  , gcc     , O2 , arm   , curl-7.73.0        , version_same
DS   , curl         , 7.73.0 , dict             ,           30,   57147, 0.01,        11, False    , off  , gcc     , O2 , x86-64, curl-7.74.0        , version_diff
DS   , curl         , 7.73.0 , dict             ,           29,   66476, 0.01,        12, False    , off  , gcc     , O2 , x86-64, curl-7.73.0        , version_same
DS   , curl         , 7.73.0 , dict             ,           31,   69768, 0.01,        12, False    , off  , gcc     , O3 , arm   , curl-7.74.0        , version_diff
DS   , curl         , 7.73.0 , dict             ,           34,   89125, 0.01,        13, False    , off  , gcc     , O3 , arm   , curl-7.73.0        , version_same
DS   , curl         , 7.73.0 , dict             ,           30,   90276, 0.01,        14, False    , off  , gcc     , O3 , x86-64, curl-7.74.0        , version_diff
DS   , curl         , 7.73.0 , dict             ,           43,   99515, 0.01,        14, False    , off  , gcc     , O3 , x86-64, curl-7.73.0        , version_same
DS   , curl         , 7.73.0 , dict             ,           57,   98372, 0.01,        14, False    , on   , clang   , O2 , arm   , curl-7.74.0        , version_diff
DS   , curl         , 7.73.0 , dict             ,           47,   79439, 0.01,        13, False    , on   , clang   , O2 , arm   , curl-7.73.0        , version_same
DS   , curl         , 7.73.0 , dict             ,           20,   44063, 0.0 ,        10, False    , on   , clang   , O2 , x86-64, curl-7.74.0        , version_diff
DS   , curl         , 7.73.0 , dict             ,           36,   45450, 0.01,        10, False    , on   , clang   , O2 , x86-64, curl-7.73.0        , version_same
DS   , curl         , 7.73.0 , dict             ,           31,   70227, 0.01,        12, False    , on   , clang   , O3 , arm   , curl-7.74.0        , version_diff
DS   , curl         , 7.73.0 , dict             ,           34,   81981, 0.01,        13, False    , on   , clang   , O3 , arm   , curl-7.73.0        , version_same
DS   , curl         , 7.73.0 , dict             ,           30,   64867, 0.01,        11, False    , on   , clang   , O3 , x86-64, curl-7.74.0        , version_diff
DS   , curl         , 7.73.0 , dict             ,           39,   60372, 0.01,        11, False    , on   , clang   , O3 , x86-64, curl-7.73.0        , version_same
DS   , curl         , 7.73.0 , dict             ,           36,  105546, 0.01,        14, False    , on   , gcc     , O2 , arm   , curl-7.74.0        , version_diff
DS   , curl         , 7.73.0 , dict             ,           36,   89772, 0.01,        13, False    , on   , gcc     , O2 , arm   , curl-7.73.0        , version_same
DS   , curl         , 7.73.0 , dict             ,           29,   53029, 0.01,        11, False    , on   , gcc     , O2 , x86-64, curl-7.74.0        , version_diff
DS   , curl         , 7.73.0 , dict             ,           32,   53929, 0.01,        11, False    , on   , gcc     , O2 , x86-64, curl-7.73.0        , version_same
DS   , curl         , 7.73.0 , dict             ,           33,   74436, 0.01,        12, False    , on   , gcc     , O3 , arm   , curl-7.74.0        , version_diff
DS   , curl         , 7.73.0 , dict             ,           35,  102842, 0.01,        14, False    , on   , gcc     , O3 , arm   , curl-7.73.0        , version_same
DS   , curl         , 7.73.0 , dict             ,           20,   44450, 0.0 ,        10, False    , on   , gcc     , O3 , x86-64, curl-7.74.0        , version_diff
DS   , curl         , 7.73.0 , dict             ,           25,   46932, 0.01,        10, False    , on   , gcc     , O3 , x86-64, curl-7.73.0        , version_same
DS   , curl         , 7.73.0 , telnet           ,           28,   59306, 0.0 ,        11, False    , off  , clang   , O2 , arm   , curl-7.74.0        , version_diff
DS   , curl         , 7.73.0 , telnet           ,           32,   71869, 0.01,        12, False    , off  , clang   , O2 , arm   , curl-7.73.0        , version_same
DS   , curl         , 7.73.0 , telnet           ,           42,  117639, 0.01,        15, False    , off  , clang   , O2 , x86-64, curl-7.74.0        , version_diff
DS   , curl         , 7.73.0 , telnet           ,           46,  179801, 0.01,        18, False    , off  , clang   , O2 , x86-64, curl-7.73.0        , version_same
DS   , curl         , 7.73.0 , telnet           ,           27,   96856, 0.01,        13, False    , off  , clang   , O3 , arm   , curl-7.74.0        , version_diff
DS   , curl         , 7.73.0 , telnet           ,           41,  154226, 0.01,        16, False    , off  , clang   , O3 , arm   , curl-7.73.0        , version_same
DS   , curl         , 7.73.0 , telnet           ,           48,  147862, 0.01,        16, False    , off  , clang   , O3 , x86-64, curl-7.74.0        , version_diff
DS   , curl         , 7.73.0 , telnet           ,           42,   94591, 0.01,        13, False    , off  , clang   , O3 , x86-64, curl-7.73.0        , version_same
DS   , curl         , 7.73.0 , telnet           ,           41,  122044, 0.01,        15, False    , off  , gcc     , O2 , arm   , curl-7.74.0        , version_diff
DS   , curl         , 7.73.0 , telnet           ,           43,   86481, 0.01,        13, False    , off  , gcc     , O2 , arm   , curl-7.73.0        , version_same
DS   , curl         , 7.73.0 , telnet           ,           39,  139552, 0.01,        16, False    , off  , gcc     , O2 , x86-64, curl-7.74.0        , version_diff
DS   , curl         , 7.73.0 , telnet           ,           35,   92887, 0.01,        13, False    , off  , gcc     , O2 , x86-64, curl-7.73.0        , version_same
DS   , curl         , 7.73.0 , telnet           ,           38,  121758, 0.01,        15, False    , off  , gcc     , O3 , arm   , curl-7.74.0        , version_diff
DS   , curl         , 7.73.0 , telnet           ,           25,   56203, 0.0 ,        11, False    , off  , gcc     , O3 , arm   , curl-7.73.0        , version_same
DS   , curl         , 7.73.0 , telnet           ,           42,  107310, 0.01,        14, False    , off  , gcc     , O3 , x86-64, curl-7.74.0        , version_diff
DS   , curl         , 7.73.0 , telnet           ,           40,  112284, 0.01,        14, False    , off  , gcc     , O3 , x86-64, curl-7.73.0        , version_same
DS   , curl         , 7.73.0 , telnet           ,           80,  436203, 0.02,        27, False    , on   , clang   , O2 , arm   , curl-7.74.0        , version_diff
DS   , curl         , 7.73.0 , telnet           ,           84,  299900, 0.01,        22, False    , on   , clang   , O2 , arm   , curl-7.73.0        , version_same
DS   , curl         , 7.73.0 , telnet           ,           70,  322513, 0.01,        23, False    , on   , clang   , O2 , x86-64, curl-7.74.0        , version_diff
DS   , curl         , 7.73.0 , telnet           ,           71,  244887, 0.01,        20, False    , on   , clang   , O2 , x86-64, curl-7.73.0        , version_same
DS   , curl         , 7.73.0 , telnet           ,           65,  284948, 0.01,        22, False    , on   , clang   , O3 , arm   , curl-7.74.0        , version_diff
DS   , curl         , 7.73.0 , telnet           ,           80,  359426, 0.01,        25, False    , on   , clang   , O3 , arm   , curl-7.73.0        , version_same
DS   , curl         , 7.73.0 , telnet           ,           40,   86708, 0.01,        12, False    , on   , clang   , O3 , x86-64, curl-7.74.0        , version_diff
DS   , curl         , 7.73.0 , telnet           ,          144,  727476, 0.02,        34, False    , on   , clang   , O3 , x86-64, curl-7.73.0        , version_same
DS   , curl         , 7.73.0 , telnet           ,           80,  243044, 0.01,        20, False    , on   , gcc     , O2 , arm   , curl-7.74.0        , version_diff
DS   , curl         , 7.73.0 , telnet           ,           61,  190428, 0.01,        18, False    , on   , gcc     , O2 , arm   , curl-7.73.0        , version_same
DS   , curl         , 7.73.0 , telnet           ,           79,  231770, 0.01,        19, False    , on   , gcc     , O2 , x86-64, curl-7.74.0        , version_diff
DS   , curl         , 7.73.0 , telnet           ,           76,  246498, 0.01,        20, False    , on   , gcc     , O2 , x86-64, curl-7.73.0        , version_same
DS   , curl         , 7.73.0 , telnet           ,           44,  103057, 0.01,        13, False    , on   , gcc     , O3 , arm   , curl-7.74.0        , version_diff
DS   , curl         , 7.73.0 , telnet           ,           93,  365738, 0.02,        24, False    , on   , gcc     , O3 , arm   , curl-7.73.0        , version_same
DS   , curl         , 7.73.0 , telnet           ,           44,  137588, 0.01,        15, False    , on   , gcc     , O3 , x86-64, curl-7.74.0        , version_diff
DS   , curl         , 7.73.0 , telnet           ,           72,  257691, 0.01,        20, False    , on   , gcc     , O3 , x86-64, curl-7.73.0        , version_same
DS   , dnsmasq      , 2.82   , HAVE_LOOP        ,           64,  245879, 0.01,        20, False    , off  , clang   , O2 , arm   , dnsmasq-2.83       , version_diff
DS   , dnsmasq      , 2.82   , HAVE_LOOP        ,           67,  208476, 0.01,        19, False    , off  , clang   , O2 , arm   , dnsmasq-2.82       , version_same
DS   , dnsmasq      , 2.82   , HAVE_LOOP        ,           43,   93430, 0.01,        13, False    , off  , clang   , O2 , x86-64, dnsmasq-2.83       , version_diff
DS   , dnsmasq      , 2.82   , HAVE_LOOP        ,           47,  165805, 0.01,        17, False    , off  , clang   , O2 , x86-64, dnsmasq-2.82       , version_same
DS   , dnsmasq      , 2.82   , HAVE_LOOP        ,           49,  183602, 0.01,        18, False    , off  , clang   , O3 , arm   , dnsmasq-2.83       , version_diff
DS   , dnsmasq      , 2.82   , HAVE_LOOP        ,           80,  222852, 0.01,        20, False    , off  , clang   , O3 , arm   , dnsmasq-2.82       , version_same
DS   , dnsmasq      , 2.82   , HAVE_LOOP        ,           46,  143871, 0.01,        16, False    , off  , clang   , O3 , x86-64, dnsmasq-2.83       , version_diff
DS   , dnsmasq      , 2.82   , HAVE_LOOP        ,           52,  150013, 0.01,        16, False    , off  , clang   , O3 , x86-64, dnsmasq-2.82       , version_same
DS   , dnsmasq      , 2.82   , HAVE_LOOP        ,           55,  183547, 0.01,        18, False    , off  , gcc     , O2 , arm   , dnsmasq-2.83       , version_diff
DS   , dnsmasq      , 2.82   , HAVE_LOOP        ,           51,  196926, 0.01,        18, False    , off  , gcc     , O2 , arm   , dnsmasq-2.82       , version_same
DS   , dnsmasq      , 2.82   , HAVE_LOOP        ,          118,  608111, 0.02,        31, False    , off  , gcc     , O2 , x86-64, dnsmasq-2.83       , version_diff
DS   , dnsmasq      , 2.82   , HAVE_LOOP        ,           63,  208435, 0.01,        19, False    , off  , gcc     , O2 , x86-64, dnsmasq-2.82       , version_same
DS   , dnsmasq      , 2.82   , HAVE_LOOP        ,           58,  167860, 0.01,        17, False    , off  , gcc     , O3 , arm   , dnsmasq-2.83       , version_diff
DS   , dnsmasq      , 2.82   , HAVE_LOOP        ,           83,  123381, 0.01,        14, False    , off  , gcc     , O3 , arm   , dnsmasq-2.82       , version_same
DS   , dnsmasq      , 2.82   , HAVE_LOOP        ,           52,  186372, 0.01,        18, False    , off  , gcc     , O3 , x86-64, dnsmasq-2.83       , version_diff
DS   , dnsmasq      , 2.82   , HAVE_LOOP        ,           59,  153532, 0.01,        16, False    , off  , gcc     , O3 , x86-64, dnsmasq-2.82       , version_same
DS   , dnsmasq      , 2.82   , HAVE_LOOP        ,           59,  203922, 0.01,        19, False    , on   , clang   , O2 , arm   , dnsmasq-2.83       , version_diff
DS   , dnsmasq      , 2.82   , HAVE_LOOP        ,           52,  174612, 0.01,        17, False    , on   , clang   , O2 , arm   , dnsmasq-2.82       , version_same
DS   , dnsmasq      , 2.82   , HAVE_LOOP        ,           51,  185885, 0.01,        18, False    , on   , clang   , O2 , x86-64, dnsmasq-2.83       , version_diff
DS   , dnsmasq      , 2.82   , HAVE_LOOP        ,           64,  165639, 0.01,        17, False    , on   , clang   , O2 , x86-64, dnsmasq-2.82       , version_same
DS   , dnsmasq      , 2.82   , HAVE_LOOP        ,           90,  340103, 0.01,        24, False    , on   , clang   , O3 , arm   , dnsmasq-2.83       , version_diff
DS   , dnsmasq      , 2.82   , HAVE_LOOP        ,          102,  338971, 0.02,        24, False    , on   , clang   , O3 , arm   , dnsmasq-2.82       , version_same
DS   , dnsmasq      , 2.82   , HAVE_LOOP        ,           58,  202027, 0.01,        19, False    , on   , clang   , O3 , x86-64, dnsmasq-2.83       , version_diff
DS   , dnsmasq      , 2.82   , HAVE_LOOP        ,          100,  538455, 0.02,        29, False    , on   , clang   , O3 , x86-64, dnsmasq-2.82       , version_same
DS   , dnsmasq      , 2.82   , HAVE_LOOP        ,           51,  176472, 0.01,        18, False    , on   , gcc     , O2 , arm   , dnsmasq-2.83       , version_diff
DS   , dnsmasq      , 2.82   , HAVE_LOOP        ,           92,  367682, 0.01,        25, False    , on   , gcc     , O2 , arm   , dnsmasq-2.82       , version_same
DS   , dnsmasq      , 2.82   , HAVE_LOOP        ,           61,  242522, 0.01,        20, False    , on   , gcc     , O2 , x86-64, dnsmasq-2.83       , version_diff
DS   , dnsmasq      , 2.82   , HAVE_LOOP        ,           68,  119680, 0.01,        14, False    , on   , gcc     , O2 , x86-64, dnsmasq-2.82       , version_same
DS   , dnsmasq      , 2.82   , HAVE_LOOP        ,           70,  240367, 0.01,        20, False    , on   , gcc     , O3 , arm   , dnsmasq-2.83       , version_diff
DS   , dnsmasq      , 2.82   , HAVE_LOOP        ,           63,  180664, 0.01,        18, False    , on   , gcc     , O3 , arm   , dnsmasq-2.82       , version_same
DS   , dnsmasq      , 2.82   , HAVE_LOOP        ,           54,  166894, 0.01,        17, False    , on   , gcc     , O3 , x86-64, dnsmasq-2.83       , version_diff
DS   , dnsmasq      , 2.82   , HAVE_LOOP        ,           41,  191168, 0.01,        18, False    , on   , gcc     , O3 , x86-64, dnsmasq-2.82       , version_same
DS   , dnsmasq      , 2.82   , HAVE_TFTP        ,           42,  139386, 0.01,        15, False    , off  , clang   , O2 , arm   , dnsmasq-2.83       , version_diff
DS   , dnsmasq      , 2.82   , HAVE_TFTP        ,           52,  155296, 0.01,        16, False    , off  , clang   , O2 , arm   , dnsmasq-2.82       , version_same
DS   , dnsmasq      , 2.82   , HAVE_TFTP        ,           40,  126185, 0.01,        14, False    , off  , clang   , O2 , x86-64, dnsmasq-2.83       , version_diff
DS   , dnsmasq      , 2.82   , HAVE_TFTP        ,           38,  140858, 0.01,        15, False    , off  , clang   , O2 , x86-64, dnsmasq-2.82       , version_same
DS   , dnsmasq      , 2.82   , HAVE_TFTP        ,           37,  116827, 0.01,        14, False    , off  , clang   , O3 , arm   , dnsmasq-2.83       , version_diff
DS   , dnsmasq      , 2.82   , HAVE_TFTP        ,           90,  323521, 0.01,        23, False    , off  , clang   , O3 , arm   , dnsmasq-2.82       , version_same
DS   , dnsmasq      , 2.82   , HAVE_TFTP        ,           37,  118208, 0.01,        14, False    , off  , clang   , O3 , x86-64, dnsmasq-2.83       , version_diff
DS   , dnsmasq      , 2.82   , HAVE_TFTP        ,           55,  241854, 0.01,        20, False    , off  , clang   , O3 , x86-64, dnsmasq-2.82       , version_same
DS   , dnsmasq      , 2.82   , HAVE_TFTP        ,           41,  132596, 0.01,        15, False    , off  , gcc     , O2 , arm   , dnsmasq-2.83       , version_diff
DS   , dnsmasq      , 2.82   , HAVE_TFTP        ,           47,  156483, 0.01,        16, False    , off  , gcc     , O2 , arm   , dnsmasq-2.82       , version_same
DS   , dnsmasq      , 2.82   , HAVE_TFTP        ,           76,  505661, 0.02,        29, False    , off  , gcc     , O2 , x86-64, dnsmasq-2.83       , version_diff
DS   , dnsmasq      , 2.82   , HAVE_TFTP        ,           71,  273243, 0.01,        21, False    , off  , gcc     , O2 , x86-64, dnsmasq-2.82       , version_same
DS   , dnsmasq      , 2.82   , HAVE_TFTP        ,           36,  132371, 0.01,        15, False    , off  , gcc     , O3 , arm   , dnsmasq-2.83       , version_diff
DS   , dnsmasq      , 2.82   , HAVE_TFTP        ,           51,  145776, 0.01,        16, False    , off  , gcc     , O3 , arm   , dnsmasq-2.82       , version_same
DS   , dnsmasq      , 2.82   , HAVE_TFTP        ,           44,  154196, 0.01,        16, False    , off  , gcc     , O3 , x86-64, dnsmasq-2.83       , version_diff
DS   , dnsmasq      , 2.82   , HAVE_TFTP        ,           53,  156140, 0.01,        16, False    , off  , gcc     , O3 , x86-64, dnsmasq-2.82       , version_same
DS   , dropbear     , 2015.71, FORWARD_TUNNEL   ,           27,   41714, 0.0 ,         9, False    , off  , clang   , O2 , arm   , dropbear-2016.72   , version_diff
DS   , dropbear     , 2015.71, FORWARD_TUNNEL   ,           56,  101215, 0.01,        13, False    , off  , clang   , O2 , arm   , dropbear-2015.71   , version_same
DS   , dropbear     , 2015.71, FORWARD_TUNNEL   ,           33,   85768, 0.01,        13, False    , off  , clang   , O2 , x86-64, dropbear-2016.72   , version_diff
DS   , dropbear     , 2015.71, FORWARD_TUNNEL   ,           68,   99427, 0.01,        13, False    , off  , clang   , O2 , x86-64, dropbear-2015.71   , version_same
DS   , dropbear     , 2015.71, FORWARD_TUNNEL   ,           25,   41546, 0.0 ,         9, False    , off  , clang   , O3 , arm   , dropbear-2016.72   , version_diff
DS   , dropbear     , 2015.71, FORWARD_TUNNEL   ,           48,   96082, 0.01,        13, False    , off  , clang   , O3 , arm   , dropbear-2015.71   , version_same
DS   , dropbear     , 2015.71, FORWARD_TUNNEL   ,           37,   81728, 0.01,        12, False    , off  , clang   , O3 , x86-64, dropbear-2016.72   , version_diff
DS   , dropbear     , 2015.71, FORWARD_TUNNEL   ,           79,  160973, 0.01,        16, False    , off  , clang   , O3 , x86-64, dropbear-2015.71   , version_same
DS   , dropbear     , 2015.71, FORWARD_TUNNEL   ,           53,   86368, 0.01,        13, False    , off  , gcc     , O2 , arm   , dropbear-2016.72   , version_diff
DS   , dropbear     , 2015.71, FORWARD_TUNNEL   ,           57,   96705, 0.01,        13, False    , off  , gcc     , O2 , arm   , dropbear-2015.71   , version_same
DS   , dropbear     , 2015.71, FORWARD_TUNNEL   ,           53,  121571, 0.01,        14, False    , off  , gcc     , O2 , x86-64, dropbear-2016.72   , version_diff
DS   , dropbear     , 2015.71, FORWARD_TUNNEL   ,           65,  139310, 0.01,        15, False    , off  , gcc     , O2 , x86-64, dropbear-2015.71   , version_same
DS   , dropbear     , 2015.71, FORWARD_TUNNEL   ,           35,  121163, 0.01,        15, False    , off  , gcc     , O3 , arm   , dropbear-2016.72   , version_diff
DS   , dropbear     , 2015.71, FORWARD_TUNNEL   ,          105,  134227, 0.01,        15, False    , off  , gcc     , O3 , arm   , dropbear-2015.71   , version_same
DS   , dropbear     , 2015.71, FORWARD_TUNNEL   ,          119,  131752, 0.01,        14, False    , off  , gcc     , O3 , x86-64, dropbear-2016.72   , version_diff
DS   , dropbear     , 2015.71, FORWARD_TUNNEL   ,          100,  129553, 0.01,        14, False    , off  , gcc     , O3 , x86-64, dropbear-2015.71   , version_same
DS   , dropbear     , 2015.71, FORWARD_TUNNEL   ,           25,   51082, 0.0 ,        10, False    , on   , clang   , O2 , arm   , dropbear-2016.72   , version_diff
DS   , dropbear     , 2015.71, FORWARD_TUNNEL   ,           46,  100997, 0.01,        13, False    , on   , clang   , O2 , arm   , dropbear-2015.71   , version_same
DS   , dropbear     , 2015.71, FORWARD_TUNNEL   ,           29,   53897, 0.01,        10, False    , on   , clang   , O2 , x86-64, dropbear-2016.72   , version_diff
DS   , dropbear     , 2015.71, FORWARD_TUNNEL   ,           57,   91829, 0.01,        12, False    , on   , clang   , O2 , x86-64, dropbear-2015.71   , version_same
DS   , dropbear     , 2015.71, FORWARD_TUNNEL   ,           29,   52342, 0.01,        10, False    , on   , clang   , O3 , arm   , dropbear-2016.72   , version_diff
DS   , dropbear     , 2015.71, FORWARD_TUNNEL   ,           47,  100899, 0.01,        13, False    , on   , clang   , O3 , arm   , dropbear-2015.71   , version_same
DS   , dropbear     , 2015.71, FORWARD_TUNNEL   ,           51,  111043, 0.01,        14, False    , on   , clang   , O3 , x86-64, dropbear-2016.72   , version_diff
DS   , dropbear     , 2015.71, FORWARD_TUNNEL   ,           44,   86556, 0.01,        12, False    , on   , clang   , O3 , x86-64, dropbear-2015.71   , version_same
DS   , dropbear     , 2015.71, FORWARD_TUNNEL   ,           57,   94791, 0.01,        13, False    , on   , gcc     , O2 , arm   , dropbear-2016.72   , version_diff
DS   , dropbear     , 2015.71, FORWARD_TUNNEL   ,           80,  109127, 0.01,        14, False    , on   , gcc     , O2 , arm   , dropbear-2015.71   , version_same
DS   , dropbear     , 2015.71, FORWARD_TUNNEL   ,           55,  156450, 0.01,        16, False    , on   , gcc     , O2 , x86-64, dropbear-2016.72   , version_diff
DS   , dropbear     , 2015.71, FORWARD_TUNNEL   ,           75,  147029, 0.01,        15, False    , on   , gcc     , O2 , x86-64, dropbear-2015.71   , version_same
DS   , dropbear     , 2015.71, FORWARD_TUNNEL   ,           70,  102618, 0.01,        14, False    , on   , gcc     , O3 , arm   , dropbear-2016.72   , version_diff
DS   , dropbear     , 2015.71, FORWARD_TUNNEL   ,           46,   94563, 0.01,        13, False    , on   , gcc     , O3 , arm   , dropbear-2015.71   , version_same
DS   , dropbear     , 2015.71, FORWARD_TUNNEL   ,           55,  138045, 0.01,        15, False    , on   , gcc     , O3 , x86-64, dropbear-2016.72   , version_diff
DS   , dropbear     , 2015.71, FORWARD_TUNNEL   ,           75,  148050, 0.01,        15, False    , on   , gcc     , O3 , x86-64, dropbear-2015.71   , version_same
DS   , dropbear     , 2015.71, X11FWD           ,           44,  147370, 0.01,        17, False    , off  , clang   , O2 , arm   , dropbear-2016.72   , version_diff
DS   , dropbear     , 2015.71, X11FWD           ,           63,  166723, 0.01,        17, False    , off  , clang   , O2 , arm   , dropbear-2015.71   , version_same
DS   , dropbear     , 2015.71, X11FWD           ,           32,  103751, 0.01,        14, False    , off  , clang   , O2 , x86-64, dropbear-2016.72   , version_diff
DS   , dropbear     , 2015.71, X11FWD           ,           49,  108477, 0.01,        14, False    , off  , clang   , O2 , x86-64, dropbear-2015.71   , version_same
DS   , dropbear     , 2015.71, X11FWD           ,           46,  148305, 0.01,        17, False    , off  , clang   , O3 , arm   , dropbear-2016.72   , version_diff
DS   , dropbear     , 2015.71, X11FWD           ,           34,   99819, 0.01,        14, False    , off  , clang   , O3 , arm   , dropbear-2015.71   , version_same
DS   , dropbear     , 2015.71, X11FWD           ,           69,  145056, 0.01,        15, False    , off  , clang   , O3 , x86-64, dropbear-2016.72   , version_diff
DS   , dropbear     , 2015.71, X11FWD           ,           34,   57390, 0.01,        10, False    , off  , clang   , O3 , x86-64, dropbear-2015.71   , version_same
DS   , dropbear     , 2015.71, X11FWD           ,           24,   61198, 0.01,        11, False    , off  , gcc     , O2 , arm   , dropbear-2016.72   , version_diff
DS   , dropbear     , 2015.71, X11FWD           ,           40,  108667, 0.01,        14, False    , off  , gcc     , O2 , arm   , dropbear-2015.71   , version_same
DS   , dropbear     , 2015.71, X11FWD           ,           34,  112963, 0.01,        14, False    , off  , gcc     , O2 , x86-64, dropbear-2016.72   , version_diff
DS   , dropbear     , 2015.71, X11FWD           ,           58,  189419, 0.01,        18, False    , off  , gcc     , O2 , x86-64, dropbear-2015.71   , version_same
DS   , dropbear     , 2015.71, X11FWD           ,           29,   65833, 0.01,        11, False    , off  , gcc     , O3 , arm   , dropbear-2016.72   , version_diff
DS   , dropbear     , 2015.71, X11FWD           ,           30,   65621, 0.01,        11, False    , off  , gcc     , O3 , arm   , dropbear-2015.71   , version_same
DS   , dropbear     , 2015.71, X11FWD           ,           40,   79208, 0.01,        12, False    , off  , gcc     , O3 , x86-64, dropbear-2016.72   , version_diff
DS   , dropbear     , 2015.71, X11FWD           ,           36,  108002, 0.01,        14, False    , off  , gcc     , O3 , x86-64, dropbear-2015.71   , version_same
DS   , dropbear     , 2015.71, X11FWD           ,           31,   62146, 0.01,        11, False    , on   , clang   , O2 , arm   , dropbear-2016.72   , version_diff
DS   , dropbear     , 2015.71, X11FWD           ,           31,   63008, 0.01,        11, False    , on   , clang   , O2 , arm   , dropbear-2015.71   , version_same
DS   , dropbear     , 2015.71, X11FWD           ,           36,   96526, 0.01,        13, False    , on   , clang   , O2 , x86-64, dropbear-2016.72   , version_diff
DS   , dropbear     , 2015.71, X11FWD           ,           56,   86575, 0.01,        12, False    , on   , clang   , O2 , x86-64, dropbear-2015.71   , version_same
DS   , dropbear     , 2015.71, X11FWD           ,           54,  120206, 0.01,        15, False    , on   , clang   , O3 , arm   , dropbear-2016.72   , version_diff
DS   , dropbear     , 2015.71, X11FWD           ,           35,  102653, 0.01,        14, False    , on   , clang   , O3 , arm   , dropbear-2015.71   , version_same
DS   , dropbear     , 2015.71, X11FWD           ,           75,   88051, 0.01,        11, False    , on   , clang   , O3 , x86-64, dropbear-2016.72   , version_diff
DS   , dropbear     , 2015.71, X11FWD           ,           35,   66893, 0.01,        11, False    , on   , clang   , O3 , x86-64, dropbear-2015.71   , version_same
DS   , dropbear     , 2015.71, X11FWD           ,           31,   46076, 0.01,         9, False    , on   , gcc     , O2 , arm   , dropbear-2016.72   , version_diff
DS   , dropbear     , 2015.71, X11FWD           ,           37,   57035, 0.0 ,        11, False    , on   , gcc     , O2 , arm   , dropbear-2015.71   , version_same
DS   , dropbear     , 2015.71, X11FWD           ,           43,   61799, 0.01,        11, False    , on   , gcc     , O2 , x86-64, dropbear-2016.72   , version_diff
DS   , dropbear     , 2015.71, X11FWD           ,           42,   70231, 0.01,        11, False    , on   , gcc     , O2 , x86-64, dropbear-2015.71   , version_same
DS   , dropbear     , 2015.71, X11FWD           ,           30,   65615, 0.01,        11, False    , on   , gcc     , O3 , arm   , dropbear-2016.72   , version_diff
DS   , dropbear     , 2015.71, X11FWD           ,           29,   63789, 0.01,        11, False    , on   , gcc     , O3 , arm   , dropbear-2015.71   , version_same
DS   , dropbear     , 2015.71, X11FWD           ,           43,   73572, 0.01,        12, False    , on   , gcc     , O3 , x86-64, dropbear-2016.72   , version_diff
DS   , dropbear     , 2015.71, X11FWD           ,           38,   59133, 0.01,        11, False    , on   , gcc     , O3 , x86-64, dropbear-2015.71   , version_same
DS   , htslib       , 1.10.2 , bz2              ,           30,   40070, 0.0 ,         9, False    , off  , clang   , O2 , arm   , htslib-1.11        , version_diff
DS   , htslib       , 1.10.2 , bz2              ,           21,   31036, 0.0 ,         8, False    , off  , clang   , O2 , arm   , htslib-1.10.2      , version_same
DS   , htslib       , 1.10.2 , bz2              ,           27,   56085, 0.0 ,        10, False    , off  , clang   , O2 , x86-64, htslib-1.11        , version_diff
DS   , htslib       , 1.10.2 , bz2              ,           36,   52231, 0.0 ,        10, False    , off  , clang   , O2 , x86-64, htslib-1.10.2      , version_same
DS   , htslib       , 1.10.2 , bz2              ,           19,   32141, 0.0 ,         8, False    , off  , clang   , O3 , arm   , htslib-1.11        , version_diff
DS   , htslib       , 1.10.2 , bz2              ,           20,   31553, 0.0 ,         8, False    , off  , clang   , O3 , arm   , htslib-1.10.2      , version_same
DS   , htslib       , 1.10.2 , bz2              ,           29,   49295, 0.0 ,        10, False    , off  , clang   , O3 , x86-64, htslib-1.11        , version_diff
DS   , htslib       , 1.10.2 , bz2              ,           38,   51751, 0.0 ,        10, False    , off  , clang   , O3 , x86-64, htslib-1.10.2      , version_same
DS   , htslib       , 1.10.2 , bz2              ,           21,   33456, 0.0 ,         8, False    , off  , gcc     , O2 , arm   , htslib-1.11        , version_diff
DS   , htslib       , 1.10.2 , bz2              ,           20,   31644, 0.0 ,         8, False    , off  , gcc     , O2 , arm   , htslib-1.10.2      , version_same
DS   , htslib       , 1.10.2 , bz2              ,           46,   68452, 0.01,        11, False    , off  , gcc     , O2 , x86-64, htslib-1.11        , version_diff
DS   , htslib       , 1.10.2 , bz2              ,           33,   29012, 0.0 ,         8, False    , off  , gcc     , O2 , x86-64, htslib-1.10.2      , version_same
DS   , htslib       , 1.10.2 , bz2              ,           23,   33134, 0.0 ,         8, False    , off  , gcc     , O3 , arm   , htslib-1.11        , version_diff
DS   , htslib       , 1.10.2 , bz2              ,           25,   33310, 0.0 ,         8, False    , off  , gcc     , O3 , arm   , htslib-1.10.2      , version_same
DS   , htslib       , 1.10.2 , bz2              ,           24,   29123, 0.0 ,         8, False    , off  , gcc     , O3 , x86-64, htslib-1.11        , version_diff
DS   , htslib       , 1.10.2 , bz2              ,           28,   29473, 0.0 ,         8, False    , off  , gcc     , O3 , x86-64, htslib-1.10.2      , version_same
DS   , htslib       , 1.10.2 , bz2              ,           39,   44329, 0.01,         9, False    , on   , clang   , O2 , arm   , htslib-1.11        , version_diff
DS   , htslib       , 1.10.2 , bz2              ,           34,   41736, 0.0 ,         9, False    , on   , clang   , O2 , arm   , htslib-1.10.2      , version_same
DS   , htslib       , 1.10.2 , bz2              ,           36,   81398, 0.01,        12, False    , on   , clang   , O2 , x86-64, htslib-1.11        , version_diff
DS   , htslib       , 1.10.2 , bz2              ,           41,   95561, 0.01,        13, False    , on   , clang   , O2 , x86-64, htslib-1.10.2      , version_same
DS   , htslib       , 1.10.2 , bz2              ,           44,   41513, 0.01,         9, False    , on   , clang   , O3 , arm   , htslib-1.11        , version_diff
DS   , htslib       , 1.10.2 , bz2              ,           29,   38648, 0.0 ,         9, False    , on   , clang   , O3 , arm   , htslib-1.10.2      , version_same
DS   , htslib       , 1.10.2 , bz2              ,           36,   95763, 0.01,        13, False    , on   , clang   , O3 , x86-64, htslib-1.11        , version_diff
DS   , htslib       , 1.10.2 , bz2              ,           38,   92821, 0.01,        13, False    , on   , clang   , O3 , x86-64, htslib-1.10.2      , version_same
DS   , htslib       , 1.10.2 , bz2              ,           44,   47245, 0.01,         9, False    , on   , gcc     , O2 , arm   , htslib-1.11        , version_diff
DS   , htslib       , 1.10.2 , bz2              ,           41,   44107, 0.01,         9, False    , on   , gcc     , O2 , arm   , htslib-1.10.2      , version_same
DS   , htslib       , 1.10.2 , bz2              ,           34,   30401, 0.0 ,         8, False    , on   , gcc     , O2 , x86-64, htslib-1.11        , version_diff
DS   , htslib       , 1.10.2 , bz2              ,           29,   28905, 0.0 ,         8, False    , on   , gcc     , O2 , x86-64, htslib-1.10.2      , version_same
DS   , htslib       , 1.10.2 , bz2              ,           42,   44217, 0.01,         9, False    , on   , gcc     , O3 , arm   , htslib-1.11        , version_diff
DS   , htslib       , 1.10.2 , bz2              ,           39,   39836, 0.0 ,         9, False    , on   , gcc     , O3 , arm   , htslib-1.10.2      , version_same
DS   , htslib       , 1.10.2 , bz2              ,           25,   55045, 0.01,        10, False    , on   , gcc     , O3 , x86-64, htslib-1.11        , version_diff
DS   , htslib       , 1.10.2 , bz2              ,           26,   54591, 0.01,        10, False    , on   , gcc     , O3 , x86-64, htslib-1.10.2      , version_same
DS   , htslib       , 1.10.2 , libcurl          ,           64,  153877, 0.01,        17, False    , off  , clang   , O2 , arm   , htslib-1.11        , version_diff
DS   , htslib       , 1.10.2 , libcurl          ,           49,   75027, 0.01,        12, False    , off  , clang   , O2 , arm   , htslib-1.10.2      , version_same
DS   , htslib       , 1.10.2 , libcurl          ,           31,   72001, 0.01,        12, False    , off  , clang   , O2 , x86-64, htslib-1.11        , version_diff
DS   , htslib       , 1.10.2 , libcurl          ,           37,   75219, 0.01,        12, False    , off  , clang   , O2 , x86-64, htslib-1.10.2      , version_same
DS   , htslib       , 1.10.2 , libcurl          ,           36,   68555, 0.01,        12, False    , off  , clang   , O3 , arm   , htslib-1.11        , version_diff
DS   , htslib       , 1.10.2 , libcurl          ,           31,   67016, 0.01,        12, False    , off  , clang   , O3 , arm   , htslib-1.10.2      , version_same
DS   , htslib       , 1.10.2 , libcurl          ,           27,   67755, 0.01,        11, False    , off  , clang   , O3 , x86-64, htslib-1.11        , version_diff
DS   , htslib       , 1.10.2 , libcurl          ,           27,   66568, 0.01,        11, False    , off  , clang   , O3 , x86-64, htslib-1.10.2      , version_same
DS   , htslib       , 1.10.2 , libcurl          ,           32,   45018, 0.0 ,        10, False    , off  , gcc     , O2 , arm   , htslib-1.11        , version_diff
DS   , htslib       , 1.10.2 , libcurl          ,           49,   53683, 0.01,        11, False    , off  , gcc     , O2 , arm   , htslib-1.10.2      , version_same
DS   , htslib       , 1.10.2 , libcurl          ,           41,   58348, 0.01,        11, False    , off  , gcc     , O2 , x86-64, htslib-1.11        , version_diff
DS   , htslib       , 1.10.2 , libcurl          ,           34,   50626, 0.01,        10, False    , off  , gcc     , O2 , x86-64, htslib-1.10.2      , version_same
DS   , htslib       , 1.10.2 , libcurl          ,           28,   55468, 0.01,        11, False    , off  , gcc     , O3 , arm   , htslib-1.11        , version_diff
DS   , htslib       , 1.10.2 , libcurl          ,           46,   65379, 0.01,        12, False    , off  , gcc     , O3 , arm   , htslib-1.10.2      , version_same
DS   , htslib       , 1.10.2 , libcurl          ,           19,   36957, 0.0 ,         9, False    , off  , gcc     , O3 , x86-64, htslib-1.11        , version_diff
DS   , htslib       , 1.10.2 , libcurl          ,           19,   37155, 0.0 ,         9, False    , off  , gcc     , O3 , x86-64, htslib-1.10.2      , version_same
DS   , htslib       , 1.10.2 , libcurl          ,           76,  228255, 0.01,        19, False    , on   , clang   , O2 , arm   , htslib-1.11        , version_diff
DS   , htslib       , 1.10.2 , libcurl          ,           55,  100955, 0.01,        13, False    , on   , clang   , O2 , arm   , htslib-1.10.2      , version_same
DS   , htslib       , 1.10.2 , libcurl          ,           63,  194958, 0.01,        18, False    , on   , clang   , O2 , x86-64, htslib-1.11        , version_diff
DS   , htslib       , 1.10.2 , libcurl          ,           53,  167589, 0.01,        17, False    , on   , clang   , O2 , x86-64, htslib-1.10.2      , version_same
DS   , htslib       , 1.10.2 , libcurl          ,           64,  154567, 0.01,        16, False    , on   , clang   , O3 , arm   , htslib-1.11        , version_diff
DS   , htslib       , 1.10.2 , libcurl          ,           54,  135249, 0.01,        15, False    , on   , clang   , O3 , arm   , htslib-1.10.2      , version_same
DS   , htslib       , 1.10.2 , libcurl          ,           64,  156698, 0.01,        16, False    , on   , clang   , O3 , x86-64, htslib-1.11        , version_diff
DS   , htslib       , 1.10.2 , libcurl          ,           57,  139247, 0.01,        15, False    , on   , clang   , O3 , x86-64, htslib-1.10.2      , version_same
DS   , htslib       , 1.10.2 , libcurl          ,           45,   73388, 0.01,        12, False    , on   , gcc     , O2 , arm   , htslib-1.11        , version_diff
DS   , htslib       , 1.10.2 , libcurl          ,           50,   64368, 0.01,        11, False    , on   , gcc     , O2 , arm   , htslib-1.10.2      , version_same
DS   , htslib       , 1.10.2 , libcurl          ,           38,   90970, 0.01,        13, False    , on   , gcc     , O2 , x86-64, htslib-1.11        , version_diff
DS   , htslib       , 1.10.2 , libcurl          ,           55,  167269, 0.01,        18, False    , on   , gcc     , O2 , x86-64, htslib-1.10.2      , version_same
DS   , htslib       , 1.10.2 , libcurl          ,           32,   56464, 0.0 ,        11, False    , on   , gcc     , O3 , arm   , htslib-1.11        , version_diff
DS   , htslib       , 1.10.2 , libcurl          ,           32,   55471, 0.0 ,        11, False    , on   , gcc     , O3 , arm   , htslib-1.10.2      , version_same
DS   , htslib       , 1.10.2 , libcurl          ,           44,  136585, 0.01,        16, False    , on   , gcc     , O3 , x86-64, htslib-1.11        , version_diff
DS   , htslib       , 1.10.2 , libcurl          ,           42,  120106, 0.01,        15, False    , on   , gcc     , O3 , x86-64, htslib-1.10.2      , version_same
DS   , libjpeg-turbo, 2.1.4  , arith_enc        ,           31,   82802, 0.01,        12, False    , off  , clang   , O2 , arm   , libjpeg-turbo-2.1.5, version_diff
DS   , libjpeg-turbo, 2.1.4  , arith_enc        ,           43,   93654, 0.01,        13, False    , off  , clang   , O2 , arm   , libjpeg-turbo-2.1.4, version_same
DS   , libjpeg-turbo, 2.1.4  , arith_enc        ,           36,  104254, 0.01,        13, False    , off  , clang   , O2 , x86-64, libjpeg-turbo-2.1.5, version_diff
DS   , libjpeg-turbo, 2.1.4  , arith_enc        ,           46,  100189, 0.01,        13, False    , off  , clang   , O2 , x86-64, libjpeg-turbo-2.1.4, version_same
DS   , libjpeg-turbo, 2.1.4  , arith_enc        ,           32,   94894, 0.01,        13, False    , off  , clang   , O3 , arm   , libjpeg-turbo-2.1.5, version_diff
DS   , libjpeg-turbo, 2.1.4  , arith_enc        ,           35,   81590, 0.01,        12, False    , off  , clang   , O3 , arm   , libjpeg-turbo-2.1.4, version_same
DS   , libjpeg-turbo, 2.1.4  , arith_enc        ,           35,  103497, 0.01,        13, False    , off  , clang   , O3 , x86-64, libjpeg-turbo-2.1.5, version_diff
DS   , libjpeg-turbo, 2.1.4  , arith_enc        ,           37,   99199, 0.01,        13, False    , off  , clang   , O3 , x86-64, libjpeg-turbo-2.1.4, version_same
DS   , libjpeg-turbo, 2.1.4  , arith_enc        ,           45,  119145, 0.01,        15, False    , off  , gcc     , O2 , arm   , libjpeg-turbo-2.1.5, version_diff
DS   , libjpeg-turbo, 2.1.4  , arith_enc        ,           79,  167498, 0.01,        17, False    , off  , gcc     , O2 , arm   , libjpeg-turbo-2.1.4, version_same
DS   , libjpeg-turbo, 2.1.4  , arith_enc        ,           58,  103229, 0.01,        13, False    , off  , gcc     , O2 , x86-64, libjpeg-turbo-2.1.5, version_diff
DS   , libjpeg-turbo, 2.1.4  , arith_enc        ,           32,   79618, 0.01,        12, False    , off  , gcc     , O2 , x86-64, libjpeg-turbo-2.1.4, version_same
DS   , libjpeg-turbo, 2.1.4  , arith_enc        ,           86,  210573, 0.01,        19, False    , off  , gcc     , O3 , arm   , libjpeg-turbo-2.1.5, version_diff
DS   , libjpeg-turbo, 2.1.4  , arith_enc        ,           65,  145637, 0.01,        16, False    , off  , gcc     , O3 , arm   , libjpeg-turbo-2.1.4, version_same
DS   , libjpeg-turbo, 2.1.4  , arith_enc        ,           31,   81302, 0.01,        12, False    , off  , gcc     , O3 , x86-64, libjpeg-turbo-2.1.5, version_diff
DS   , libjpeg-turbo, 2.1.4  , arith_enc        ,           34,   79872, 0.01,        12, False    , off  , gcc     , O3 , x86-64, libjpeg-turbo-2.1.4, version_same
DS   , libjpeg-turbo, 2.1.4  , arith_enc        ,           35,  112565, 0.01,        14, False    , on   , clang   , O2 , arm   , libjpeg-turbo-2.1.5, version_diff
DS   , libjpeg-turbo, 2.1.4  , arith_enc        ,           49,  114145, 0.01,        14, False    , on   , clang   , O2 , arm   , libjpeg-turbo-2.1.4, version_same
DS   , libjpeg-turbo, 2.1.4  , arith_enc        ,           54,  105749, 0.01,        13, False    , on   , clang   , O2 , x86-64, libjpeg-turbo-2.1.5, version_diff
DS   , libjpeg-turbo, 2.1.4  , arith_enc        ,           54,  140295, 0.01,        15, False    , on   , clang   , O2 , x86-64, libjpeg-turbo-2.1.4, version_same
DS   , libjpeg-turbo, 2.1.4  , arith_enc        ,           47,  104032, 0.01,        13, False    , on   , clang   , O3 , arm   , libjpeg-turbo-2.1.5, version_diff
DS   , libjpeg-turbo, 2.1.4  , arith_enc        ,           43,   98616, 0.01,        13, False    , on   , clang   , O3 , arm   , libjpeg-turbo-2.1.4, version_same
DS   , libjpeg-turbo, 2.1.4  , arith_enc        ,           44,  104530, 0.01,        13, False    , on   , clang   , O3 , x86-64, libjpeg-turbo-2.1.5, version_diff
DS   , libjpeg-turbo, 2.1.4  , arith_enc        ,           55,  140821, 0.01,        15, False    , on   , clang   , O3 , x86-64, libjpeg-turbo-2.1.4, version_same
DS   , libjpeg-turbo, 2.1.4  , arith_enc        ,           51,  106770, 0.01,        14, False    , on   , gcc     , O2 , arm   , libjpeg-turbo-2.1.5, version_diff
DS   , libjpeg-turbo, 2.1.4  , arith_enc        ,           57,  104796, 0.01,        14, False    , on   , gcc     , O2 , arm   , libjpeg-turbo-2.1.4, version_same
DS   , libjpeg-turbo, 2.1.4  , arith_enc        ,           66,  159605, 0.01,        17, False    , on   , gcc     , O2 , x86-64, libjpeg-turbo-2.1.5, version_diff
DS   , libjpeg-turbo, 2.1.4  , arith_enc        ,           35,   76696, 0.01,        12, False    , on   , gcc     , O2 , x86-64, libjpeg-turbo-2.1.4, version_same
DS   , libjpeg-turbo, 2.1.4  , arith_enc        ,           37,   91962, 0.01,        13, False    , on   , gcc     , O3 , arm   , libjpeg-turbo-2.1.5, version_diff
DS   , libjpeg-turbo, 2.1.4  , arith_enc        ,           66,  189156, 0.01,        18, False    , on   , gcc     , O3 , arm   , libjpeg-turbo-2.1.4, version_same
DS   , libjpeg-turbo, 2.1.4  , arith_enc        ,           60,  140071, 0.01,        16, False    , on   , gcc     , O3 , x86-64, libjpeg-turbo-2.1.5, version_diff
DS   , libjpeg-turbo, 2.1.4  , arith_enc        ,           42,   93005, 0.01,        13, False    , on   , gcc     , O3 , x86-64, libjpeg-turbo-2.1.4, version_same
DS   , libjpeg-turbo, 2.1.4  , simd             ,           31,   41122, 0.0 ,        10, False    , off  , clang   , O2 , arm   , libjpeg-turbo-2.1.5, version_diff
DS   , libjpeg-turbo, 2.1.4  , simd             ,           34,   41852, 0.0 ,        10, False    , off  , clang   , O2 , arm   , libjpeg-turbo-2.1.4, version_same
DS   , libjpeg-turbo, 2.1.4  , simd             ,           30,   52579, 0.01,        11, False    , off  , clang   , O2 , x86-64, libjpeg-turbo-2.1.5, version_diff
DS   , libjpeg-turbo, 2.1.4  , simd             ,           22,   36673, 0.0 ,         9, False    , off  , clang   , O2 , x86-64, libjpeg-turbo-2.1.4, version_same
DS   , libjpeg-turbo, 2.1.4  , simd             ,           34,   41676, 0.0 ,        10, False    , off  , clang   , O3 , arm   , libjpeg-turbo-2.1.5, version_diff
DS   , libjpeg-turbo, 2.1.4  , simd             ,           21,   34704, 0.0 ,         9, False    , off  , clang   , O3 , arm   , libjpeg-turbo-2.1.4, version_same
DS   , libjpeg-turbo, 2.1.4  , simd             ,           32,   54782, 0.01,        11, False    , off  , clang   , O3 , x86-64, libjpeg-turbo-2.1.5, version_diff
DS   , libjpeg-turbo, 2.1.4  , simd             ,           33,   39473, 0.0 ,         9, False    , off  , clang   , O3 , x86-64, libjpeg-turbo-2.1.4, version_same
DS   , libjpeg-turbo, 2.1.4  , simd             ,           24,   45153, 0.01,        10, False    , off  , gcc     , O2 , arm   , libjpeg-turbo-2.1.5, version_diff
DS   , libjpeg-turbo, 2.1.4  , simd             ,           28,   37631, 0.0 ,        10, False    , off  , gcc     , O2 , arm   , libjpeg-turbo-2.1.4, version_same
DS   , libjpeg-turbo, 2.1.4  , simd             ,           50,   59608, 0.01,        11, False    , off  , gcc     , O2 , x86-64, libjpeg-turbo-2.1.5, version_diff
DS   , libjpeg-turbo, 2.1.4  , simd             ,           32,   35540, 0.0 ,         9, False    , off  , gcc     , O2 , x86-64, libjpeg-turbo-2.1.4, version_same
DS   , libjpeg-turbo, 2.1.4  , simd             ,           25,   44554, 0.0 ,        10, False    , off  , gcc     , O3 , arm   , libjpeg-turbo-2.1.5, version_diff
DS   , libjpeg-turbo, 2.1.4  , simd             ,           20,   31944, 0.0 ,         9, False    , off  , gcc     , O3 , arm   , libjpeg-turbo-2.1.4, version_same
DS   , libjpeg-turbo, 2.1.4  , simd             ,           54,   62492, 0.01,        11, False    , off  , gcc     , O3 , x86-64, libjpeg-turbo-2.1.5, version_diff
DS   , libjpeg-turbo, 2.1.4  , simd             ,           36,   42030, 0.0 ,        10, False    , off  , gcc     , O3 , x86-64, libjpeg-turbo-2.1.4, version_same
DS   , libjpeg-turbo, 2.1.4  , simd             ,           32,   66001, 0.01,        12, False    , on   , clang   , O2 , arm   , libjpeg-turbo-2.1.5, version_diff
DS   , libjpeg-turbo, 2.1.4  , simd             ,           27,   42256, 0.0 ,        10, False    , on   , clang   , O2 , arm   , libjpeg-turbo-2.1.4, version_same
DS   , libjpeg-turbo, 2.1.4  , simd             ,           36,   60198, 0.01,        11, False    , on   , clang   , O2 , x86-64, libjpeg-turbo-2.1.5, version_diff
DS   , libjpeg-turbo, 2.1.4  , simd             ,           31,   44452, 0.0 ,        10, False    , on   , clang   , O2 , x86-64, libjpeg-turbo-2.1.4, version_same
DS   , libjpeg-turbo, 2.1.4  , simd             ,           25,   43542, 0.0 ,        10, False    , on   , clang   , O3 , arm   , libjpeg-turbo-2.1.5, version_diff
DS   , libjpeg-turbo, 2.1.4  , simd             ,           35,   44111, 0.0 ,        10, False    , on   , clang   , O3 , arm   , libjpeg-turbo-2.1.4, version_same
DS   , libjpeg-turbo, 2.1.4  , simd             ,           32,   60946, 0.01,        11, False    , on   , clang   , O3 , x86-64, libjpeg-turbo-2.1.5, version_diff
DS   , libjpeg-turbo, 2.1.4  , simd             ,           30,   43526, 0.0 ,        10, False    , on   , clang   , O3 , x86-64, libjpeg-turbo-2.1.4, version_same
DS   , libjpeg-turbo, 2.1.4  , simd             ,           34,   45711, 0.0 ,        10, False    , on   , gcc     , O2 , arm   , libjpeg-turbo-2.1.5, version_diff
DS   , libjpeg-turbo, 2.1.4  , simd             ,           17,   31371, 0.0 ,         9, False    , on   , gcc     , O2 , arm   , libjpeg-turbo-2.1.4, version_same
DS   , libjpeg-turbo, 2.1.4  , simd             ,           24,   36139, 0.0 ,         9, False    , on   , gcc     , O2 , x86-64, libjpeg-turbo-2.1.5, version_diff
DS   , libjpeg-turbo, 2.1.4  , simd             ,           28,   34797, 0.0 ,         9, False    , on   , gcc     , O2 , x86-64, libjpeg-turbo-2.1.4, version_same
DS   , libjpeg-turbo, 2.1.4  , simd             ,           35,   46644, 0.0 ,        10, False    , on   , gcc     , O3 , arm   , libjpeg-turbo-2.1.5, version_diff
DS   , libjpeg-turbo, 2.1.4  , simd             ,           18,   32237, 0.0 ,         9, False    , on   , gcc     , O3 , arm   , libjpeg-turbo-2.1.4, version_same
DS   , libjpeg-turbo, 2.1.4  , simd             ,           24,   36813, 0.0 ,         9, False    , on   , gcc     , O3 , x86-64, libjpeg-turbo-2.1.5, version_diff
DS   , libjpeg-turbo, 2.1.4  , simd             ,           29,   35652, 0.0 ,         9, False    , on   , gcc     , O3 , x86-64, libjpeg-turbo-2.1.4, version_same
DS   , libtiff      , 4.1.0  , defer-strile-load,           97,  261486, 0.01,        21, False    , off  , clang   , O2 , arm   , libtiff-4.2.0      , version_diff
DS   , libtiff      , 4.1.0  , defer-strile-load,           77,  168952, 0.01,        17, False    , off  , clang   , O2 , arm   , libtiff-4.1.0      , version_same
DS   , libtiff      , 4.1.0  , defer-strile-load,          100,  339304, 0.02,        24, False    , off  , clang   , O2 , x86-64, libtiff-4.2.0      , version_diff
DS   , libtiff      , 4.1.0  , defer-strile-load,          110,  230736, 0.01,        19, False    , off  , clang   , O2 , x86-64, libtiff-4.1.0      , version_same
DS   , libtiff      , 4.1.0  , defer-strile-load,          123,  545472, 0.02,        29, False    , off  , clang   , O3 , arm   , libtiff-4.2.0      , version_diff
DS   , libtiff      , 4.1.0  , defer-strile-load,          199,  610967, 0.02,        30, False    , off  , clang   , O3 , arm   , libtiff-4.1.0      , version_same
DS   , libtiff      , 4.1.0  , defer-strile-load,           87,  286553, 0.01,        22, False    , off  , clang   , O3 , x86-64, libtiff-4.2.0      , version_diff
DS   , libtiff      , 4.1.0  , defer-strile-load,           88,  244186, 0.01,        20, False    , off  , clang   , O3 , x86-64, libtiff-4.1.0      , version_same
DS   , libtiff      , 4.1.0  , defer-strile-load,           79,  298455, 0.01,        22, False    , off  , gcc     , O2 , arm   , libtiff-4.2.0      , version_diff
DS   , libtiff      , 4.1.0  , defer-strile-load,           76,  186108, 0.01,        18, False    , off  , gcc     , O2 , arm   , libtiff-4.1.0      , version_same
DS   , libtiff      , 4.1.0  , defer-strile-load,          170,  735354, 0.02,        33, False    , off  , gcc     , O2 , x86-64, libtiff-4.2.0      , version_diff
DS   , libtiff      , 4.1.0  , defer-strile-load,          144,  444603, 0.02,        26, False    , off  , gcc     , O2 , x86-64, libtiff-4.1.0      , version_same
DS   , libtiff      , 4.1.0  , defer-strile-load,          117,  387321, 0.02,        24, False    , off  , gcc     , O3 , arm   , libtiff-4.2.0      , version_diff
DS   , libtiff      , 4.1.0  , defer-strile-load,           88,  191592, 0.01,        18, False    , off  , gcc     , O3 , arm   , libtiff-4.1.0      , version_same
DS   , libtiff      , 4.1.0  , defer-strile-load,          138,  465401, 0.02,        26, False    , off  , gcc     , O3 , x86-64, libtiff-4.2.0      , version_diff
DS   , libtiff      , 4.1.0  , defer-strile-load,          169,  413931, 0.02,        25, False    , off  , gcc     , O3 , x86-64, libtiff-4.1.0      , version_same
DS   , libtiff      , 4.1.0  , defer-strile-load,          149,  661146, 0.02,        32, False    , on   , clang   , O2 , arm   , libtiff-4.2.0      , version_diff
DS   , libtiff      , 4.1.0  , defer-strile-load,           84,  264988, 0.01,        21, False    , on   , clang   , O2 , arm   , libtiff-4.1.0      , version_same
DS   , libtiff      , 4.1.0  , defer-strile-load,          131,  328903, 0.02,        22, False    , on   , clang   , O2 , x86-64, libtiff-4.2.0      , version_diff
DS   , libtiff      , 4.1.0  , defer-strile-load,           70,  171266, 0.01,        17, False    , on   , clang   , O2 , x86-64, libtiff-4.1.0      , version_same
DS   , libtiff      , 4.1.0  , defer-strile-load,          120,  539307, 0.02,        29, False    , on   , clang   , O3 , arm   , libtiff-4.2.0      , version_diff
DS   , libtiff      , 4.1.0  , defer-strile-load,           56,  154530, 0.01,        17, False    , on   , clang   , O3 , arm   , libtiff-4.1.0      , version_same
DS   , libtiff      , 4.1.0  , defer-strile-load,           71,  189449, 0.01,        17, False    , on   , clang   , O3 , x86-64, libtiff-4.2.0      , version_diff
DS   , libtiff      , 4.1.0  , defer-strile-load,           81,  216854, 0.01,        19, False    , on   , clang   , O3 , x86-64, libtiff-4.1.0      , version_same
DS   , libtiff      , 4.1.0  , defer-strile-load,           77,  331014, 0.02,        23, False    , on   , gcc     , O2 , arm   , libtiff-4.2.0      , version_diff
DS   , libtiff      , 4.1.0  , defer-strile-load,           79,  234073, 0.01,        20, False    , on   , gcc     , O2 , arm   , libtiff-4.1.0      , version_same
DS   , libtiff      , 4.1.0  , defer-strile-load,          123,  428481, 0.02,        25, False    , on   , gcc     , O2 , x86-64, libtiff-4.2.0      , version_diff
DS   , libtiff      , 4.1.0  , defer-strile-load,          143,  341695, 0.02,        22, False    , on   , gcc     , O2 , x86-64, libtiff-4.1.0      , version_same
DS   , libtiff      , 4.1.0  , defer-strile-load,          102,  458218, 0.02,        27, False    , on   , gcc     , O3 , arm   , libtiff-4.2.0      , version_diff
DS   , libtiff      , 4.1.0  , defer-strile-load,          111,  361605, 0.02,        24, False    , on   , gcc     , O3 , arm   , libtiff-4.1.0      , version_same
DS   , libtiff      , 4.1.0  , defer-strile-load,           53,  188535, 0.01,        18, False    , on   , gcc     , O3 , x86-64, libtiff-4.2.0      , version_diff
DS   , libtiff      , 4.1.0  , defer-strile-load,          130,  592444, 0.02,        31, False    , on   , gcc     , O3 , x86-64, libtiff-4.1.0      , version_same
DS   , libtiff      , 4.1.0  , strip-chopping   ,           63,  138532, 0.01,        15, False    , off  , clang   , O2 , arm   , libtiff-4.2.0      , version_diff
DS   , libtiff      , 4.1.0  , strip-chopping   ,          124,  644722, 0.02,        33, False    , off  , clang   , O2 , arm   , libtiff-4.1.0      , version_same
DS   , libtiff      , 4.1.0  , strip-chopping   ,           58,  138626, 0.01,        15, False    , off  , clang   , O2 , x86-64, libtiff-4.2.0      , version_diff
DS   , libtiff      , 4.1.0  , strip-chopping   ,          183,  533886, 0.02,        28, False    , off  , clang   , O2 , x86-64, libtiff-4.1.0      , version_same
DS   , libtiff      , 4.1.0  , strip-chopping   ,           76,  182342, 0.01,        17, False    , off  , clang   , O3 , arm   , libtiff-4.2.0      , version_diff
DS   , libtiff      , 4.1.0  , strip-chopping   ,          117,  515714, 0.02,        29, False    , off  , clang   , O3 , arm   , libtiff-4.1.0      , version_same
DS   , libtiff      , 4.1.0  , strip-chopping   ,           54,  186217, 0.01,        18, False    , off  , clang   , O3 , x86-64, libtiff-4.2.0      , version_diff
DS   , libtiff      , 4.1.0  , strip-chopping   ,           88,  204818, 0.01,        18, False    , off  , clang   , O3 , x86-64, libtiff-4.1.0      , version_same
DS   , libtiff      , 4.1.0  , strip-chopping   ,           90,  231500, 0.01,        19, False    , off  , gcc     , O2 , arm   , libtiff-4.2.0      , version_diff
DS   , libtiff      , 4.1.0  , strip-chopping   ,          114,  210180, 0.01,        18, False    , off  , gcc     , O2 , arm   , libtiff-4.1.0      , version_same
DS   , libtiff      , 4.1.0  , strip-chopping   ,          101,  144272, 0.01,        15, False    , off  , gcc     , O2 , x86-64, libtiff-4.2.0      , version_diff
DS   , libtiff      , 4.1.0  , strip-chopping   ,           47,   84805, 0.01,        12, False    , off  , gcc     , O2 , x86-64, libtiff-4.1.0      , version_same
DS   , libtiff      , 4.1.0  , strip-chopping   ,           67,  180303, 0.01,        17, False    , off  , gcc     , O3 , arm   , libtiff-4.2.0      , version_diff
DS   , libtiff      , 4.1.0  , strip-chopping   ,           95,  516505, 0.02,        29, False    , off  , gcc     , O3 , arm   , libtiff-4.1.0      , version_same
DS   , libtiff      , 4.1.0  , strip-chopping   ,          118,  214206, 0.01,        17, False    , off  , gcc     , O3 , x86-64, libtiff-4.2.0      , version_diff
DS   , libtiff      , 4.1.0  , strip-chopping   ,          102,  491773, 0.02,        28, False    , off  , gcc     , O3 , x86-64, libtiff-4.1.0      , version_same
DS   , libtiff      , 4.1.0  , strip-chopping   ,           52,   97010, 0.01,        13, False    , on   , clang   , O2 , arm   , libtiff-4.2.0      , version_diff
DS   , libtiff      , 4.1.0  , strip-chopping   ,          103,  538456, 0.02,        30, False    , on   , clang   , O2 , arm   , libtiff-4.1.0      , version_same
DS   , libtiff      , 4.1.0  , strip-chopping   ,           98,  202010, 0.01,        17, False    , on   , clang   , O2 , x86-64, libtiff-4.2.0      , version_diff
DS   , libtiff      , 4.1.0  , strip-chopping   ,          132,  495343, 0.02,        28, False    , on   , clang   , O2 , x86-64, libtiff-4.1.0      , version_same
DS   , libtiff      , 4.1.0  , strip-chopping   ,           76,  219837, 0.01,        19, False    , on   , clang   , O3 , arm   , libtiff-4.2.0      , version_diff
DS   , libtiff      , 4.1.0  , strip-chopping   ,           88,  494325, 0.02,        29, False    , on   , clang   , O3 , arm   , libtiff-4.1.0      , version_same
DS   , libtiff      , 4.1.0  , strip-chopping   ,          112,  181722, 0.01,        16, False    , on   , clang   , O3 , x86-64, libtiff-4.2.0      , version_diff
DS   , libtiff      , 4.1.0  , strip-chopping   ,           74,  200147, 0.01,        18, False    , on   , clang   , O3 , x86-64, libtiff-4.1.0      , version_same
DS   , libtiff      , 4.1.0  , strip-chopping   ,          112,  194233, 0.01,        16, False    , on   , gcc     , O2 , arm   , libtiff-4.2.0      , version_diff
DS   , libtiff      , 4.1.0  , strip-chopping   ,           90,  310333, 0.02,        22, False    , on   , gcc     , O2 , arm   , libtiff-4.1.0      , version_same
DS   , libtiff      , 4.1.0  , strip-chopping   ,           78,  111052, 0.01,        13, False    , on   , gcc     , O2 , x86-64, libtiff-4.2.0      , version_diff
DS   , libtiff      , 4.1.0  , strip-chopping   ,          101,  422692, 0.02,        26, False    , on   , gcc     , O2 , x86-64, libtiff-4.1.0      , version_same
DS   , libtiff      , 4.1.0  , strip-chopping   ,           88,  196475, 0.01,        18, False    , on   , gcc     , O3 , arm   , libtiff-4.2.0      , version_diff
DS   , libtiff      , 4.1.0  , strip-chopping   ,           80,  503442, 0.02,        29, False    , on   , gcc     , O3 , arm   , libtiff-4.1.0      , version_same
DS   , libtiff      , 4.1.0  , strip-chopping   ,           86,  513043, 0.02,        29, False    , on   , gcc     , O3 , x86-64, libtiff-4.2.0      , version_diff
DS   , libtiff      , 4.1.0  , strip-chopping   ,           85,  233012, 0.01,        19, False    , on   , gcc     , O3 , x86-64, libtiff-4.1.0      , version_same
DS   , libwebp      , 1.2.3  , near_lossless    ,           34,   42127, 0.01,         9, False    , off  , clang   , O2 , arm   , libwebp-1.2.4      , version_diff
DS   , libwebp      , 1.2.3  , near_lossless    ,           51,   48423, 0.0 ,        10, False    , off  , clang   , O2 , arm   , libwebp-1.2.3      , version_same
DS   , libwebp      , 1.2.3  , near_lossless    ,           32,   44161, 0.01,        10, False    , off  , clang   , O2 , x86-64, libwebp-1.2.4      , version_diff
DS   , libwebp      , 1.2.3  , near_lossless    ,          111,   62719, 0.01,        11, False    , off  , clang   , O2 , x86-64, libwebp-1.2.3      , version_same
DS   , libwebp      , 1.2.3  , near_lossless    ,           30,   41054, 0.0 ,        10, False    , off  , clang   , O3 , arm   , libwebp-1.2.4      , version_diff
DS   , libwebp      , 1.2.3  , near_lossless    ,           33,   41413, 0.0 ,        10, False    , off  , clang   , O3 , arm   , libwebp-1.2.3      , version_same
DS   , libwebp      , 1.2.3  , near_lossless    ,           70,   83443, 0.01,        13, False    , off  , clang   , O3 , x86-64, libwebp-1.2.4      , version_diff
DS   , libwebp      , 1.2.3  , near_lossless    ,           36,   66289, 0.01,        12, False    , off  , clang   , O3 , x86-64, libwebp-1.2.3      , version_same
DS   , libwebp      , 1.2.3  , near_lossless    ,           41,   48896, 0.01,        10, False    , off  , gcc     , O2 , arm   , libwebp-1.2.4      , version_diff
DS   , libwebp      , 1.2.3  , near_lossless    ,           29,   49154, 0.01,        10, False    , off  , gcc     , O2 , arm   , libwebp-1.2.3      , version_same
DS   , libwebp      , 1.2.3  , near_lossless    ,           48,   56134, 0.01,        11, False    , off  , gcc     , O2 , x86-64, libwebp-1.2.4      , version_diff
DS   , libwebp      , 1.2.3  , near_lossless    ,           31,   48347, 0.01,        10, False    , off  , gcc     , O2 , x86-64, libwebp-1.2.3      , version_same
DS   , libwebp      , 1.2.3  , near_lossless    ,           19,   33461, 0.0 ,         9, False    , off  , gcc     , O3 , arm   , libwebp-1.2.4      , version_diff
DS   , libwebp      , 1.2.3  , near_lossless    ,           20,   34016, 0.0 ,         9, False    , off  , gcc     , O3 , arm   , libwebp-1.2.3      , version_same
DS   , libwebp      , 1.2.3  , near_lossless    ,           41,   50056, 0.01,        10, False    , off  , gcc     , O3 , x86-64, libwebp-1.2.4      , version_diff
DS   , libwebp      , 1.2.3  , near_lossless    ,           29,   45176, 0.0 ,        10, False    , off  , gcc     , O3 , x86-64, libwebp-1.2.3      , version_same
DS   , libwebp      , 1.2.3  , near_lossless    ,           27,   36866, 0.0 ,         9, False    , on   , clang   , O2 , arm   , libwebp-1.2.4      , version_diff
DS   , libwebp      , 1.2.3  , near_lossless    ,           23,   34581, 0.0 ,         9, False    , on   , clang   , O2 , arm   , libwebp-1.2.3      , version_same
DS   , libwebp      , 1.2.3  , near_lossless    ,           27,   34649, 0.0 ,         9, False    , on   , clang   , O2 , x86-64, libwebp-1.2.4      , version_diff
DS   , libwebp      , 1.2.3  , near_lossless    ,           27,   34671, 0.0 ,         9, False    , on   , clang   , O2 , x86-64, libwebp-1.2.3      , version_same
DS   , libwebp      , 1.2.3  , near_lossless    ,           64,   63428, 0.01,        12, False    , on   , clang   , O3 , arm   , libwebp-1.2.4      , version_diff
DS   , libwebp      , 1.2.3  , near_lossless    ,           21,   34670, 0.0 ,         9, False    , on   , clang   , O3 , arm   , libwebp-1.2.3      , version_same
DS   , libwebp      , 1.2.3  , near_lossless    ,           36,   49907, 0.01,        11, False    , on   , clang   , O3 , x86-64, libwebp-1.2.4      , version_diff
DS   , libwebp      , 1.2.3  , near_lossless    ,           56,   56215, 0.01,        11, False    , on   , clang   , O3 , x86-64, libwebp-1.2.3      , version_same
DS   , libwebp      , 1.2.3  , near_lossless    ,           28,   36349, 0.0 ,         9, False    , on   , gcc     , O2 , arm   , libwebp-1.2.4      , version_diff
DS   , libwebp      , 1.2.3  , near_lossless    ,           33,   41451, 0.0 ,        10, False    , on   , gcc     , O2 , arm   , libwebp-1.2.3      , version_same
DS   , libwebp      , 1.2.3  , near_lossless    ,           34,   41607, 0.0 ,         9, False    , on   , gcc     , O2 , x86-64, libwebp-1.2.4      , version_diff
DS   , libwebp      , 1.2.3  , near_lossless    ,           23,   40131, 0.01,         9, False    , on   , gcc     , O2 , x86-64, libwebp-1.2.3      , version_same
DS   , libwebp      , 1.2.3  , near_lossless    ,           50,   42726, 0.0 ,        10, False    , on   , gcc     , O3 , arm   , libwebp-1.2.4      , version_diff
DS   , libwebp      , 1.2.3  , near_lossless    ,           46,   42603, 0.0 ,        10, False    , on   , gcc     , O3 , arm   , libwebp-1.2.3      , version_same
DS   , libwebp      , 1.2.3  , near_lossless    ,           30,   46807, 0.01,        10, False    , on   , gcc     , O3 , x86-64, libwebp-1.2.4      , version_diff
DS   , libwebp      , 1.2.3  , near_lossless    ,           34,   46341, 0.01,        10, False    , on   , gcc     , O3 , x86-64, libwebp-1.2.3      , version_same
DS   , libwebp      , 1.2.3  , threading        ,           21,   32725, 0.0 ,         9, False    , off  , clang   , O2 , arm   , libwebp-1.2.4      , version_diff
DS   , libwebp      , 1.2.3  , threading        ,           32,   38899, 0.0 ,        10, False    , off  , clang   , O2 , arm   , libwebp-1.2.3      , version_same
DS   , libwebp      , 1.2.3  , threading        ,           19,   32259, 0.0 ,         9, False    , off  , clang   , O2 , x86-64, libwebp-1.2.4      , version_diff
DS   , libwebp      , 1.2.3  , threading        ,           26,   33645, 0.0 ,         9, False    , off  , clang   , O2 , x86-64, libwebp-1.2.3      , version_same
DS   , libwebp      , 1.2.3  , threading        ,           41,   41997, 0.0 ,        10, False    , off  , clang   , O3 , arm   , libwebp-1.2.4      , version_diff
DS   , libwebp      , 1.2.3  , threading        ,           34,   41400, 0.0 ,        10, False    , off  , clang   , O3 , arm   , libwebp-1.2.3      , version_same
DS   , libwebp      , 1.2.3  , threading        ,           21,   37534, 0.0 ,        10, False    , off  , clang   , O3 , x86-64, libwebp-1.2.4      , version_diff
DS   , libwebp      , 1.2.3  , threading        ,           21,   38752, 0.0 ,        10, False    , off  , clang   , O3 , x86-64, libwebp-1.2.3      , version_same
DS   , libwebp      , 1.2.3  , threading        ,           18,   32252, 0.0 ,         9, False    , off  , gcc     , O2 , arm   , libwebp-1.2.4      , version_diff
DS   , libwebp      , 1.2.3  , threading        ,           22,   33687, 0.0 ,         9, False    , off  , gcc     , O2 , arm   , libwebp-1.2.3      , version_same
DS   , libwebp      , 1.2.3  , threading        ,           22,   33248, 0.0 ,         9, False    , off  , gcc     , O2 , x86-64, libwebp-1.2.4      , version_diff
DS   , libwebp      , 1.2.3  , threading        ,           46,   41661, 0.0 ,        10, False    , off  , gcc     , O2 , x86-64, libwebp-1.2.3      , version_same
DS   , libwebp      , 1.2.3  , threading        ,           20,   31923, 0.0 ,         9, False    , off  , gcc     , O3 , arm   , libwebp-1.2.4      , version_diff
DS   , libwebp      , 1.2.3  , threading        ,           35,   38533, 0.0 ,        10, False    , off  , gcc     , O3 , arm   , libwebp-1.2.3      , version_same
DS   , libwebp      , 1.2.3  , threading        ,           21,   32845, 0.0 ,         9, False    , off  , gcc     , O3 , x86-64, libwebp-1.2.4      , version_diff
DS   , libwebp      , 1.2.3  , threading        ,           23,   34087, 0.0 ,         9, False    , off  , gcc     , O3 , x86-64, libwebp-1.2.3      , version_same
DS   , libwebp      , 1.2.3  , threading        ,           35,   40569, 0.0 ,        10, False    , on   , clang   , O2 , arm   , libwebp-1.2.4      , version_diff
DS   , libwebp      , 1.2.3  , threading        ,           26,   34451, 0.0 ,         9, False    , on   , clang   , O2 , arm   , libwebp-1.2.3      , version_same
DS   , libwebp      , 1.2.3  , threading        ,           21,   32647, 0.0 ,         9, False    , on   , clang   , O2 , x86-64, libwebp-1.2.4      , version_diff
DS   , libwebp      , 1.2.3  , threading        ,           24,   33473, 0.0 ,         9, False    , on   , clang   , O2 , x86-64, libwebp-1.2.3      , version_same
DS   , libwebp      , 1.2.3  , threading        ,           21,   41335, 0.0 ,        10, False    , on   , clang   , O3 , arm   , libwebp-1.2.4      , version_diff
DS   , libwebp      , 1.2.3  , threading        ,           28,   43753, 0.0 ,        10, False    , on   , clang   , O3 , arm   , libwebp-1.2.3      , version_same
DS   , libwebp      , 1.2.3  , threading        ,           20,   33593, 0.0 ,         9, False    , on   , clang   , O3 , x86-64, libwebp-1.2.4      , version_diff
DS   , libwebp      , 1.2.3  , threading        ,           22,   33626, 0.0 ,         9, False    , on   , clang   , O3 , x86-64, libwebp-1.2.3      , version_same
DS   , libwebp      , 1.2.3  , threading        ,           20,   31743, 0.0 ,         9, False    , on   , gcc     , O2 , arm   , libwebp-1.2.4      , version_diff
DS   , libwebp      , 1.2.3  , threading        ,           21,   32101, 0.0 ,         9, False    , on   , gcc     , O2 , arm   , libwebp-1.2.3      , version_same
DS   , libwebp      , 1.2.3  , threading        ,           20,   31242, 0.0 ,         9, False    , on   , gcc     , O2 , x86-64, libwebp-1.2.4      , version_diff
DS   , libwebp      , 1.2.3  , threading        ,           27,   32450, 0.0 ,         9, False    , on   , gcc     , O2 , x86-64, libwebp-1.2.3      , version_same
DS   , libwebp      , 1.2.3  , threading        ,           20,   32373, 0.0 ,         9, False    , on   , gcc     , O3 , arm   , libwebp-1.2.4      , version_diff
DS   , libwebp      , 1.2.3  , threading        ,           38,   39860, 0.0 ,        10, False    , on   , gcc     , O3 , arm   , libwebp-1.2.3      , version_same
DS   , libwebp      , 1.2.3  , threading        ,           41,   41137, 0.0 ,        10, False    , on   , gcc     , O3 , x86-64, libwebp-1.2.4      , version_diff
DS   , libwebp      , 1.2.3  , threading        ,           26,   35469, 0.0 ,         9, False    , on   , gcc     , O3 , x86-64, libwebp-1.2.3      , version_same
DS   , libxml2      , 2.9.14 , http             ,           24,   44366, 0.0 ,        10, False    , off  , clang   , O2 , arm   , libxml2-2.10.3     , version_diff
DS   , libxml2      , 2.9.14 , http             ,           31,   43971, 0.0 ,        10, False    , off  , clang   , O2 , arm   , libxml2-2.9.14     , version_same
DS   , libxml2      , 2.9.14 , http             ,           44,  106659, 0.01,        14, False    , off  , clang   , O2 , x86-64, libxml2-2.10.3     , version_diff
DS   , libxml2      , 2.9.14 , http             ,           24,   37640, 0.0 ,         9, False    , off  , clang   , O2 , x86-64, libxml2-2.9.14     , version_same
DS   , libxml2      , 2.9.14 , http             ,           38,   61304, 0.01,        12, False    , off  , clang   , O3 , arm   , libxml2-2.10.3     , version_diff
DS   , libxml2      , 2.9.14 , http             ,           27,   47070, 0.0 ,        10, False    , off  , clang   , O3 , arm   , libxml2-2.9.14     , version_same
DS   , libxml2      , 2.9.14 , http             ,           22,   50302, 0.0 ,        10, False    , off  , clang   , O3 , x86-64, libxml2-2.10.3     , version_diff
DS   , libxml2      , 2.9.14 , http             ,           23,   47057, 0.0 ,        10, False    , off  , clang   , O3 , x86-64, libxml2-2.9.14     , version_same
DS   , libxml2      , 2.9.14 , http             ,           45,  101486, 0.01,        14, False    , off  , gcc     , O2 , arm   , libxml2-2.10.3     , version_diff
DS   , libxml2      , 2.9.14 , http             ,           34,   68938, 0.01,        12, False    , off  , gcc     , O2 , arm   , libxml2-2.9.14     , version_same
DS   , libxml2      , 2.9.14 , http             ,           31,   51147, 0.0 ,        10, False    , off  , gcc     , O2 , x86-64, libxml2-2.10.3     , version_diff
DS   , libxml2      , 2.9.14 , http             ,           26,   49053, 0.0 ,        10, False    , off  , gcc     , O2 , x86-64, libxml2-2.9.14     , version_same
DS   , libxml2      , 2.9.14 , http             ,           25,   47045, 0.0 ,        10, False    , off  , gcc     , O3 , arm   , libxml2-2.10.3     , version_diff
DS   , libxml2      , 2.9.14 , http             ,           37,   52179, 0.0 ,        11, False    , off  , gcc     , O3 , arm   , libxml2-2.9.14     , version_same
DS   , libxml2      , 2.9.14 , http             ,           70,   80224, 0.01,        12, False    , off  , gcc     , O3 , x86-64, libxml2-2.10.3     , version_diff
DS   , libxml2      , 2.9.14 , http             ,           47,   55586, 0.0 ,        11, False    , off  , gcc     , O3 , x86-64, libxml2-2.9.14     , version_same
DS   , libxml2      , 2.9.14 , http             ,           33,   51485, 0.0 ,        10, False    , on   , clang   , O2 , arm   , libxml2-2.10.3     , version_diff
DS   , libxml2      , 2.9.14 , http             ,           38,   52990, 0.01,        10, False    , on   , clang   , O2 , arm   , libxml2-2.9.14     , version_same
DS   , libxml2      , 2.9.14 , http             ,           64,  179829, 0.01,        17, False    , on   , clang   , O2 , x86-64, libxml2-2.10.3     , version_diff
DS   , libxml2      , 2.9.14 , http             ,           46,  130810, 0.01,        15, False    , on   , clang   , O2 , x86-64, libxml2-2.9.14     , version_same
DS   , libxml2      , 2.9.14 , http             ,           35,   57175, 0.01,        10, False    , on   , clang   , O3 , arm   , libxml2-2.10.3     , version_diff
DS   , libxml2      , 2.9.14 , http             ,           36,   56294, 0.01,        10, False    , on   , clang   , O3 , arm   , libxml2-2.9.14     , version_same
DS   , libxml2      , 2.9.14 , http             ,           68,  222682, 0.01,        19, False    , on   , clang   , O3 , x86-64, libxml2-2.10.3     , version_diff
DS   , libxml2      , 2.9.14 , http             ,           46,  164358, 0.01,        17, False    , on   , clang   , O3 , x86-64, libxml2-2.9.14     , version_same
DS   , libxml2      , 2.9.14 , http             ,           59,  167586, 0.01,        17, False    , on   , gcc     , O2 , arm   , libxml2-2.10.3     , version_diff
DS   , libxml2      , 2.9.14 , http             ,           57,  165525, 0.01,        17, False    , on   , gcc     , O2 , arm   , libxml2-2.9.14     , version_same
DS   , libxml2      , 2.9.14 , http             ,           50,  134184, 0.01,        15, False    , on   , gcc     , O2 , x86-64, libxml2-2.10.3     , version_diff
DS   , libxml2      , 2.9.14 , http             ,           67,  167407, 0.01,        17, False    , on   , gcc     , O2 , x86-64, libxml2-2.9.14     , version_same
DS   , libxml2      , 2.9.14 , http             ,           58,  168705, 0.01,        17, False    , on   , gcc     , O3 , arm   , libxml2-2.10.3     , version_diff
DS   , libxml2      , 2.9.14 , http             ,           75,  185914, 0.01,        18, False    , on   , gcc     , O3 , arm   , libxml2-2.9.14     , version_same
DS   , libxml2      , 2.9.14 , http             ,           54,  165723, 0.01,        17, False    , on   , gcc     , O3 , x86-64, libxml2-2.10.3     , version_diff
DS   , libxml2      , 2.9.14 , http             ,           48,  131995, 0.01,        15, False    , on   , gcc     , O3 , x86-64, libxml2-2.9.14     , version_same
DS   , libxml2      , 2.9.14 , zlib             ,           39,   72202, 0.01,        11, False    , off  , clang   , O2 , arm   , libxml2-2.10.3     , version_diff
DS   , libxml2      , 2.9.14 , zlib             ,           23,   60522, 0.0 ,        10, False    , off  , clang   , O2 , arm   , libxml2-2.9.14     , version_same
DS   , libxml2      , 2.9.14 , zlib             ,           49,  124800, 0.01,        15, False    , off  , clang   , O2 , x86-64, libxml2-2.10.3     , version_diff
DS   , libxml2      , 2.9.14 , zlib             ,           59,  135035, 0.01,        16, False    , off  , clang   , O2 , x86-64, libxml2-2.9.14     , version_same
DS   , libxml2      , 2.9.14 , zlib             ,           51,  223810, 0.01,        19, False    , off  , clang   , O3 , arm   , libxml2-2.10.3     , version_diff
DS   , libxml2      , 2.9.14 , zlib             ,           51,   93983, 0.01,        12, False    , off  , clang   , O3 , arm   , libxml2-2.9.14     , version_same
DS   , libxml2      , 2.9.14 , zlib             ,           28,   76302, 0.01,        11, False    , off  , clang   , O3 , x86-64, libxml2-2.10.3     , version_diff
DS   , libxml2      , 2.9.14 , zlib             ,           25,   66430, 0.01,        10, False    , off  , clang   , O3 , x86-64, libxml2-2.9.14     , version_same
DS   , libxml2      , 2.9.14 , zlib             ,           51,  175914, 0.01,        18, False    , off  , gcc     , O2 , arm   , libxml2-2.10.3     , version_diff
DS   , libxml2      , 2.9.14 , zlib             ,           48,  173894, 0.01,        18, False    , off  , gcc     , O2 , arm   , libxml2-2.9.14     , version_same
DS   , libxml2      , 2.9.14 , zlib             ,           38,  119846, 0.01,        15, False    , off  , gcc     , O2 , x86-64, libxml2-2.10.3     , version_diff
DS   , libxml2      , 2.9.14 , zlib             ,           38,  120125, 0.01,        15, False    , off  , gcc     , O2 , x86-64, libxml2-2.9.14     , version_same
DS   , libxml2      , 2.9.14 , zlib             ,           45,  119015, 0.01,        14, False    , off  , gcc     , O3 , arm   , libxml2-2.10.3     , version_diff
DS   , libxml2      , 2.9.14 , zlib             ,           49,  157153, 0.01,        17, False    , off  , gcc     , O3 , arm   , libxml2-2.9.14     , version_same
DS   , libxml2      , 2.9.14 , zlib             ,           40,  138776, 0.01,        16, False    , off  , gcc     , O3 , x86-64, libxml2-2.10.3     , version_diff
DS   , libxml2      , 2.9.14 , zlib             ,           40,  140085, 0.01,        16, False    , off  , gcc     , O3 , x86-64, libxml2-2.9.14     , version_same
DS   , libxml2      , 2.9.14 , zlib             ,           52,  179144, 0.01,        18, False    , on   , clang   , O2 , arm   , libxml2-2.10.3     , version_diff
DS   , libxml2      , 2.9.14 , zlib             ,           35,   77239, 0.01,        11, False    , on   , clang   , O2 , arm   , libxml2-2.9.14     , version_same
DS   , libxml2      , 2.9.14 , zlib             ,           68,  194529, 0.01,        18, False    , on   , clang   , O2 , x86-64, libxml2-2.10.3     , version_diff
DS   , libxml2      , 2.9.14 , zlib             ,           55,  114051, 0.01,        13, False    , on   , clang   , O2 , x86-64, libxml2-2.9.14     , version_same
DS   , libxml2      , 2.9.14 , zlib             ,           50,  220942, 0.01,        19, False    , on   , clang   , O3 , arm   , libxml2-2.10.3     , version_diff
DS   , libxml2      , 2.9.14 , zlib             ,           57,  221609, 0.01,        19, False    , on   , clang   , O3 , arm   , libxml2-2.9.14     , version_same
DS   , libxml2      , 2.9.14 , zlib             ,           61,  169767, 0.01,        16, False    , on   , clang   , O3 , x86-64, libxml2-2.10.3     , version_diff
DS   , libxml2      , 2.9.14 , zlib             ,           65,  209054, 0.01,        19, False    , on   , clang   , O3 , x86-64, libxml2-2.9.14     , version_same
DS   , libxml2      , 2.9.14 , zlib             ,           54,  154715, 0.01,        16, False    , on   , gcc     , O2 , arm   , libxml2-2.10.3     , version_diff
DS   , libxml2      , 2.9.14 , zlib             ,           59,  172668, 0.01,        17, False    , on   , gcc     , O2 , arm   , libxml2-2.9.14     , version_same
DS   , libxml2      , 2.9.14 , zlib             ,           54,  148602, 0.01,        16, False    , on   , gcc     , O2 , x86-64, libxml2-2.10.3     , version_diff
DS   , libxml2      , 2.9.14 , zlib             ,           55,  148268, 0.01,        16, False    , on   , gcc     , O2 , x86-64, libxml2-2.9.14     , version_same
DS   , libxml2      , 2.9.14 , zlib             ,           54,  209376, 0.01,        18, False    , on   , gcc     , O3 , arm   , libxml2-2.10.3     , version_diff
DS   , libxml2      , 2.9.14 , zlib             ,           62,  170026, 0.01,        16, False    , on   , gcc     , O3 , arm   , libxml2-2.9.14     , version_same
DS   , libxml2      , 2.9.14 , zlib             ,           55,  182920, 0.01,        18, False    , on   , gcc     , O3 , x86-64, libxml2-2.10.3     , version_diff
DS   , libxml2      , 2.9.14 , zlib             ,           54,  132955, 0.01,        15, False    , on   , gcc     , O3 , x86-64, libxml2-2.9.14     , version_same
DS   , mbedtls      , 2.6.0  , PKCS1_V21        ,           47,   59535, 0.01,        11, False    , off  , clang   , O2 , arm   , mbedtls-2.7.0      , version_diff
DS   , mbedtls      , 2.6.0  , PKCS1_V21        ,           48,   52518, 0.01,        10, False    , off  , clang   , O2 , arm   , mbedtls-2.6.0      , version_same
DS   , mbedtls      , 2.6.0  , PKCS1_V21        ,           68,   57687, 0.01,        10, False    , off  , clang   , O2 , x86-64, mbedtls-2.7.0      , version_diff
DS   , mbedtls      , 2.6.0  , PKCS1_V21        ,           34,   41787, 0.0 ,         9, False    , off  , clang   , O2 , x86-64, mbedtls-2.6.0      , version_same
DS   , mbedtls      , 2.6.0  , PKCS1_V21        ,           54,   48332, 0.01,         9, False    , off  , clang   , O3 , arm   , mbedtls-2.7.0      , version_diff
DS   , mbedtls      , 2.6.0  , PKCS1_V21        ,           45,   45755, 0.0 ,        10, False    , off  , clang   , O3 , arm   , mbedtls-2.6.0      , version_same
DS   , mbedtls      , 2.6.0  , PKCS1_V21        ,           36,   48244, 0.0 ,        10, False    , off  , clang   , O3 , x86-64, mbedtls-2.7.0      , version_diff
DS   , mbedtls      , 2.6.0  , PKCS1_V21        ,           34,   50433, 0.01,        10, False    , off  , clang   , O3 , x86-64, mbedtls-2.6.0      , version_same
DS   , mbedtls      , 2.6.0  , PKCS1_V21        ,           51,   45865, 0.01,         9, False    , off  , gcc     , O2 , arm   , mbedtls-2.7.0      , version_diff
DS   , mbedtls      , 2.6.0  , PKCS1_V21        ,           47,   51537, 0.01,        10, False    , off  , gcc     , O2 , arm   , mbedtls-2.6.0      , version_same
DS   , mbedtls      , 2.6.0  , PKCS1_V21        ,           41,   41377, 0.0 ,         9, False    , off  , gcc     , O2 , x86-64, mbedtls-2.7.0      , version_diff
DS   , mbedtls      , 2.6.0  , PKCS1_V21        ,           65,   51968, 0.01,         9, False    , off  , gcc     , O2 , x86-64, mbedtls-2.6.0      , version_same
DS   , mbedtls      , 2.6.0  , PKCS1_V21        ,           35,   39063, 0.0 ,         9, False    , off  , gcc     , O3 , arm   , mbedtls-2.7.0      , version_diff
DS   , mbedtls      , 2.6.0  , PKCS1_V21        ,           65,   56897, 0.01,        10, False    , off  , gcc     , O3 , arm   , mbedtls-2.6.0      , version_same
DS   , mbedtls      , 2.6.0  , PKCS1_V21        ,           52,   48213, 0.01,         9, False    , off  , gcc     , O3 , x86-64, mbedtls-2.7.0      , version_diff
DS   , mbedtls      , 2.6.0  , PKCS1_V21        ,           59,   49006, 0.01,         9, False    , off  , gcc     , O3 , x86-64, mbedtls-2.6.0      , version_same
DS   , mbedtls      , 2.6.0  , PKCS1_V21        ,           35,   44584, 0.01,         9, False    , on   , clang   , O2 , arm   , mbedtls-2.7.0      , version_diff
DS   , mbedtls      , 2.6.0  , PKCS1_V21        ,           36,   44747, 0.01,         9, False    , on   , clang   , O2 , arm   , mbedtls-2.6.0      , version_same
DS   , mbedtls      , 2.6.0  , PKCS1_V21        ,           46,   95748, 0.01,        13, False    , on   , clang   , O2 , x86-64, mbedtls-2.7.0      , version_diff
DS   , mbedtls      , 2.6.0  , PKCS1_V21        ,           38,   64935, 0.01,        11, False    , on   , clang   , O2 , x86-64, mbedtls-2.6.0      , version_same
DS   , mbedtls      , 2.6.0  , PKCS1_V21        ,           32,   43576, 0.01,         9, False    , on   , clang   , O3 , arm   , mbedtls-2.7.0      , version_diff
DS   , mbedtls      , 2.6.0  , PKCS1_V21        ,           41,   47488, 0.01,         9, False    , on   , clang   , O3 , arm   , mbedtls-2.6.0      , version_same
DS   , mbedtls      , 2.6.0  , PKCS1_V21        ,           46,   84134, 0.01,        12, False    , on   , clang   , O3 , x86-64, mbedtls-2.7.0      , version_diff
DS   , mbedtls      , 2.6.0  , PKCS1_V21        ,           49,   70890, 0.01,        11, False    , on   , clang   , O3 , x86-64, mbedtls-2.6.0      , version_same
DS   , mbedtls      , 2.6.0  , PKCS1_V21        ,           29,   38906, 0.0 ,         9, False    , on   , gcc     , O2 , arm   , mbedtls-2.7.0      , version_diff
DS   , mbedtls      , 2.6.0  , PKCS1_V21        ,           40,   43363, 0.01,         9, False    , on   , gcc     , O2 , arm   , mbedtls-2.6.0      , version_same
DS   , mbedtls      , 2.6.0  , PKCS1_V21        ,           42,   65061, 0.01,        11, False    , on   , gcc     , O2 , x86-64, mbedtls-2.7.0      , version_diff
DS   , mbedtls      , 2.6.0  , PKCS1_V21        ,           40,   55882, 0.01,        10, False    , on   , gcc     , O2 , x86-64, mbedtls-2.6.0      , version_same
DS   , mbedtls      , 2.6.0  , PKCS1_V21        ,           29,   37877, 0.0 ,         9, False    , on   , gcc     , O3 , arm   , mbedtls-2.7.0      , version_diff
DS   , mbedtls      , 2.6.0  , PKCS1_V21        ,           32,   39555, 0.0 ,         9, False    , on   , gcc     , O3 , arm   , mbedtls-2.6.0      , version_same
DS   , mbedtls      , 2.6.0  , PKCS1_V21        ,           37,   54734, 0.01,        10, False    , on   , gcc     , O3 , x86-64, mbedtls-2.7.0      , version_diff
DS   , mbedtls      , 2.6.0  , PKCS1_V21        ,           51,   59875, 0.01,        10, False    , on   , gcc     , O3 , x86-64, mbedtls-2.6.0      , version_same
DS   , mbedtls      , 2.6.0  , SHA256_SMALLER   ,           13,   18440, 0.0 ,         6, False    , off  , clang   , O2 , arm   , mbedtls-2.7.0      , version_diff
DS   , mbedtls      , 2.6.0  , SHA256_SMALLER   ,           54,   58858, 0.01,         9, False    , off  , clang   , O2 , arm   , mbedtls-2.6.0      , version_same
DS   , mbedtls      , 2.6.0  , SHA256_SMALLER   ,           29,   24043, 0.0 ,         7, False    , off  , clang   , O2 , x86-64, mbedtls-2.7.0      , version_diff
DS   , mbedtls      , 2.6.0  , SHA256_SMALLER   ,           80,   70566, 0.01,         9, False    , off  , clang   , O2 , x86-64, mbedtls-2.6.0      , version_same
DS   , mbedtls      , 2.6.0  , SHA256_SMALLER   ,           16,   20952, 0.0 ,         6, False    , off  , clang   , O3 , arm   , mbedtls-2.7.0      , version_diff
DS   , mbedtls      , 2.6.0  , SHA256_SMALLER   ,           59,   99461, 0.01,        12, False    , off  , clang   , O3 , arm   , mbedtls-2.6.0      , version_same
DS   , mbedtls      , 2.6.0  , SHA256_SMALLER   ,           17,   18746, 0.0 ,         6, False    , off  , clang   , O3 , x86-64, mbedtls-2.7.0      , version_diff
DS   , mbedtls      , 2.6.0  , SHA256_SMALLER   ,           71,   80941, 0.01,        10, False    , off  , clang   , O3 , x86-64, mbedtls-2.6.0      , version_same
DS   , mbedtls      , 2.6.0  , SHA256_SMALLER   ,           18,   19744, 0.0 ,         6, False    , off  , gcc     , O2 , arm   , mbedtls-2.7.0      , version_diff
DS   , mbedtls      , 2.6.0  , SHA256_SMALLER   ,           66,   74895, 0.01,        10, False    , off  , gcc     , O2 , arm   , mbedtls-2.6.0      , version_same
DS   , mbedtls      , 2.6.0  , SHA256_SMALLER   ,           25,   27175, 0.0 ,         7, False    , off  , gcc     , O2 , x86-64, mbedtls-2.7.0      , version_diff
DS   , mbedtls      , 2.6.0  , SHA256_SMALLER   ,           41,   48220, 0.01,         8, False    , off  , gcc     , O2 , x86-64, mbedtls-2.6.0      , version_same
DS   , mbedtls      , 2.6.0  , SHA256_SMALLER   ,           19,   25869, 0.0 ,         7, False    , off  , gcc     , O3 , arm   , mbedtls-2.7.0      , version_diff
DS   , mbedtls      , 2.6.0  , SHA256_SMALLER   ,           96,   67422, 0.01,         9, False    , off  , gcc     , O3 , arm   , mbedtls-2.6.0      , version_same
DS   , mbedtls      , 2.6.0  , SHA256_SMALLER   ,           12,   20756, 0.0 ,         6, False    , off  , gcc     , O3 , x86-64, mbedtls-2.7.0      , version_diff
DS   , mbedtls      , 2.6.0  , SHA256_SMALLER   ,           38,   63651, 0.01,         9, False    , off  , gcc     , O3 , x86-64, mbedtls-2.6.0      , version_same
DS   , mbedtls      , 2.6.0  , SHA256_SMALLER   ,           14,   18967, 0.0 ,         6, False    , on   , clang   , O2 , arm   , mbedtls-2.7.0      , version_diff
DS   , mbedtls      , 2.6.0  , SHA256_SMALLER   ,           23,   22853, 0.0 ,         6, False    , on   , clang   , O2 , arm   , mbedtls-2.6.0      , version_same
DS   , mbedtls      , 2.6.0  , SHA256_SMALLER   ,           14,   19183, 0.0 ,         6, False    , on   , clang   , O2 , x86-64, mbedtls-2.7.0      , version_diff
DS   , mbedtls      , 2.6.0  , SHA256_SMALLER   ,           39,   31638, 0.0 ,         7, False    , on   , clang   , O2 , x86-64, mbedtls-2.6.0      , version_same
DS   , mbedtls      , 2.6.0  , SHA256_SMALLER   ,           19,   26067, 0.0 ,         7, False    , on   , clang   , O3 , arm   , mbedtls-2.7.0      , version_diff
DS   , mbedtls      , 2.6.0  , SHA256_SMALLER   ,           23,   22929, 0.0 ,         6, False    , on   , clang   , O3 , arm   , mbedtls-2.6.0      , version_same
DS   , mbedtls      , 2.6.0  , SHA256_SMALLER   ,           19,   23872, 0.0 ,         7, False    , on   , clang   , O3 , x86-64, mbedtls-2.7.0      , version_diff
DS   , mbedtls      , 2.6.0  , SHA256_SMALLER   ,           34,   25501, 0.0 ,         6, False    , on   , clang   , O3 , x86-64, mbedtls-2.6.0      , version_same
DS   , mbedtls      , 2.6.0  , SHA256_SMALLER   ,           25,   20882, 0.0 ,         6, False    , on   , gcc     , O2 , arm   , mbedtls-2.7.0      , version_diff
DS   , mbedtls      , 2.6.0  , SHA256_SMALLER   ,           32,   30181, 0.0 ,         7, False    , on   , gcc     , O2 , arm   , mbedtls-2.6.0      , version_same
DS   , mbedtls      , 2.6.0  , SHA256_SMALLER   ,           21,   21428, 0.0 ,         6, False    , on   , gcc     , O2 , x86-64, mbedtls-2.7.0      , version_diff
DS   , mbedtls      , 2.6.0  , SHA256_SMALLER   ,           27,   28768, 0.0 ,         7, False    , on   , gcc     , O2 , x86-64, mbedtls-2.6.0      , version_same
DS   , mbedtls      , 2.6.0  , SHA256_SMALLER   ,           17,   20902, 0.0 ,         6, False    , on   , gcc     , O3 , arm   , mbedtls-2.7.0      , version_diff
DS   , mbedtls      , 2.6.0  , SHA256_SMALLER   ,           33,   24149, 0.0 ,         6, False    , on   , gcc     , O3 , arm   , mbedtls-2.6.0      , version_same
DS   , mbedtls      , 2.6.0  , SHA256_SMALLER   ,           12,   20887, 0.0 ,         6, False    , on   , gcc     , O3 , x86-64, mbedtls-2.7.0      , version_diff
DS   , mbedtls      , 2.6.0  , SHA256_SMALLER   ,           28,   18217, 0.0 ,         5, False    , on   , gcc     , O3 , x86-64, mbedtls-2.6.0      , version_same
DS   , nginx        , 1.18.0 , http_realip      ,           86,   67429, 0.01,        11, False    , off  , clang   , O2 , arm   , nginx-1.19.10      , version_diff
DS   , nginx        , 1.18.0 , http_realip      ,           31,   50686, 0.01,        10, False    , off  , clang   , O2 , arm   , nginx-1.18.0       , version_same
DS   , nginx        , 1.18.0 , http_realip      ,           54,   57565, 0.01,        11, False    , off  , clang   , O2 , x86-64, nginx-1.19.10      , version_diff
DS   , nginx        , 1.18.0 , http_realip      ,           32,   56928, 0.01,        11, False    , off  , clang   , O2 , x86-64, nginx-1.18.0       , version_same
DS   , nginx        , 1.18.0 , http_realip      ,           23,   34431, 0.0 ,         9, False    , off  , clang   , O3 , arm   , nginx-1.19.10      , version_diff
DS   , nginx        , 1.18.0 , http_realip      ,           45,   43245, 0.0 ,        10, False    , off  , clang   , O3 , arm   , nginx-1.18.0       , version_same
DS   , nginx        , 1.18.0 , http_realip      ,           42,   59639, 0.01,        11, False    , off  , clang   , O3 , x86-64, nginx-1.19.10      , version_diff
DS   , nginx        , 1.18.0 , http_realip      ,           44,   56653, 0.01,        11, False    , off  , clang   , O3 , x86-64, nginx-1.18.0       , version_same
DS   , nginx        , 1.18.0 , http_realip      ,           60,   61055, 0.01,        10, False    , off  , gcc     , O2 , arm   , nginx-1.19.10      , version_diff
DS   , nginx        , 1.18.0 , http_realip      ,           45,   57691, 0.01,        11, False    , off  , gcc     , O2 , arm   , nginx-1.18.0       , version_same
DS   , nginx        , 1.18.0 , http_realip      ,           30,   55720, 0.01,        10, False    , off  , gcc     , O2 , x86-64, nginx-1.19.10      , version_diff
DS   , nginx        , 1.18.0 , http_realip      ,           44,   66464, 0.01,        11, False    , off  , gcc     , O2 , x86-64, nginx-1.18.0       , version_same
DS   , nginx        , 1.18.0 , http_realip      ,           35,   50576, 0.0 ,        10, False    , off  , gcc     , O3 , arm   , nginx-1.19.10      , version_diff
DS   , nginx        , 1.18.0 , http_realip      ,           26,   48921, 0.0 ,        10, False    , off  , gcc     , O3 , arm   , nginx-1.18.0       , version_same
DS   , nginx        , 1.18.0 , http_realip      ,           48,   57445, 0.01,        10, False    , off  , gcc     , O3 , x86-64, nginx-1.19.10      , version_diff
DS   , nginx        , 1.18.0 , http_realip      ,           55,   63124, 0.01,        11, False    , off  , gcc     , O3 , x86-64, nginx-1.18.0       , version_same
DS   , nginx        , 1.18.0 , http_v2          ,           45,  132506, 0.01,        14, False    , off  , clang   , O2 , arm   , nginx-1.19.10      , version_diff
DS   , nginx        , 1.18.0 , http_v2          ,           33,  105639, 0.01,        12, False    , off  , clang   , O2 , arm   , nginx-1.18.0       , version_same
DS   , nginx        , 1.18.0 , http_v2          ,           39,  128417, 0.01,        13, False    , off  , clang   , O2 , x86-64, nginx-1.19.10      , version_diff
DS   , nginx        , 1.18.0 , http_v2          ,           42,  194291, 0.01,        16, False    , off  , clang   , O2 , x86-64, nginx-1.18.0       , version_same
DS   , nginx        , 1.18.0 , http_v2          ,           28,   87665, 0.01,        11, False    , off  , clang   , O3 , arm   , nginx-1.19.10      , version_diff
DS   , nginx        , 1.18.0 , http_v2          ,           39,  134715, 0.01,        14, False    , off  , clang   , O3 , arm   , nginx-1.18.0       , version_same
DS   , nginx        , 1.18.0 , http_v2          ,           56,  187377, 0.01,        16, False    , off  , clang   , O3 , x86-64, nginx-1.19.10      , version_diff
DS   , nginx        , 1.18.0 , http_v2          ,           58,  149336, 0.01,        14, False    , off  , clang   , O3 , x86-64, nginx-1.18.0       , version_same
DS   , nginx        , 1.18.0 , http_v2          ,           30,   79855, 0.01,        11, False    , off  , gcc     , O2 , arm   , nginx-1.19.10      , version_diff
DS   , nginx        , 1.18.0 , http_v2          ,           31,  106922, 0.01,        13, False    , off  , gcc     , O2 , arm   , nginx-1.18.0       , version_same
DS   , nginx        , 1.18.0 , http_v2          ,           54,  197248, 0.01,        17, False    , off  , gcc     , O2 , x86-64, nginx-1.19.10      , version_diff
DS   , nginx        , 1.18.0 , http_v2          ,           46,  156541, 0.01,        15, False    , off  , gcc     , O2 , x86-64, nginx-1.18.0       , version_same
DS   , nginx        , 1.18.0 , http_v2          ,           39,  117320, 0.01,        13, False    , off  , gcc     , O3 , arm   , nginx-1.19.10      , version_diff
DS   , nginx        , 1.18.0 , http_v2          ,           29,  101403, 0.01,        12, False    , off  , gcc     , O3 , arm   , nginx-1.18.0       , version_same
DS   , nginx        , 1.18.0 , http_v2          ,           46,  200326, 0.01,        17, False    , off  , gcc     , O3 , x86-64, nginx-1.19.10      , version_diff
DS   , nginx        , 1.18.0 , http_v2          ,           35,  158104, 0.01,        15, False    , off  , gcc     , O3 , x86-64, nginx-1.18.0       , version_same
DS   , nginx        , 1.18.0 , http_v2          ,           52,  172442, 0.01,        15, False    , on   , clang   , O2 , arm   , nginx-1.19.10      , version_diff
DS   , nginx        , 1.18.0 , http_v2          ,           52,  172290, 0.01,        15, False    , on   , clang   , O2 , arm   , nginx-1.18.0       , version_same
DS   , nginx        , 1.18.0 , http_v2          ,           63,  185713, 0.01,        15, False    , on   , clang   , O2 , x86-64, nginx-1.19.10      , version_diff
DS   , nginx        , 1.18.0 , http_v2          ,           54,  193693, 0.01,        15, False    , on   , clang   , O2 , x86-64, nginx-1.18.0       , version_same
DS   , nginx        , 1.18.0 , http_v2          ,           43,  153253, 0.01,        14, False    , on   , clang   , O3 , arm   , nginx-1.19.10      , version_diff
DS   , nginx        , 1.18.0 , http_v2          ,           41,  136336, 0.01,        13, False    , on   , clang   , O3 , arm   , nginx-1.18.0       , version_same
DS   , nginx        , 1.18.0 , http_v2          ,           44,  184949, 0.01,        15, False    , on   , clang   , O3 , x86-64, nginx-1.19.10      , version_diff
DS   , nginx        , 1.18.0 , http_v2          ,           70,  191941, 0.01,        15, False    , on   , clang   , O3 , x86-64, nginx-1.18.0       , version_same
DS   , nginx        , 1.18.0 , http_v2          ,           44,  143771, 0.01,        14, False    , on   , gcc     , O2 , arm   , nginx-1.19.10      , version_diff
DS   , nginx        , 1.18.0 , http_v2          ,           49,  143225, 0.01,        14, False    , on   , gcc     , O2 , arm   , nginx-1.18.0       , version_same
DS   , nginx        , 1.18.0 , http_v2          ,           60,  179583, 0.01,        15, False    , on   , gcc     , O2 , x86-64, nginx-1.19.10      , version_diff
DS   , nginx        , 1.18.0 , http_v2          ,           37,  123121, 0.01,        12, False    , on   , gcc     , O2 , x86-64, nginx-1.18.0       , version_same
DS   , nginx        , 1.18.0 , http_v2          ,           43,  154287, 0.01,        14, False    , on   , gcc     , O3 , arm   , nginx-1.19.10      , version_diff
DS   , nginx        , 1.18.0 , http_v2          ,           55,  177515, 0.01,        15, False    , on   , gcc     , O3 , arm   , nginx-1.18.0       , version_same
DS   , nginx        , 1.18.0 , http_v2          ,           54,  201019, 0.01,        16, False    , on   , gcc     , O3 , x86-64, nginx-1.19.10      , version_diff
DS   , nginx        , 1.18.0 , http_v2          ,           53,  221000, 0.01,        17, False    , on   , gcc     , O3 , x86-64, nginx-1.18.0       , version_same
DS   , openssl      , 1.0.1f , asm              ,           31,   47013, 0.0 ,        10, False    , off  , clang   , O2 , arm   , openssl-1.0.1g     , version_diff
DS   , openssl      , 1.0.1f , asm              ,           29,   46158, 0.0 ,        10, False    , off  , clang   , O2 , arm   , openssl-1.0.1f     , version_same
DS   , openssl      , 1.0.1f , asm              ,           66,  106464, 0.01,        14, False    , off  , clang   , O2 , x86-64, openssl-1.0.1g     , version_diff
DS   , openssl      , 1.0.1f , asm              ,           44,   81720, 0.01,        12, False    , off  , clang   , O2 , x86-64, openssl-1.0.1f     , version_same
DS   , openssl      , 1.0.1f , asm              ,           41,   73946, 0.01,        12, False    , off  , clang   , O3 , arm   , openssl-1.0.1g     , version_diff
DS   , openssl      , 1.0.1f , asm              ,           34,   48229, 0.0 ,        10, False    , off  , clang   , O3 , arm   , openssl-1.0.1f     , version_same
DS   , openssl      , 1.0.1f , asm              ,           46,   82012, 0.01,        12, False    , off  , clang   , O3 , x86-64, openssl-1.0.1g     , version_diff
DS   , openssl      , 1.0.1f , asm              ,           55,   86242, 0.01,        12, False    , off  , clang   , O3 , x86-64, openssl-1.0.1f     , version_same
DS   , openssl      , 1.0.1f , asm              ,           54,   62843, 0.01,        12, False    , off  , gcc     , O2 , arm   , openssl-1.0.1g     , version_diff
DS   , openssl      , 1.0.1f , asm              ,           35,   54807, 0.0 ,        11, False    , off  , gcc     , O2 , arm   , openssl-1.0.1f     , version_same
DS   , openssl      , 1.0.1f , asm              ,          104,  118585, 0.01,        14, False    , off  , gcc     , O2 , x86-64, openssl-1.0.1g     , version_diff
DS   , openssl      , 1.0.1f , asm              ,           41,   96825, 0.01,        13, False    , off  , gcc     , O2 , x86-64, openssl-1.0.1f     , version_same
DS   , openssl      , 1.0.1f , asm              ,           38,   54723, 0.01,        11, False    , off  , gcc     , O3 , arm   , openssl-1.0.1g     , version_diff
DS   , openssl      , 1.0.1f , asm              ,           68,   71088, 0.01,        12, False    , off  , gcc     , O3 , arm   , openssl-1.0.1f     , version_same
DS   , openssl      , 1.0.1f , asm              ,           54,   97900, 0.01,        13, False    , off  , gcc     , O3 , x86-64, openssl-1.0.1g     , version_diff
DS   , openssl      , 1.0.1f , asm              ,           69,  120650, 0.01,        14, False    , off  , gcc     , O3 , x86-64, openssl-1.0.1f     , version_same
DS   , openssl      , 1.0.1f , asm              ,           42,   84345, 0.01,        12, False    , on   , clang   , O2 , arm   , openssl-1.0.1g     , version_diff
DS   , openssl      , 1.0.1f , asm              ,           52,   92082, 0.01,        13, False    , on   , clang   , O2 , arm   , openssl-1.0.1f     , version_same
DS   , openssl      , 1.0.1f , asm              ,           72,  196445, 0.01,        18, False    , on   , clang   , O2 , x86-64, openssl-1.0.1g     , version_diff
DS   , openssl      , 1.0.1f , asm              ,           96,  213183, 0.01,        19, False    , on   , clang   , O2 , x86-64, openssl-1.0.1f     , version_same
DS   , openssl      , 1.0.1f , asm              ,           36,   87330, 0.01,        13, False    , on   , clang   , O3 , arm   , openssl-1.0.1g     , version_diff
DS   , openssl      , 1.0.1f , asm              ,           44,   82150, 0.01,        12, False    , on   , clang   , O3 , arm   , openssl-1.0.1f     , version_same
DS   , openssl      , 1.0.1f , asm              ,           67,  174526, 0.01,        17, False    , on   , clang   , O3 , x86-64, openssl-1.0.1g     , version_diff
DS   , openssl      , 1.0.1f , asm              ,          116,  219322, 0.01,        18, False    , on   , clang   , O3 , x86-64, openssl-1.0.1f     , version_same
DS   , openssl      , 1.0.1f , asm              ,           59,   93322, 0.01,        13, False    , on   , gcc     , O2 , arm   , openssl-1.0.1g     , version_diff
DS   , openssl      , 1.0.1f , asm              ,           38,   85844, 0.01,        13, False    , on   , gcc     , O2 , arm   , openssl-1.0.1f     , version_same
DS   , openssl      , 1.0.1f , asm              ,           99,  295965, 0.01,        21, False    , on   , gcc     , O2 , x86-64, openssl-1.0.1g     , version_diff
DS   , openssl      , 1.0.1f , asm              ,           78,  138995, 0.01,        15, False    , on   , gcc     , O2 , x86-64, openssl-1.0.1f     , version_same
DS   , openssl      , 1.0.1f , asm              ,           38,   87359, 0.01,        13, False    , on   , gcc     , O3 , arm   , openssl-1.0.1g     , version_diff
DS   , openssl      , 1.0.1f , asm              ,           54,   91453, 0.01,        13, False    , on   , gcc     , O3 , arm   , openssl-1.0.1f     , version_same
DS   , openssl      , 1.0.1f , asm              ,           57,  144097, 0.01,        15, False    , on   , gcc     , O3 , x86-64, openssl-1.0.1g     , version_diff
DS   , openssl      , 1.0.1f , asm              ,           79,  361589, 0.02,        23, False    , on   , gcc     , O3 , x86-64, openssl-1.0.1f     , version_same
DS   , openssl      , 1.0.1f , heartbeats       ,          123,  687827, 0.02,        34, False    , off  , clang   , O2 , arm   , openssl-1.0.1g     , version_diff
DS   , openssl      , 1.0.1f , heartbeats       ,           81,  304698, 0.01,        23, False    , off  , clang   , O2 , arm   , openssl-1.0.1f     , version_same
DS   , openssl      , 1.0.1f , heartbeats       ,          112,  661035, 0.02,        32, False    , off  , clang   , O2 , x86-64, openssl-1.0.1g     , version_diff
DS   , openssl      , 1.0.1f , heartbeats       ,          125,  686644, 0.02,        32, False    , off  , clang   , O2 , x86-64, openssl-1.0.1f     , version_same
DS   , openssl      , 1.0.1f , heartbeats       ,          104,  344286, 0.01,        24, False    , off  , clang   , O3 , arm   , openssl-1.0.1g     , version_diff
DS   , openssl      , 1.0.1f , heartbeats       ,           97,  448092, 0.02,        27, False    , off  , clang   , O3 , arm   , openssl-1.0.1f     , version_same
DS   , openssl      , 1.0.1f , heartbeats       ,          173,  741651, 0.02,        33, False    , off  , clang   , O3 , x86-64, openssl-1.0.1g     , version_diff
DS   , openssl      , 1.0.1f , heartbeats       ,           98,  353433, 0.02,        23, False    , off  , clang   , O3 , x86-64, openssl-1.0.1f     , version_same
DS   , openssl      , 1.0.1f , heartbeats       ,          134,  620760, 0.02,        33, False    , off  , gcc     , O2 , arm   , openssl-1.0.1g     , version_diff
DS   , openssl      , 1.0.1f , heartbeats       ,          107,  610339, 0.02,        33, False    , off  , gcc     , O2 , arm   , openssl-1.0.1f     , version_same
DS   , openssl      , 1.0.1f , heartbeats       ,          107,  511584, 0.02,        28, False    , off  , gcc     , O2 , x86-64, openssl-1.0.1g     , version_diff
DS   , openssl      , 1.0.1f , heartbeats       ,          115,  706936, 0.02,        33, False    , off  , gcc     , O2 , x86-64, openssl-1.0.1f     , version_same
DS   , openssl      , 1.0.1f , heartbeats       ,           87,  213651, 0.01,        19, False    , off  , gcc     , O3 , arm   , openssl-1.0.1g     , version_diff
DS   , openssl      , 1.0.1f , heartbeats       ,          119,  643838, 0.02,        34, False    , off  , gcc     , O3 , arm   , openssl-1.0.1f     , version_same
DS   , openssl      , 1.0.1f , heartbeats       ,          135,  848256, 0.02,        37, False    , off  , gcc     , O3 , x86-64, openssl-1.0.1g     , version_diff
DS   , openssl      , 1.0.1f , heartbeats       ,          145,  888766, 0.02,        37, False    , off  , gcc     , O3 , x86-64, openssl-1.0.1f     , version_same
DS   , openssl      , 1.0.1f , heartbeats       ,          121,  378180, 0.02,        24, False    , on   , clang   , O2 , arm   , openssl-1.0.1g     , version_diff
DS   , openssl      , 1.0.1f , heartbeats       ,           95,  512875, 0.02,        30, False    , on   , clang   , O2 , arm   , openssl-1.0.1f     , version_same
DS   , openssl      , 1.0.1f , heartbeats       ,          105,  397619, 0.02,        25, False    , on   , clang   , O2 , x86-64, openssl-1.0.1g     , version_diff
DS   , openssl      , 1.0.1f , heartbeats       ,           91,  471309, 0.02,        27, False    , on   , clang   , O2 , x86-64, openssl-1.0.1f     , version_same
DS   , openssl      , 1.0.1f , heartbeats       ,          135,  466310, 0.02,        27, False    , on   , clang   , O3 , arm   , openssl-1.0.1g     , version_diff
DS   , openssl      , 1.0.1f , heartbeats       ,          100,  368662, 0.02,        24, False    , on   , clang   , O3 , arm   , openssl-1.0.1f     , version_same
DS   , openssl      , 1.0.1f , heartbeats       ,          152,  425735, 0.02,        25, False    , on   , clang   , O3 , x86-64, openssl-1.0.1g     , version_diff
DS   , openssl      , 1.0.1f , heartbeats       ,          147,  467758, 0.02,        26, False    , on   , clang   , O3 , x86-64, openssl-1.0.1f     , version_same
DS   , openssl      , 1.0.1f , heartbeats       ,          141,  528329, 0.02,        30, False    , on   , gcc     , O2 , arm   , openssl-1.0.1g     , version_diff
DS   , openssl      , 1.0.1f , heartbeats       ,          128,  755216, 0.02,        36, False    , on   , gcc     , O2 , arm   , openssl-1.0.1f     , version_same
DS   , openssl      , 1.0.1f , heartbeats       ,          100,  500013, 0.02,        28, False    , on   , gcc     , O2 , x86-64, openssl-1.0.1g     , version_diff
DS   , openssl      , 1.0.1f , heartbeats       ,           49,  135498, 0.01,        15, False    , on   , gcc     , O2 , x86-64, openssl-1.0.1f     , version_same
DS   , openssl      , 1.0.1f , heartbeats       ,          122,  692733, 0.02,        35, False    , on   , gcc     , O3 , arm   , openssl-1.0.1g     , version_diff
DS   , openssl      , 1.0.1f , heartbeats       ,           97,  438614, 0.02,        28, False    , on   , gcc     , O3 , arm   , openssl-1.0.1f     , version_same
DS   , openssl      , 1.0.1f , heartbeats       ,           95,  474816, 0.02,        28, False    , on   , gcc     , O3 , x86-64, openssl-1.0.1g     , version_diff
DS   , openssl      , 1.0.1f , heartbeats       ,           95,  456615, 0.02,        27, False    , on   , gcc     , O3 , x86-64, openssl-1.0.1f     , version_same
DS   , pcre2        , 10.39  , jit              ,           38,   40707, 0.0 ,        10, False    , off  , clang   , O2 , arm   , pcre2-10.40        , version_diff
DS   , pcre2        , 10.39  , jit              ,           40,   59318, 0.01,        11, False    , off  , clang   , O2 , arm   , pcre2-10.39        , version_same
DS   , pcre2        , 10.39  , jit              ,          114,  319218, 0.01,        22, False    , off  , clang   , O2 , x86-64, pcre2-10.40        , version_diff
DS   , pcre2        , 10.39  , jit              ,          100,  394422, 0.02,        25, False    , off  , clang   , O2 , x86-64, pcre2-10.39        , version_same
DS   , pcre2        , 10.39  , jit              ,           22,   34808, 0.0 ,         9, False    , off  , clang   , O3 , arm   , pcre2-10.40        , version_diff
DS   , pcre2        , 10.39  , jit              ,           31,   57055, 0.01,        11, False    , off  , clang   , O3 , arm   , pcre2-10.39        , version_same
DS   , pcre2        , 10.39  , jit              ,           44,  116023, 0.01,        15, False    , off  , clang   , O3 , x86-64, pcre2-10.40        , version_diff
DS   , pcre2        , 10.39  , jit              ,           44,   77899, 0.01,        12, False    , off  , clang   , O3 , x86-64, pcre2-10.39        , version_same
DS   , pcre2        , 10.39  , jit              ,           59,   88654, 0.01,        13, False    , off  , gcc     , O2 , arm   , pcre2-10.40        , version_diff
DS   , pcre2        , 10.39  , jit              ,           41,   88420, 0.01,        13, False    , off  , gcc     , O2 , arm   , pcre2-10.39        , version_same
DS   , pcre2        , 10.39  , jit              ,           72,  210580, 0.01,        21, False    , off  , gcc     , O2 , x86-64, pcre2-10.40        , version_diff
DS   , pcre2        , 10.39  , jit              ,           54,  106581, 0.01,        14, False    , off  , gcc     , O2 , x86-64, pcre2-10.39        , version_same
DS   , pcre2        , 10.39  , jit              ,           31,   51936, 0.0 ,        11, False    , off  , gcc     , O3 , arm   , pcre2-10.40        , version_diff
DS   , pcre2        , 10.39  , jit              ,           28,   57645, 0.01,        11, False    , off  , gcc     , O3 , arm   , pcre2-10.39        , version_same
DS   , pcre2        , 10.39  , jit              ,           34,   59119, 0.0 ,        11, False    , off  , gcc     , O3 , x86-64, pcre2-10.40        , version_diff
DS   , pcre2        , 10.39  , jit              ,           75,  184097, 0.01,        18, False    , off  , gcc     , O3 , x86-64, pcre2-10.39        , version_same
DS   , pcre2        , 10.39  , jit              ,           34,   45263, 0.0 ,        10, False    , on   , clang   , O2 , arm   , pcre2-10.40        , version_diff
DS   , pcre2        , 10.39  , jit              ,           79,  212726, 0.01,        19, False    , on   , clang   , O2 , arm   , pcre2-10.39        , version_same
DS   , pcre2        , 10.39  , jit              ,          116,  217153, 0.02,        18, False    , on   , clang   , O2 , x86-64, pcre2-10.40        , version_diff
DS   , pcre2        , 10.39  , jit              ,          142,  224175, 0.02,        17, False    , on   , clang   , O2 , x86-64, pcre2-10.39        , version_same
DS   , pcre2        , 10.39  , jit              ,           66,   77099, 0.01,        12, False    , on   , clang   , O3 , arm   , pcre2-10.40        , version_diff
DS   , pcre2        , 10.39  , jit              ,           59,  136961, 0.01,        16, False    , on   , clang   , O3 , arm   , pcre2-10.39        , version_same
DS   , pcre2        , 10.39  , jit              ,           83,   88590, 0.01,        13, False    , on   , clang   , O3 , x86-64, pcre2-10.40        , version_diff
DS   , pcre2        , 10.39  , jit              ,           37,   61723, 0.01,        11, False    , on   , clang   , O3 , x86-64, pcre2-10.39        , version_same
DS   , pcre2        , 10.39  , jit              ,           37,   54232, 0.0 ,        11, False    , on   , gcc     , O2 , arm   , pcre2-10.40        , version_diff
DS   , pcre2        , 10.39  , jit              ,           35,   76291, 0.01,        12, False    , on   , gcc     , O2 , arm   , pcre2-10.39        , version_same
DS   , pcre2        , 10.39  , jit              ,           67,  171187, 0.01,        18, False    , on   , gcc     , O2 , x86-64, pcre2-10.40        , version_diff
DS   , pcre2        , 10.39  , jit              ,           66,  169763, 0.01,        17, False    , on   , gcc     , O2 , x86-64, pcre2-10.39        , version_same
DS   , pcre2        , 10.39  , jit              ,           52,   39743, 0.0 ,        10, False    , on   , gcc     , O3 , arm   , pcre2-10.40        , version_diff
DS   , pcre2        , 10.39  , jit              ,           89,  202759, 0.01,        18, False    , on   , gcc     , O3 , arm   , pcre2-10.39        , version_same
DS   , pcre2        , 10.39  , jit              ,           55,  115369, 0.01,        14, False    , on   , gcc     , O3 , x86-64, pcre2-10.40        , version_diff
DS   , pcre2        , 10.39  , jit              ,           76,  243945, 0.01,        20, False    , on   , gcc     , O3 , x86-64, pcre2-10.39        , version_same
DS   , pcre2        , 10.39  , unicode          ,          145,  611771, 0.02,        32, False    , off  , clang   , O2 , arm   , pcre2-10.40        , version_diff
DS   , pcre2        , 10.39  , unicode          ,          112,  156934, 0.01,        16, False    , off  , clang   , O2 , arm   , pcre2-10.39        , version_same
DS   , pcre2        , 10.39  , unicode          ,          100,  437829, 0.02,        27, False    , off  , clang   , O2 , x86-64, pcre2-10.40        , version_diff
DS   , pcre2        , 10.39  , unicode          ,          129,  699380, 0.02,        34, False    , off  , clang   , O2 , x86-64, pcre2-10.39        , version_same
DS   , pcre2        , 10.39  , unicode          ,          173,  549933, 0.02,        30, False    , off  , clang   , O3 , arm   , pcre2-10.40        , version_diff
DS   , pcre2        , 10.39  , unicode          ,          106,  454114, 0.02,        28, False    , off  , clang   , O3 , arm   , pcre2-10.39        , version_same
DS   , pcre2        , 10.39  , unicode          ,           62,  173908, 0.01,        17, False    , off  , clang   , O3 , x86-64, pcre2-10.40        , version_diff
DS   , pcre2        , 10.39  , unicode          ,           79,  254149, 0.01,        20, False    , off  , clang   , O3 , x86-64, pcre2-10.39        , version_same
DS   , pcre2        , 10.39  , unicode          ,          176, 1292620, 0.03,        47, False    , off  , gcc     , O2 , arm   , pcre2-10.40        , version_diff
DS   , pcre2        , 10.39  , unicode          ,          134,  469691, 0.02,        27, False    , off  , gcc     , O2 , arm   , pcre2-10.39        , version_same
DS   , pcre2        , 10.39  , unicode          ,          197,  944117, 0.03,        39, False    , off  , gcc     , O2 , x86-64, pcre2-10.40        , version_diff
DS   , pcre2        , 10.39  , unicode          ,          147,  563789, 0.02,        30, False    , off  , gcc     , O2 , x86-64, pcre2-10.39        , version_same
DS   , pcre2        , 10.39  , unicode          ,          179,  963730, 0.03,        40, False    , off  , gcc     , O3 , arm   , pcre2-10.40        , version_diff
DS   , pcre2        , 10.39  , unicode          ,           51,  107069, 0.01,        14, False    , off  , gcc     , O3 , arm   , pcre2-10.39        , version_same
DS   , pcre2        , 10.39  , unicode          ,           75,  199243, 0.01,        18, False    , off  , gcc     , O3 , x86-64, pcre2-10.40        , version_diff
DS   , pcre2        , 10.39  , unicode          ,          109,  520850, 0.02,        29, False    , off  , gcc     , O3 , x86-64, pcre2-10.39        , version_same
DS   , pcre2        , 10.39  , unicode          ,          184, 1310361, 0.03,        47, False    , on   , clang   , O2 , arm   , pcre2-10.40        , version_diff
DS   , pcre2        , 10.39  , unicode          ,           67,  231669, 0.01,        20, False    , on   , clang   , O2 , arm   , pcre2-10.39        , version_same
DS   , pcre2        , 10.39  , unicode          ,          172,  849829, 0.02,        37, False    , on   , clang   , O2 , x86-64, pcre2-10.40        , version_diff
DS   , pcre2        , 10.39  , unicode          ,           86,  399046, 0.02,        26, False    , on   , clang   , O2 , x86-64, pcre2-10.39        , version_same
DS   , pcre2        , 10.39  , unicode          ,          204, 1372770, 0.03,        48, False    , on   , clang   , O3 , arm   , pcre2-10.40        , version_diff
DS   , pcre2        , 10.39  , unicode          ,          120,  708207, 0.02,        34, False    , on   , clang   , O3 , arm   , pcre2-10.39        , version_same
DS   , pcre2        , 10.39  , unicode          ,          168,  660026, 0.02,        31, False    , on   , clang   , O3 , x86-64, pcre2-10.40        , version_diff
DS   , pcre2        , 10.39  , unicode          ,          118,  486142, 0.02,        27, False    , on   , clang   , O3 , x86-64, pcre2-10.39        , version_same
DS   , pcre2        , 10.39  , unicode          ,           54,  130550, 0.01,        15, False    , on   , gcc     , O2 , arm   , pcre2-10.40        , version_diff
DS   , pcre2        , 10.39  , unicode          ,           73,  355589, 0.01,        25, False    , on   , gcc     , O2 , arm   , pcre2-10.39        , version_same
DS   , pcre2        , 10.39  , unicode          ,          121,  396256, 0.02,        25, False    , on   , gcc     , O2 , x86-64, pcre2-10.40        , version_diff
DS   , pcre2        , 10.39  , unicode          ,          145,  720268, 0.02,        33, False    , on   , gcc     , O2 , x86-64, pcre2-10.39        , version_same
DS   , pcre2        , 10.39  , unicode          ,          188,  792388, 0.02,        36, False    , on   , gcc     , O3 , arm   , pcre2-10.40        , version_diff
DS   , pcre2        , 10.39  , unicode          ,          125,  437165, 0.02,        27, False    , on   , gcc     , O3 , arm   , pcre2-10.39        , version_same
DS   , pcre2        , 10.39  , unicode          ,           88,  278520, 0.01,        21, False    , on   , gcc     , O3 , x86-64, pcre2-10.40        , version_diff
DS   , pcre2        , 10.39  , unicode          ,          112,  590615, 0.02,        31, False    , on   , gcc     , O3 , x86-64, pcre2-10.39        , version_same
DS   , uclibc-ng    , 1.0.40 , HAS_IPV6         ,           45,   86772, 0.01,        13, False    , off  , clang   , O2 , arm   , uclibc-ng-1.0.41   , version_diff
DS   , uclibc-ng    , 1.0.40 , HAS_IPV6         ,           54,  129771, 0.01,        16, False    , off  , clang   , O2 , arm   , uclibc-ng-1.0.40   , version_same
DS   , uclibc-ng    , 1.0.40 , HAS_IPV6         ,           61,  107950, 0.01,        14, False    , off  , clang   , O2 , x86-64, uclibc-ng-1.0.41   , version_diff
DS   , uclibc-ng    , 1.0.40 , HAS_IPV6         ,           55,  109453, 0.01,        14, False    , off  , clang   , O2 , x86-64, uclibc-ng-1.0.40   , version_same
DS   , uclibc-ng    , 1.0.40 , HAS_IPV6         ,           60,  131510, 0.01,        16, False    , off  , clang   , O3 , arm   , uclibc-ng-1.0.41   , version_diff
DS   , uclibc-ng    , 1.0.40 , HAS_IPV6         ,           53,  135717, 0.01,        16, False    , off  , clang   , O3 , arm   , uclibc-ng-1.0.40   , version_same
DS   , uclibc-ng    , 1.0.40 , HAS_IPV6         ,           81,  132404, 0.01,        15, False    , off  , clang   , O3 , x86-64, uclibc-ng-1.0.41   , version_diff
DS   , uclibc-ng    , 1.0.40 , HAS_IPV6         ,           65,  129825, 0.01,        15, False    , off  , clang   , O3 , x86-64, uclibc-ng-1.0.40   , version_same
DS   , uclibc-ng    , 1.0.40 , HAS_IPV6         ,           69,  121483, 0.01,        15, False    , off  , gcc     , O2 , arm   , uclibc-ng-1.0.41   , version_diff
DS   , uclibc-ng    , 1.0.40 , HAS_IPV6         ,           52,  115927, 0.01,        15, False    , off  , gcc     , O2 , arm   , uclibc-ng-1.0.40   , version_same
DS   , uclibc-ng    , 1.0.40 , HAS_IPV6         ,           53,  105242, 0.01,        14, False    , off  , gcc     , O2 , x86-64, uclibc-ng-1.0.41   , version_diff
DS   , uclibc-ng    , 1.0.40 , HAS_IPV6         ,           38,  102854, 0.01,        14, False    , off  , gcc     , O2 , x86-64, uclibc-ng-1.0.40   , version_same
DS   , uclibc-ng    , 1.0.40 , HAS_IPV6         ,           41,   77467, 0.01,        12, False    , off  , gcc     , O3 , arm   , uclibc-ng-1.0.41   , version_diff
DS   , uclibc-ng    , 1.0.40 , HAS_IPV6         ,           58,  135252, 0.01,        16, False    , off  , gcc     , O3 , arm   , uclibc-ng-1.0.40   , version_same
DS   , uclibc-ng    , 1.0.40 , HAS_IPV6         ,           54,  110029, 0.01,        14, False    , off  , gcc     , O3 , x86-64, uclibc-ng-1.0.41   , version_diff
DS   , uclibc-ng    , 1.0.40 , HAS_IPV6         ,           43,  106510, 0.01,        14, False    , off  , gcc     , O3 , x86-64, uclibc-ng-1.0.40   , version_same
DS   , uclibc-ng    , 1.0.40 , HAS_IPV6         ,           56,  168885, 0.01,        17, False    , on   , clang   , O2 , arm   , uclibc-ng-1.0.41   , version_diff
DS   , uclibc-ng    , 1.0.40 , HAS_IPV6         ,           55,  181738, 0.01,        18, False    , on   , clang   , O2 , arm   , uclibc-ng-1.0.40   , version_same
DS   , uclibc-ng    , 1.0.40 , HAS_IPV6         ,           58,  138176, 0.01,        15, False    , on   , clang   , O2 , x86-64, uclibc-ng-1.0.41   , version_diff
DS   , uclibc-ng    , 1.0.40 , HAS_IPV6         ,           59,  207530, 0.01,        19, False    , on   , clang   , O2 , x86-64, uclibc-ng-1.0.40   , version_same
DS   , uclibc-ng    , 1.0.40 , HAS_IPV6         ,           72,  197006, 0.01,        19, False    , on   , clang   , O3 , arm   , uclibc-ng-1.0.41   , version_diff
DS   , uclibc-ng    , 1.0.40 , HAS_IPV6         ,           46,  149420, 0.01,        17, False    , on   , clang   , O3 , arm   , uclibc-ng-1.0.40   , version_same
DS   , uclibc-ng    , 1.0.40 , HAS_IPV6         ,           90,  204559, 0.01,        19, False    , on   , clang   , O3 , x86-64, uclibc-ng-1.0.41   , version_diff
DS   , uclibc-ng    , 1.0.40 , HAS_IPV6         ,           50,  173063, 0.01,        18, False    , on   , clang   , O3 , x86-64, uclibc-ng-1.0.40   , version_same
DS   , uclibc-ng    , 1.0.40 , HAS_IPV6         ,           38,   69575, 0.01,        11, False    , on   , gcc     , O2 , arm   , uclibc-ng-1.0.41   , version_diff
DS   , uclibc-ng    , 1.0.40 , HAS_IPV6         ,           42,  134412, 0.01,        16, False    , on   , gcc     , O2 , arm   , uclibc-ng-1.0.40   , version_same
DS   , uclibc-ng    , 1.0.40 , HAS_IPV6         ,           53,   95436, 0.01,        13, False    , on   , gcc     , O2 , x86-64, uclibc-ng-1.0.41   , version_diff
DS   , uclibc-ng    , 1.0.40 , HAS_IPV6         ,           71,  156380, 0.01,        16, False    , on   , gcc     , O2 , x86-64, uclibc-ng-1.0.40   , version_same
DS   , uclibc-ng    , 1.0.40 , HAS_IPV6         ,           64,  146324, 0.01,        16, False    , on   , gcc     , O3 , arm   , uclibc-ng-1.0.41   , version_diff
DS   , uclibc-ng    , 1.0.40 , HAS_IPV6         ,           37,   95970, 0.01,        13, False    , on   , gcc     , O3 , arm   , uclibc-ng-1.0.40   , version_same
DS   , uclibc-ng    , 1.0.40 , HAS_IPV6         ,           64,  153388, 0.01,        16, False    , on   , gcc     , O3 , x86-64, uclibc-ng-1.0.41   , version_diff
DS   , uclibc-ng    , 1.0.40 , HAS_IPV6         ,           48,  149728, 0.01,        16, False    , on   , gcc     , O3 , x86-64, uclibc-ng-1.0.40   , version_same
DS   , uclibc-ng    , 1.0.40 , HAS_REGEX        ,           47,   73187, 0.01,        12, False    , off  , clang   , O2 , arm   , uclibc-ng-1.0.41   , version_diff
DS   , uclibc-ng    , 1.0.40 , HAS_REGEX        ,           17,   33216, 0.0 ,         9, False    , off  , clang   , O2 , arm   , uclibc-ng-1.0.40   , version_same
DS   , uclibc-ng    , 1.0.40 , HAS_REGEX        ,           33,   68730, 0.01,        12, False    , off  , clang   , O2 , x86-64, uclibc-ng-1.0.41   , version_diff
DS   , uclibc-ng    , 1.0.40 , HAS_REGEX        ,           20,   42388, 0.0 ,         9, False    , off  , clang   , O2 , x86-64, uclibc-ng-1.0.40   , version_same
DS   , uclibc-ng    , 1.0.40 , HAS_REGEX        ,           21,   38497, 0.0 ,         9, False    , off  , clang   , O3 , arm   , uclibc-ng-1.0.41   , version_diff
DS   , uclibc-ng    , 1.0.40 , HAS_REGEX        ,           18,   34691, 0.0 ,         9, False    , off  , clang   , O3 , arm   , uclibc-ng-1.0.40   , version_same
DS   , uclibc-ng    , 1.0.40 , HAS_REGEX        ,           49,   76316, 0.01,        12, False    , off  , clang   , O3 , x86-64, uclibc-ng-1.0.41   , version_diff
DS   , uclibc-ng    , 1.0.40 , HAS_REGEX        ,           25,   52235, 0.0 ,        10, False    , off  , clang   , O3 , x86-64, uclibc-ng-1.0.40   , version_same
DS   , uclibc-ng    , 1.0.40 , HAS_REGEX        ,           28,   55777, 0.01,        11, False    , off  , gcc     , O2 , arm   , uclibc-ng-1.0.41   , version_diff
DS   , uclibc-ng    , 1.0.40 , HAS_REGEX        ,           18,   33816, 0.0 ,         9, False    , off  , gcc     , O2 , arm   , uclibc-ng-1.0.40   , version_same
DS   , uclibc-ng    , 1.0.40 , HAS_REGEX        ,           26,   58405, 0.01,        11, False    , off  , gcc     , O2 , x86-64, uclibc-ng-1.0.41   , version_diff
DS   , uclibc-ng    , 1.0.40 , HAS_REGEX        ,           20,   41435, 0.0 ,         9, False    , off  , gcc     , O2 , x86-64, uclibc-ng-1.0.40   , version_same
DS   , uclibc-ng    , 1.0.40 , HAS_REGEX        ,           38,   56259, 0.0 ,        11, False    , off  , gcc     , O3 , arm   , uclibc-ng-1.0.41   , version_diff
DS   , uclibc-ng    , 1.0.40 , HAS_REGEX        ,           18,   33680, 0.0 ,         9, False    , off  , gcc     , O3 , arm   , uclibc-ng-1.0.40   , version_same
DS   , uclibc-ng    , 1.0.40 , HAS_REGEX        ,           44,   79590, 0.01,        13, False    , off  , gcc     , O3 , x86-64, uclibc-ng-1.0.41   , version_diff
DS   , uclibc-ng    , 1.0.40 , HAS_REGEX        ,           18,   36164, 0.0 ,         9, False    , off  , gcc     , O3 , x86-64, uclibc-ng-1.0.40   , version_same
DS   , uclibc-ng    , 1.0.40 , HAS_REGEX        ,           26,   37125, 0.0 ,         9, False    , on   , clang   , O2 , arm   , uclibc-ng-1.0.41   , version_diff
DS   , uclibc-ng    , 1.0.40 , HAS_REGEX        ,           20,   33047, 0.0 ,         9, False    , on   , clang   , O2 , arm   , uclibc-ng-1.0.40   , version_same
DS   , uclibc-ng    , 1.0.40 , HAS_REGEX        ,           47,   70272, 0.01,        12, False    , on   , clang   , O2 , x86-64, uclibc-ng-1.0.41   , version_diff
DS   , uclibc-ng    , 1.0.40 , HAS_REGEX        ,           22,   35980, 0.0 ,         9, False    , on   , clang   , O2 , x86-64, uclibc-ng-1.0.40   , version_same
DS   , uclibc-ng    , 1.0.40 , HAS_REGEX        ,           32,   61511, 0.01,        12, False    , on   , clang   , O3 , arm   , uclibc-ng-1.0.41   , version_diff
DS   , uclibc-ng    , 1.0.40 , HAS_REGEX        ,           19,   32574, 0.0 ,         9, False    , on   , clang   , O3 , arm   , uclibc-ng-1.0.40   , version_same
DS   , uclibc-ng    , 1.0.40 , HAS_REGEX        ,           35,   47431, 0.0 ,        10, False    , on   , clang   , O3 , x86-64, uclibc-ng-1.0.41   , version_diff
DS   , uclibc-ng    , 1.0.40 , HAS_REGEX        ,           23,   36584, 0.0 ,         9, False    , on   , clang   , O3 , x86-64, uclibc-ng-1.0.40   , version_same
DS   , uclibc-ng    , 1.0.40 , HAS_REGEX        ,           32,   55938, 0.0 ,        11, False    , on   , gcc     , O2 , arm   , uclibc-ng-1.0.41   , version_diff
DS   , uclibc-ng    , 1.0.40 , HAS_REGEX        ,           19,   33337, 0.0 ,         9, False    , on   , gcc     , O2 , arm   , uclibc-ng-1.0.40   , version_same
DS   , uclibc-ng    , 1.0.40 , HAS_REGEX        ,           41,   66838, 0.01,        12, False    , on   , gcc     , O2 , x86-64, uclibc-ng-1.0.41   , version_diff
DS   , uclibc-ng    , 1.0.40 , HAS_REGEX        ,           25,   37654, 0.0 ,         9, False    , on   , gcc     , O2 , x86-64, uclibc-ng-1.0.40   , version_same
DS   , uclibc-ng    , 1.0.40 , HAS_REGEX        ,           38,   56740, 0.0 ,        11, False    , on   , gcc     , O3 , arm   , uclibc-ng-1.0.41   , version_diff
DS   , uclibc-ng    , 1.0.40 , HAS_REGEX        ,           21,   36119, 0.0 ,         9, False    , on   , gcc     , O3 , arm   , uclibc-ng-1.0.40   , version_same
DS   , uclibc-ng    , 1.0.40 , HAS_REGEX        ,           49,   85964, 0.01,        13, False    , on   , gcc     , O3 , x86-64, uclibc-ng-1.0.41   , version_diff
DS   , uclibc-ng    , 1.0.40 , HAS_REGEX        ,           28,   48355, 0.0 ,        10, False    , on   , gcc     , O3 , x86-64, uclibc-ng-1.0.40   , version_same
DS   , wget         , 1.20.3 , digest           ,           97,  102710, 0.01,        13, False    , off  , clang   , O2 , arm   , wget-1.21.4        , version_diff
DS   , wget         , 1.20.3 , digest           ,           83,  104937, 0.01,        13, False    , off  , clang   , O2 , arm   , wget-1.20.3        , version_same
DS   , wget         , 1.20.3 , digest           ,           39,  103601, 0.01,        14, False    , off  , clang   , O2 , x86-64, wget-1.21.4        , version_diff
DS   , wget         , 1.20.3 , digest           ,           53,  118404, 0.01,        14, False    , off  , clang   , O2 , x86-64, wget-1.20.3        , version_same
DS   , wget         , 1.20.3 , digest           ,           22,   37625, 0.0 ,        10, False    , off  , clang   , O3 , arm   , wget-1.21.4        , version_diff
DS   , wget         , 1.20.3 , digest           ,           41,  126612, 0.01,        15, False    , off  , clang   , O3 , arm   , wget-1.20.3        , version_same
DS   , wget         , 1.20.3 , digest           ,           74,  111677, 0.01,        14, False    , off  , clang   , O3 , x86-64, wget-1.21.4        , version_diff
DS   , wget         , 1.20.3 , digest           ,           43,  102165, 0.01,        13, False    , off  , clang   , O3 , x86-64, wget-1.20.3        , version_same
DS   , wget         , 1.20.3 , digest           ,          131,  115131, 0.01,        14, False    , off  , gcc     , O2 , arm   , wget-1.21.4        , version_diff
DS   , wget         , 1.20.3 , digest           ,          129,  115559, 0.01,        14, False    , off  , gcc     , O2 , arm   , wget-1.20.3        , version_same
DS   , wget         , 1.20.3 , digest           ,           61,  111549, 0.01,        14, False    , off  , gcc     , O2 , x86-64, wget-1.21.4        , version_diff
DS   , wget         , 1.20.3 , digest           ,           78,  127209, 0.01,        14, False    , off  , gcc     , O2 , x86-64, wget-1.20.3        , version_same
DS   , wget         , 1.20.3 , digest           ,           66,  121984, 0.01,        15, False    , off  , gcc     , O3 , arm   , wget-1.21.4        , version_diff
DS   , wget         , 1.20.3 , digest           ,           51,  131412, 0.01,        16, False    , off  , gcc     , O3 , arm   , wget-1.20.3        , version_same
DS   , wget         , 1.20.3 , digest           ,          130,  170934, 0.01,        17, False    , off  , gcc     , O3 , x86-64, wget-1.21.4        , version_diff
DS   , wget         , 1.20.3 , digest           ,           46,  141589, 0.01,        16, False    , off  , gcc     , O3 , x86-64, wget-1.20.3        , version_same
DS   , wget         , 1.20.3 , ipv6             ,           80,  280124, 0.01,        22, False    , off  , clang   , O2 , arm   , wget-1.21.4        , version_diff
DS   , wget         , 1.20.3 , ipv6             ,           79,  284997, 0.01,        22, False    , off  , clang   , O2 , arm   , wget-1.20.3        , version_same
DS   , wget         , 1.20.3 , ipv6             ,           73,  219582, 0.01,        19, False    , off  , clang   , O2 , x86-64, wget-1.21.4        , version_diff
DS   , wget         , 1.20.3 , ipv6             ,           92,  467216, 0.02,        28, False    , off  , clang   , O2 , x86-64, wget-1.20.3        , version_same
DS   , wget         , 1.20.3 , ipv6             ,           83,  227922, 0.01,        20, False    , off  , clang   , O3 , arm   , wget-1.21.4        , version_diff
DS   , wget         , 1.20.3 , ipv6             ,           69,  299080, 0.01,        23, False    , off  , clang   , O3 , arm   , wget-1.20.3        , version_same
DS   , wget         , 1.20.3 , ipv6             ,           94,  264149, 0.01,        21, False    , off  , clang   , O3 , x86-64, wget-1.21.4        , version_diff
DS   , wget         , 1.20.3 , ipv6             ,           69,  202819, 0.01,        18, False    , off  , clang   , O3 , x86-64, wget-1.20.3        , version_same
DS   , wget         , 1.20.3 , ipv6             ,           65,  129833, 0.01,        15, False    , off  , gcc     , O2 , arm   , wget-1.21.4        , version_diff
DS   , wget         , 1.20.3 , ipv6             ,           36,   96446, 0.01,        13, False    , off  , gcc     , O2 , arm   , wget-1.20.3        , version_same
DS   , wget         , 1.20.3 , ipv6             ,           97,  363135, 0.02,        25, False    , off  , gcc     , O2 , x86-64, wget-1.21.4        , version_diff
DS   , wget         , 1.20.3 , ipv6             ,           93,  349028, 0.02,        24, False    , off  , gcc     , O2 , x86-64, wget-1.20.3        , version_same
DS   , wget         , 1.20.3 , ipv6             ,           80,  255656, 0.01,        21, False    , off  , gcc     , O3 , arm   , wget-1.21.4        , version_diff
DS   , wget         , 1.20.3 , ipv6             ,           75,  284158, 0.01,        22, False    , off  , gcc     , O3 , arm   , wget-1.20.3        , version_same
DS   , wget         , 1.20.3 , ipv6             ,          112,  325530, 0.02,        23, False    , off  , gcc     , O3 , x86-64, wget-1.21.4        , version_diff
DS   , wget         , 1.20.3 , ipv6             ,          116,  624135, 0.02,        32, False    , off  , gcc     , O3 , x86-64, wget-1.20.3        , version_same
DS   , wget         , 1.20.3 , ipv6             ,           55,  117824, 0.01,        14, False    , on   , clang   , O2 , arm   , wget-1.21.4        , version_diff
DS   , wget         , 1.20.3 , ipv6             ,           52,  186716, 0.01,        18, False    , on   , clang   , O2 , arm   , wget-1.20.3        , version_same
DS   , wget         , 1.20.3 , ipv6             ,           96,  273616, 0.01,        21, False    , on   , clang   , O2 , x86-64, wget-1.21.4        , version_diff
DS   , wget         , 1.20.3 , ipv6             ,           62,  244767, 0.01,        20, False    , on   , clang   , O2 , x86-64, wget-1.20.3        , version_same
DS   , wget         , 1.20.3 , ipv6             ,           85,  263560, 0.01,        21, False    , on   , clang   , O3 , arm   , wget-1.21.4        , version_diff
DS   , wget         , 1.20.3 , ipv6             ,           89,  332611, 0.02,        23, False    , on   , clang   , O3 , arm   , wget-1.20.3        , version_same
DS   , wget         , 1.20.3 , ipv6             ,          106,  235900, 0.01,        19, False    , on   , clang   , O3 , x86-64, wget-1.21.4        , version_diff
DS   , wget         , 1.20.3 , ipv6             ,           88,  413884, 0.02,        26, False    , on   , clang   , O3 , x86-64, wget-1.20.3        , version_same
DS   , wget         , 1.20.3 , ipv6             ,           59,  132140, 0.01,        15, False    , on   , gcc     , O2 , arm   , wget-1.21.4        , version_diff
DS   , wget         , 1.20.3 , ipv6             ,          106,  686932, 0.02,        34, False    , on   , gcc     , O2 , arm   , wget-1.20.3        , version_same
DS   , wget         , 1.20.3 , ipv6             ,           97,  209338, 0.01,        18, False    , on   , gcc     , O2 , x86-64, wget-1.21.4        , version_diff
DS   , wget         , 1.20.3 , ipv6             ,           88,  384020, 0.02,        25, False    , on   , gcc     , O2 , x86-64, wget-1.20.3        , version_same
DS   , wget         , 1.20.3 , ipv6             ,           70,  198130, 0.01,        18, False    , on   , gcc     , O3 , arm   , wget-1.21.4        , version_diff
DS   , wget         , 1.20.3 , ipv6             ,           79,  325800, 0.02,        23, False    , on   , gcc     , O3 , arm   , wget-1.20.3        , version_same
DS   , wget         , 1.20.3 , ipv6             ,           79,  199028, 0.01,        18, False    , on   , gcc     , O3 , x86-64, wget-1.21.4        , version_diff
DS   , wget         , 1.20.3 , ipv6             ,           89,  477891, 0.02,        28, False    , on   , gcc     , O3 , x86-64, wget-1.20.3        , version_same
GLM  , busybox      , 1.33.1 , CONFIG_ASH       ,           43,   43534, 0.01,        10, False    , off  , clang   , O2 , arm   , busybox-1.34.1     , version_diff
GLM  , busybox      , 1.33.1 , CONFIG_ASH       ,           54,   43168, 0.01,        10, False    , off  , clang   , O2 , arm   , busybox-1.33.1     , version_same
GLM  , busybox      , 1.33.1 , CONFIG_ASH       ,           33,   51804, 0.01,        11, False    , off  , clang   , O2 , x86-64, busybox-1.34.1     , version_diff
GLM  , busybox      , 1.33.1 , CONFIG_ASH       ,           65,   46043, 0.01,        10, False    , off  , clang   , O2 , x86-64, busybox-1.33.1     , version_same
GLM  , busybox      , 1.33.1 , CONFIG_ASH       ,           32,   37580, 0.01,         9, False    , off  , clang   , O3 , arm   , busybox-1.34.1     , version_diff
GLM  , busybox      , 1.33.1 , CONFIG_ASH       ,           49,   37108, 0.01,         9, False    , off  , clang   , O3 , arm   , busybox-1.33.1     , version_same
GLM  , busybox      , 1.33.1 , CONFIG_ASH       ,           28,   37311, 0.01,         9, False    , off  , clang   , O3 , x86-64, busybox-1.34.1     , version_diff
GLM  , busybox      , 1.33.1 , CONFIG_ASH       ,           64,   42376, 0.01,        10, False    , off  , clang   , O3 , x86-64, busybox-1.33.1     , version_same
GLM  , busybox      , 1.33.1 , CONFIG_ASH       ,           31,   44401, 0.01,        10, False    , off  , gcc     , O2 , arm   , busybox-1.34.1     , version_diff
GLM  , busybox      , 1.33.1 , CONFIG_ASH       ,           40,   38072, 0.01,         9, False    , off  , gcc     , O2 , arm   , busybox-1.33.1     , version_same
GLM  , busybox      , 1.33.1 , CONFIG_ASH       ,           28,   38261, 0.01,         9, False    , off  , gcc     , O2 , x86-64, busybox-1.34.1     , version_diff
GLM  , busybox      , 1.33.1 , CONFIG_ASH       ,           43,   37710, 0.01,         9, False    , off  , gcc     , O2 , x86-64, busybox-1.33.1     , version_same
GLM  , busybox      , 1.33.1 , CONFIG_ASH       ,           31,   44323, 0.01,        10, False    , off  , gcc     , O3 , arm   , busybox-1.34.1     , version_diff
GLM  , busybox      , 1.33.1 , CONFIG_ASH       ,           45,   43515, 0.01,        10, False    , off  , gcc     , O3 , arm   , busybox-1.33.1     , version_same
GLM  , busybox      , 1.33.1 , CONFIG_ASH       ,           32,   38660, 0.01,         9, False    , off  , gcc     , O3 , x86-64, busybox-1.34.1     , version_diff
GLM  , busybox      , 1.33.1 , CONFIG_ASH       ,           42,   38052, 0.01,         9, False    , off  , gcc     , O3 , x86-64, busybox-1.33.1     , version_same
GLM  , busybox      , 1.33.1 , CONFIG_ASH       ,           29,   53388, 0.02,        10, False    , on   , clang   , O2 , arm   , busybox-1.34.1     , version_diff
GLM  , busybox      , 1.33.1 , CONFIG_ASH       ,           50,   52405, 0.02,        10, False    , on   , clang   , O2 , arm   , busybox-1.33.1     , version_same
GLM  , busybox      , 1.33.1 , CONFIG_ASH       ,           53,  162292, 0.03,        17, False    , on   , clang   , O2 , x86-64, busybox-1.34.1     , version_diff
GLM  , busybox      , 1.33.1 , CONFIG_ASH       ,           69,  123721, 0.03,        15, False    , on   , clang   , O2 , x86-64, busybox-1.33.1     , version_same
GLM  , busybox      , 1.33.1 , CONFIG_ASH       ,           35,   63902, 0.02,        11, False    , on   , clang   , O3 , arm   , busybox-1.34.1     , version_diff
GLM  , busybox      , 1.33.1 , CONFIG_ASH       ,           48,   60794, 0.02,        11, False    , on   , clang   , O3 , arm   , busybox-1.33.1     , version_same
GLM  , busybox      , 1.33.1 , CONFIG_ASH       ,           48,  128370, 0.03,        15, False    , on   , clang   , O3 , x86-64, busybox-1.34.1     , version_diff
GLM  , busybox      , 1.33.1 , CONFIG_ASH       ,           64,  109096, 0.02,        14, False    , on   , clang   , O3 , x86-64, busybox-1.33.1     , version_same
GLM  , busybox      , 1.33.1 , CONFIG_ASH       ,           30,   38479, 0.01,         9, False    , on   , gcc     , O2 , arm   , busybox-1.34.1     , version_diff
GLM  , busybox      , 1.33.1 , CONFIG_ASH       ,           41,   37784, 0.01,         9, False    , on   , gcc     , O2 , arm   , busybox-1.33.1     , version_same
GLM  , busybox      , 1.33.1 , CONFIG_ASH       ,           31,   40388, 0.01,         9, False    , on   , gcc     , O2 , x86-64, busybox-1.34.1     , version_diff
GLM  , busybox      , 1.33.1 , CONFIG_ASH       ,           50,   54522, 0.02,        10, False    , on   , gcc     , O2 , x86-64, busybox-1.33.1     , version_same
GLM  , busybox      , 1.33.1 , CONFIG_ASH       ,           40,   90292, 0.02,        13, False    , on   , gcc     , O3 , arm   , busybox-1.34.1     , version_diff
GLM  , busybox      , 1.33.1 , CONFIG_ASH       ,           47,   53261, 0.01,        10, False    , on   , gcc     , O3 , arm   , busybox-1.33.1     , version_same
GLM  , busybox      , 1.33.1 , CONFIG_ASH       ,           33,   54931, 0.02,        10, False    , on   , gcc     , O3 , x86-64, busybox-1.34.1     , version_diff
GLM  , busybox      , 1.33.1 , CONFIG_ASH       ,           41,   47565, 0.01,        10, False    , on   , gcc     , O3 , x86-64, busybox-1.33.1     , version_same
GLM  , busybox      , 1.33.1 , CONFIG_HUSH      ,           32,   57360, 0.02,         9, False    , off  , clang   , O2 , arm   , busybox-1.34.1     , version_diff
GLM  , busybox      , 1.33.1 , CONFIG_HUSH      ,           43,   67153, 0.02,        10, False    , off  , clang   , O2 , arm   , busybox-1.33.1     , version_same
GLM  , busybox      , 1.33.1 , CONFIG_HUSH      ,           33,   72664, 0.02,        11, False    , off  , clang   , O2 , x86-64, busybox-1.34.1     , version_diff
GLM  , busybox      , 1.33.1 , CONFIG_HUSH      ,           45,   64998, 0.01,        10, False    , off  , clang   , O2 , x86-64, busybox-1.33.1     , version_same
GLM  , busybox      , 1.33.1 , CONFIG_HUSH      ,           42,  106396, 0.02,        14, False    , off  , clang   , O3 , arm   , busybox-1.34.1     , version_diff
GLM  , busybox      , 1.33.1 , CONFIG_HUSH      ,           46,   58428, 0.02,         9, False    , off  , clang   , O3 , arm   , busybox-1.33.1     , version_same
GLM  , busybox      , 1.33.1 , CONFIG_HUSH      ,           25,   56774, 0.01,         9, False    , off  , clang   , O3 , x86-64, busybox-1.34.1     , version_diff
GLM  , busybox      , 1.33.1 , CONFIG_HUSH      ,           46,   66090, 0.02,        10, False    , off  , clang   , O3 , x86-64, busybox-1.33.1     , version_same
GLM  , busybox      , 1.33.1 , CONFIG_HUSH      ,           33,   59502, 0.02,         9, False    , off  , gcc     , O2 , arm   , busybox-1.34.1     , version_diff
GLM  , busybox      , 1.33.1 , CONFIG_HUSH      ,           35,   58589, 0.01,         9, False    , off  , gcc     , O2 , arm   , busybox-1.33.1     , version_same
GLM  , busybox      , 1.33.1 , CONFIG_HUSH      ,           53,   58612, 0.01,         9, False    , off  , gcc     , O2 , x86-64, busybox-1.34.1     , version_diff
GLM  , busybox      , 1.33.1 , CONFIG_HUSH      ,           43,   69011, 0.02,        10, False    , off  , gcc     , O2 , x86-64, busybox-1.33.1     , version_same
GLM  , busybox      , 1.33.1 , CONFIG_HUSH      ,           55,   59565, 0.02,         9, False    , off  , gcc     , O3 , arm   , busybox-1.34.1     , version_diff
GLM  , busybox      , 1.33.1 , CONFIG_HUSH      ,           42,   58949, 0.02,         9, False    , off  , gcc     , O3 , arm   , busybox-1.33.1     , version_same
GLM  , busybox      , 1.33.1 , CONFIG_HUSH      ,           57,   67901, 0.02,        10, False    , off  , gcc     , O3 , x86-64, busybox-1.34.1     , version_diff
GLM  , busybox      , 1.33.1 , CONFIG_HUSH      ,           49,   60077, 0.02,         9, False    , off  , gcc     , O3 , x86-64, busybox-1.33.1     , version_same
GLM  , busybox      , 1.33.1 , CONFIG_HUSH      ,           60,   68503, 0.02,         9, False    , on   , clang   , O2 , arm   , busybox-1.34.1     , version_diff
GLM  , busybox      , 1.33.1 , CONFIG_HUSH      ,           47,   81667, 0.02,        10, False    , on   , clang   , O2 , arm   , busybox-1.33.1     , version_same
GLM  , busybox      , 1.33.1 , CONFIG_HUSH      ,           50,   93465, 0.02,        11, False    , on   , clang   , O2 , x86-64, busybox-1.34.1     , version_diff
GLM  , busybox      , 1.33.1 , CONFIG_HUSH      ,           52,   95860, 0.02,        11, False    , on   , clang   , O2 , x86-64, busybox-1.33.1     , version_same
GLM  , busybox      , 1.33.1 , CONFIG_HUSH      ,           51,   90997, 0.02,        11, False    , on   , clang   , O3 , arm   , busybox-1.34.1     , version_diff
GLM  , busybox      , 1.33.1 , CONFIG_HUSH      ,           44,   97066, 0.02,        11, False    , on   , clang   , O3 , arm   , busybox-1.33.1     , version_same
GLM  , busybox      , 1.33.1 , CONFIG_HUSH      ,           56,  141234, 0.03,        14, False    , on   , clang   , O3 , x86-64, busybox-1.34.1     , version_diff
GLM  , busybox      , 1.33.1 , CONFIG_HUSH      ,           76,  180449, 0.03,        16, False    , on   , clang   , O3 , x86-64, busybox-1.33.1     , version_same
GLM  , busybox      , 1.33.1 , CONFIG_HUSH      ,           44,   81313, 0.02,        10, False    , on   , gcc     , O2 , arm   , busybox-1.34.1     , version_diff
GLM  , busybox      , 1.33.1 , CONFIG_HUSH      ,           50,  112027, 0.02,        12, False    , on   , gcc     , O2 , arm   , busybox-1.33.1     , version_same
GLM  , busybox      , 1.33.1 , CONFIG_HUSH      ,           60,  111836, 0.03,        12, False    , on   , gcc     , O2 , x86-64, busybox-1.34.1     , version_diff
GLM  , busybox      , 1.33.1 , CONFIG_HUSH      ,           52,  148765, 0.03,        14, False    , on   , gcc     , O2 , x86-64, busybox-1.33.1     , version_same
GLM  , busybox      , 1.33.1 , CONFIG_HUSH      ,           34,   69554, 0.02,         9, False    , on   , gcc     , O3 , arm   , busybox-1.34.1     , version_diff
GLM  , busybox      , 1.33.1 , CONFIG_HUSH      ,           53,   95210, 0.02,        11, False    , on   , gcc     , O3 , arm   , busybox-1.33.1     , version_same
GLM  , busybox      , 1.33.1 , CONFIG_HUSH      ,           43,   56692, 0.02,         8, False    , on   , gcc     , O3 , x86-64, busybox-1.34.1     , version_diff
GLM  , busybox      , 1.33.1 , CONFIG_HUSH      ,           39,   84607, 0.02,        10, False    , on   , gcc     , O3 , x86-64, busybox-1.33.1     , version_same
GLM  , curl         , 7.73.0 , dict             ,           53,   44513, 0.01,        11, False    , off  , clang   , O2 , arm   , curl-7.74.0        , version_diff
GLM  , curl         , 7.73.0 , dict             ,           39,   36915, 0.02,        10, False    , off  , clang   , O2 , arm   , curl-7.73.0        , version_same
GLM  , curl         , 7.73.0 , dict             ,           32,   30925, 0.01,        10, False    , off  , clang   , O2 , x86-64, curl-7.74.0        , version_diff
GLM  , curl         , 7.73.0 , dict             ,           46,   35008, 0.01,        10, False    , off  , clang   , O2 , x86-64, curl-7.73.0        , version_same
GLM  , curl         , 7.73.0 , dict             ,           32,   40752, 0.01,        10, False    , off  , clang   , O3 , arm   , curl-7.74.0        , version_diff
GLM  , curl         , 7.73.0 , dict             ,           37,   33606, 0.01,         9, False    , off  , clang   , O3 , arm   , curl-7.73.0        , version_same
GLM  , curl         , 7.73.0 , dict             ,           28,   40353, 0.01,        10, False    , off  , clang   , O3 , x86-64, curl-7.74.0        , version_diff
GLM  , curl         , 7.73.0 , dict             ,           50,   48174, 0.01,        12, False    , off  , clang   , O3 , x86-64, curl-7.73.0        , version_same
GLM  , curl         , 7.73.0 , dict             ,           29,   30256, 0.01,        10, False    , off  , gcc     , O2 , arm   , curl-7.74.0        , version_diff
GLM  , curl         , 7.73.0 , dict             ,           41,   30217, 0.01,        10, False    , off  , gcc     , O2 , arm   , curl-7.73.0        , version_same
GLM  , curl         , 7.73.0 , dict             ,           30,   35407, 0.01,        10, False    , off  , gcc     , O2 , x86-64, curl-7.74.0        , version_diff
GLM  , curl         , 7.73.0 , dict             ,           46,   35669, 0.01,        10, False    , off  , gcc     , O2 , x86-64, curl-7.73.0        , version_same
GLM  , curl         , 7.73.0 , dict             ,           30,   35017, 0.01,        10, False    , off  , gcc     , O3 , arm   , curl-7.74.0        , version_diff
GLM  , curl         , 7.73.0 , dict             ,           58,   35326, 0.01,        10, False    , off  , gcc     , O3 , arm   , curl-7.73.0        , version_same
GLM  , curl         , 7.73.0 , dict             ,           31,   43845, 0.01,        11, False    , off  , gcc     , O3 , x86-64, curl-7.74.0        , version_diff
GLM  , curl         , 7.73.0 , dict             ,           41,   30350, 0.01,         9, False    , off  , gcc     , O3 , x86-64, curl-7.73.0        , version_same
GLM  , curl         , 7.73.0 , dict             ,           18,   18007, 0.01,         6, False    , on   , clang   , O2 , arm   , curl-7.74.0        , version_diff
GLM  , curl         , 7.73.0 , dict             ,           33,   18331, 0.01,         6, False    , on   , clang   , O2 , arm   , curl-7.73.0        , version_same
GLM  , curl         , 7.73.0 , dict             ,           27,   29976, 0.01,         9, False    , on   , clang   , O2 , x86-64, curl-7.74.0        , version_diff
GLM  , curl         , 7.73.0 , dict             ,           47,   32241, 0.01,        10, False    , on   , clang   , O2 , x86-64, curl-7.73.0        , version_same
GLM  , curl         , 7.73.0 , dict             ,           25,   28719, 0.01,         8, False    , on   , clang   , O3 , arm   , curl-7.74.0        , version_diff
GLM  , curl         , 7.73.0 , dict             ,           52,   36544, 0.01,         9, False    , on   , clang   , O3 , arm   , curl-7.73.0        , version_same
GLM  , curl         , 7.73.0 , dict             ,           29,   35051, 0.01,         9, False    , on   , clang   , O3 , x86-64, curl-7.74.0        , version_diff
GLM  , curl         , 7.73.0 , dict             ,           59,   34433, 0.01,        10, False    , on   , clang   , O3 , x86-64, curl-7.73.0        , version_same
GLM  , curl         , 7.73.0 , dict             ,           31,   30194, 0.01,        10, False    , on   , gcc     , O2 , arm   , curl-7.74.0        , version_diff
GLM  , curl         , 7.73.0 , dict             ,           52,   30439, 0.01,        10, False    , on   , gcc     , O2 , arm   , curl-7.73.0        , version_same
GLM  , curl         , 7.73.0 , dict             ,           23,   21853, 0.01,         7, False    , on   , gcc     , O2 , x86-64, curl-7.74.0        , version_diff
GLM  , curl         , 7.73.0 , dict             ,           36,   22159, 0.01,         7, False    , on   , gcc     , O2 , x86-64, curl-7.73.0        , version_same
GLM  , curl         , 7.73.0 , dict             ,           28,   35904, 0.01,        10, False    , on   , gcc     , O3 , arm   , curl-7.74.0        , version_diff
GLM  , curl         , 7.73.0 , dict             ,           38,   37136, 0.01,        10, False    , on   , gcc     , O3 , arm   , curl-7.73.0        , version_same
GLM  , curl         , 7.73.0 , dict             ,           30,   32170, 0.01,        10, False    , on   , gcc     , O3 , x86-64, curl-7.74.0        , version_diff
GLM  , curl         , 7.73.0 , dict             ,           37,   32940, 0.01,        10, False    , on   , gcc     , O3 , x86-64, curl-7.73.0        , version_same
GLM  , curl         , 7.73.0 , telnet           ,           54,  166990, 0.03,        18, False    , off  , clang   , O2 , arm   , curl-7.74.0        , version_diff
GLM  , curl         , 7.73.0 , telnet           ,           81,  112390, 0.02,        15, False    , off  , clang   , O2 , arm   , curl-7.73.0        , version_same
GLM  , curl         , 7.73.0 , telnet           ,           40,   92693, 0.02,        14, False    , off  , clang   , O2 , x86-64, curl-7.74.0        , version_diff
GLM  , curl         , 7.73.0 , telnet           ,           67,  100022, 0.02,        14, False    , off  , clang   , O2 , x86-64, curl-7.73.0        , version_same
GLM  , curl         , 7.73.0 , telnet           ,           38,   84224, 0.02,        13, False    , off  , clang   , O3 , arm   , curl-7.74.0        , version_diff
GLM  , curl         , 7.73.0 , telnet           ,           78,   96199, 0.02,        14, False    , off  , clang   , O3 , arm   , curl-7.73.0        , version_same
GLM  , curl         , 7.73.0 , telnet           ,           37,   66664, 0.02,        12, False    , off  , clang   , O3 , x86-64, curl-7.74.0        , version_diff
GLM  , curl         , 7.73.0 , telnet           ,           74,   95578, 0.02,        14, False    , off  , clang   , O3 , x86-64, curl-7.73.0        , version_same
GLM  , curl         , 7.73.0 , telnet           ,           35,   67465, 0.02,        12, False    , off  , gcc     , O2 , arm   , curl-7.74.0        , version_diff
GLM  , curl         , 7.73.0 , telnet           ,           65,   85022, 0.02,        13, False    , off  , gcc     , O2 , arm   , curl-7.73.0        , version_same
GLM  , curl         , 7.73.0 , telnet           ,           45,   89320, 0.02,        14, False    , off  , gcc     , O2 , x86-64, curl-7.74.0        , version_diff
GLM  , curl         , 7.73.0 , telnet           ,           60,  118782, 0.02,        16, False    , off  , gcc     , O2 , x86-64, curl-7.73.0        , version_same
GLM  , curl         , 7.73.0 , telnet           ,           40,   61438, 0.02,        12, False    , off  , gcc     , O3 , arm   , curl-7.74.0        , version_diff
GLM  , curl         , 7.73.0 , telnet           ,           70,   88784, 0.02,        14, False    , off  , gcc     , O3 , arm   , curl-7.73.0        , version_same
GLM  , curl         , 7.73.0 , telnet           ,           49,  122778, 0.02,        16, False    , off  , gcc     , O3 , x86-64, curl-7.74.0        , version_diff
GLM  , curl         , 7.73.0 , telnet           ,          104,  242692, 0.03,        22, False    , off  , gcc     , O3 , x86-64, curl-7.73.0        , version_same
GLM  , curl         , 7.73.0 , telnet           ,           61,  138505, 0.03,        16, False    , on   , clang   , O2 , arm   , curl-7.74.0        , version_diff
GLM  , curl         , 7.73.0 , telnet           ,           44,   52372, 0.02,        10, False    , on   , clang   , O2 , arm   , curl-7.73.0        , version_same
GLM  , curl         , 7.73.0 , telnet           ,           55,  124835, 0.03,        15, False    , on   , clang   , O2 , x86-64, curl-7.74.0        , version_diff
GLM  , curl         , 7.73.0 , telnet           ,           77,  158818, 0.03,        17, False    , on   , clang   , O2 , x86-64, curl-7.73.0        , version_same
GLM  , curl         , 7.73.0 , telnet           ,           50,  106837, 0.03,        14, False    , on   , clang   , O3 , arm   , curl-7.74.0        , version_diff
GLM  , curl         , 7.73.0 , telnet           ,           45,   78289, 0.02,        12, False    , on   , clang   , O3 , arm   , curl-7.73.0        , version_same
GLM  , curl         , 7.73.0 , telnet           ,           44,   70253, 0.02,        12, False    , on   , clang   , O3 , x86-64, curl-7.74.0        , version_diff
GLM  , curl         , 7.73.0 , telnet           ,           59,   86220, 0.02,        13, False    , on   , clang   , O3 , x86-64, curl-7.73.0        , version_same
GLM  , curl         , 7.73.0 , telnet           ,           50,   78532, 0.02,        12, False    , on   , gcc     , O2 , arm   , curl-7.74.0        , version_diff
GLM  , curl         , 7.73.0 , telnet           ,           51,   54352, 0.02,        10, False    , on   , gcc     , O2 , arm   , curl-7.73.0        , version_same
GLM  , curl         , 7.73.0 , telnet           ,           30,   27904, 0.01,         7, False    , on   , gcc     , O2 , x86-64, curl-7.74.0        , version_diff
GLM  , curl         , 7.73.0 , telnet           ,           35,   26948, 0.01,         7, False    , on   , gcc     , O2 , x86-64, curl-7.73.0        , version_same
GLM  , curl         , 7.73.0 , telnet           ,           52,   92998, 0.03,        13, False    , on   , gcc     , O3 , arm   , curl-7.74.0        , version_diff
GLM  , curl         , 7.73.0 , telnet           ,           56,   77930, 0.02,        12, False    , on   , gcc     , O3 , arm   , curl-7.73.0        , version_same
GLM  , curl         , 7.73.0 , telnet           ,           52,  103556, 0.03,        14, False    , on   , gcc     , O3 , x86-64, curl-7.74.0        , version_diff
GLM  , curl         , 7.73.0 , telnet           ,           53,   77970, 0.02,        12, False    , on   , gcc     , O3 , x86-64, curl-7.73.0        , version_same
GLM  , dnsmasq      , 2.82   , HAVE_LOOP        ,           69,  156902, 0.03,        18, False    , off  , clang   , O2 , arm   , dnsmasq-2.83       , version_diff
GLM  , dnsmasq      , 2.82   , HAVE_LOOP        ,           68,  100607, 0.02,        14, False    , off  , clang   , O2 , arm   , dnsmasq-2.82       , version_same
GLM  , dnsmasq      , 2.82   , HAVE_LOOP        ,           73,  138921, 0.03,        17, False    , off  , clang   , O2 , x86-64, dnsmasq-2.83       , version_diff
GLM  , dnsmasq      , 2.82   , HAVE_LOOP        ,           60,   91201, 0.02,        13, False    , off  , clang   , O2 , x86-64, dnsmasq-2.82       , version_same
GLM  , dnsmasq      , 2.82   , HAVE_LOOP        ,           66,  173046, 0.03,        19, False    , off  , clang   , O3 , arm   , dnsmasq-2.83       , version_diff
GLM  , dnsmasq      , 2.82   , HAVE_LOOP        ,           36,   33159, 0.02,         8, False    , off  , clang   , O3 , arm   , dnsmasq-2.82       , version_same
GLM  , dnsmasq      , 2.82   , HAVE_LOOP        ,           54,  124468, 0.02,        16, False    , off  , clang   , O3 , x86-64, dnsmasq-2.83       , version_diff
GLM  , dnsmasq      , 2.82   , HAVE_LOOP        ,           63,   89527, 0.02,        13, False    , off  , clang   , O3 , x86-64, dnsmasq-2.82       , version_same
GLM  , dnsmasq      , 2.82   , HAVE_LOOP        ,           39,   85139, 0.02,        13, False    , off  , gcc     , O2 , arm   , dnsmasq-2.83       , version_diff
GLM  , dnsmasq      , 2.82   , HAVE_LOOP        ,           70,  152058, 0.03,        17, False    , off  , gcc     , O2 , arm   , dnsmasq-2.82       , version_same
GLM  , dnsmasq      , 2.82   , HAVE_LOOP        ,           53,  116794, 0.03,        15, False    , off  , gcc     , O2 , x86-64, dnsmasq-2.83       , version_diff
GLM  , dnsmasq      , 2.82   , HAVE_LOOP        ,           83,  150996, 0.03,        17, False    , off  , gcc     , O2 , x86-64, dnsmasq-2.82       , version_same
GLM  , dnsmasq      , 2.82   , HAVE_LOOP        ,           45,   95050, 0.02,        14, False    , off  , gcc     , O3 , arm   , dnsmasq-2.83       , version_diff
GLM  , dnsmasq      , 2.82   , HAVE_LOOP        ,           74,  126015, 0.02,        16, False    , off  , gcc     , O3 , arm   , dnsmasq-2.82       , version_same
GLM  , dnsmasq      , 2.82   , HAVE_LOOP        ,           57,  194409, 0.03,        19, False    , off  , gcc     , O3 , x86-64, dnsmasq-2.83       , version_diff
GLM  , dnsmasq      , 2.82   , HAVE_LOOP        ,           62,  100371, 0.02,        14, False    , off  , gcc     , O3 , x86-64, dnsmasq-2.82       , version_same
GLM  , dnsmasq      , 2.82   , HAVE_LOOP        ,           55,  140314, 0.03,        17, False    , on   , clang   , O2 , arm   , dnsmasq-2.83       , version_diff
GLM  , dnsmasq      , 2.82   , HAVE_LOOP        ,           83,  172307, 0.03,        18, False    , on   , clang   , O2 , arm   , dnsmasq-2.82       , version_same
GLM  , dnsmasq      , 2.82   , HAVE_LOOP        ,           51,  108542, 0.03,        14, False    , on   , clang   , O2 , x86-64, dnsmasq-2.83       , version_diff
GLM  , dnsmasq      , 2.82   , HAVE_LOOP        ,           92,  159911, 0.03,        17, False    , on   , clang   , O2 , x86-64, dnsmasq-2.82       , version_same
GLM  , dnsmasq      , 2.82   , HAVE_LOOP        ,           51,  142000, 0.03,        17, False    , on   , clang   , O3 , arm   , dnsmasq-2.83       , version_diff
GLM  , dnsmasq      , 2.82   , HAVE_LOOP        ,           83,  153875, 0.03,        17, False    , on   , clang   , O3 , arm   , dnsmasq-2.82       , version_same
GLM  , dnsmasq      , 2.82   , HAVE_LOOP        ,           60,  190004, 0.03,        19, False    , on   , clang   , O3 , x86-64, dnsmasq-2.83       , version_diff
GLM  , dnsmasq      , 2.82   , HAVE_LOOP        ,           67,   87618, 0.02,        13, False    , on   , clang   , O3 , x86-64, dnsmasq-2.82       , version_same
GLM  , dnsmasq      , 2.82   , HAVE_LOOP        ,           55,  161905, 0.03,        18, False    , on   , gcc     , O2 , arm   , dnsmasq-2.83       , version_diff
GLM  , dnsmasq      , 2.82   , HAVE_LOOP        ,           99,  329222, 0.04,        25, False    , on   , gcc     , O2 , arm   , dnsmasq-2.82       , version_same
GLM  , dnsmasq      , 2.82   , HAVE_LOOP        ,           53,  163344, 0.03,        18, False    , on   , gcc     , O2 , x86-64, dnsmasq-2.83       , version_diff
GLM  , dnsmasq      , 2.82   , HAVE_LOOP        ,          135,  477732, 0.05,        30, False    , on   , gcc     , O2 , x86-64, dnsmasq-2.82       , version_same
GLM  , dnsmasq      , 2.82   , HAVE_LOOP        ,           63,  186418, 0.03,        19, False    , on   , gcc     , O3 , arm   , dnsmasq-2.83       , version_diff
GLM  , dnsmasq      , 2.82   , HAVE_LOOP        ,           87,  190241, 0.03,        19, False    , on   , gcc     , O3 , arm   , dnsmasq-2.82       , version_same
GLM  , dnsmasq      , 2.82   , HAVE_LOOP        ,           47,  145705, 0.03,        17, False    , on   , gcc     , O3 , x86-64, dnsmasq-2.83       , version_diff
GLM  , dnsmasq      , 2.82   , HAVE_LOOP        ,           96,  326947, 0.04,        25, False    , on   , gcc     , O3 , x86-64, dnsmasq-2.82       , version_same
GLM  , dnsmasq      , 2.82   , HAVE_TFTP        ,           20,   25371, 0.01,         7, False    , off  , clang   , O2 , arm   , dnsmasq-2.83       , version_diff
GLM  , dnsmasq      , 2.82   , HAVE_TFTP        ,           28,   25691, 0.01,         7, False    , off  , clang   , O2 , arm   , dnsmasq-2.82       , version_same
GLM  , dnsmasq      , 2.82   , HAVE_TFTP        ,           20,   26411, 0.01,         7, False    , off  , clang   , O2 , x86-64, dnsmasq-2.83       , version_diff
GLM  , dnsmasq      , 2.82   , HAVE_TFTP        ,           31,   20026, 0.01,         6, False    , off  , clang   , O2 , x86-64, dnsmasq-2.82       , version_same
GLM  , dnsmasq      , 2.82   , HAVE_TFTP        ,           20,   25507, 0.01,         7, False    , off  , clang   , O3 , arm   , dnsmasq-2.83       , version_diff
GLM  , dnsmasq      , 2.82   , HAVE_TFTP        ,           25,   25685, 0.01,         7, False    , off  , clang   , O3 , arm   , dnsmasq-2.82       , version_same
GLM  , dnsmasq      , 2.82   , HAVE_TFTP        ,           20,   19283, 0.01,         6, False    , off  , clang   , O3 , x86-64, dnsmasq-2.83       , version_diff
GLM  , dnsmasq      , 2.82   , HAVE_TFTP        ,           21,   19322, 0.01,         6, False    , off  , clang   , O3 , x86-64, dnsmasq-2.82       , version_same
GLM  , dnsmasq      , 2.82   , HAVE_TFTP        ,           15,   13402, 0.01,         5, False    , off  , gcc     , O2 , arm   , dnsmasq-2.83       , version_diff
GLM  , dnsmasq      , 2.82   , HAVE_TFTP        ,           19,   13595, 0.01,         5, False    , off  , gcc     , O2 , arm   , dnsmasq-2.82       , version_same
GLM  , dnsmasq      , 2.82   , HAVE_TFTP        ,           20,   19541, 0.01,         6, False    , off  , gcc     , O2 , x86-64, dnsmasq-2.83       , version_diff
GLM  , dnsmasq      , 2.82   , HAVE_TFTP        ,           22,   19781, 0.01,         6, False    , off  , gcc     , O2 , x86-64, dnsmasq-2.82       , version_same
GLM  , dnsmasq      , 2.82   , HAVE_TFTP        ,           18,   18989, 0.01,         6, False    , off  , gcc     , O3 , arm   , dnsmasq-2.83       , version_diff
GLM  , dnsmasq      , 2.82   , HAVE_TFTP        ,           45,   70722, 0.02,        12, False    , off  , gcc     , O3 , arm   , dnsmasq-2.82       , version_same
GLM  , dnsmasq      , 2.82   , HAVE_TFTP        ,           40,   89636, 0.02,        13, False    , off  , gcc     , O3 , x86-64, dnsmasq-2.83       , version_diff
GLM  , dnsmasq      , 2.82   , HAVE_TFTP        ,           66,  105649, 0.02,        14, False    , off  , gcc     , O3 , x86-64, dnsmasq-2.82       , version_same
GLM  , dropbear     , 2015.71, FORWARD_TUNNEL   ,           30,   44832, 0.01,        10, False    , off  , clang   , O2 , arm   , dropbear-2016.72   , version_diff
GLM  , dropbear     , 2015.71, FORWARD_TUNNEL   ,           57,   79508, 0.02,        13, False    , off  , clang   , O2 , arm   , dropbear-2015.71   , version_same
GLM  , dropbear     , 2015.71, FORWARD_TUNNEL   ,           53,   82111, 0.02,        13, False    , off  , clang   , O2 , x86-64, dropbear-2016.72   , version_diff
GLM  , dropbear     , 2015.71, FORWARD_TUNNEL   ,           74,   77795, 0.02,        13, False    , off  , clang   , O2 , x86-64, dropbear-2015.71   , version_same
GLM  , dropbear     , 2015.71, FORWARD_TUNNEL   ,           39,   43424, 0.01,        10, False    , off  , clang   , O3 , arm   , dropbear-2016.72   , version_diff
GLM  , dropbear     , 2015.71, FORWARD_TUNNEL   ,           51,   80665, 0.02,        13, False    , off  , clang   , O3 , arm   , dropbear-2015.71   , version_same
GLM  , dropbear     , 2015.71, FORWARD_TUNNEL   ,           50,   86195, 0.02,        13, False    , off  , clang   , O3 , x86-64, dropbear-2016.72   , version_diff
GLM  , dropbear     , 2015.71, FORWARD_TUNNEL   ,           47,   72314, 0.02,        12, False    , off  , clang   , O3 , x86-64, dropbear-2015.71   , version_same
GLM  , dropbear     , 2015.71, FORWARD_TUNNEL   ,           39,   68489, 0.02,        12, False    , off  , gcc     , O2 , arm   , dropbear-2016.72   , version_diff
GLM  , dropbear     , 2015.71, FORWARD_TUNNEL   ,           53,   76878, 0.02,        13, False    , off  , gcc     , O2 , arm   , dropbear-2015.71   , version_same
GLM  , dropbear     , 2015.71, FORWARD_TUNNEL   ,           41,   84153, 0.02,        13, False    , off  , gcc     , O2 , x86-64, dropbear-2016.72   , version_diff
GLM  , dropbear     , 2015.71, FORWARD_TUNNEL   ,           62,   99699, 0.02,        14, False    , off  , gcc     , O2 , x86-64, dropbear-2015.71   , version_same
GLM  , dropbear     , 2015.71, FORWARD_TUNNEL   ,           40,   66576, 0.02,        12, False    , off  , gcc     , O3 , arm   , dropbear-2016.72   , version_diff
GLM  , dropbear     , 2015.71, FORWARD_TUNNEL   ,           54,   74900, 0.02,        13, False    , off  , gcc     , O3 , arm   , dropbear-2015.71   , version_same
GLM  , dropbear     , 2015.71, FORWARD_TUNNEL   ,           45,   90262, 0.02,        14, False    , off  , gcc     , O3 , x86-64, dropbear-2016.72   , version_diff
GLM  , dropbear     , 2015.71, FORWARD_TUNNEL   ,           57,   91258, 0.02,        14, False    , off  , gcc     , O3 , x86-64, dropbear-2015.71   , version_same
GLM  , dropbear     , 2015.71, FORWARD_TUNNEL   ,           39,   56070, 0.02,        11, False    , on   , clang   , O2 , arm   , dropbear-2016.72   , version_diff
GLM  , dropbear     , 2015.71, FORWARD_TUNNEL   ,           58,   95717, 0.02,        14, False    , on   , clang   , O2 , arm   , dropbear-2015.71   , version_same
GLM  , dropbear     , 2015.71, FORWARD_TUNNEL   ,           42,   61765, 0.02,        11, False    , on   , clang   , O2 , x86-64, dropbear-2016.72   , version_diff
GLM  , dropbear     , 2015.71, FORWARD_TUNNEL   ,           71,   85957, 0.02,        13, False    , on   , clang   , O2 , x86-64, dropbear-2015.71   , version_same
GLM  , dropbear     , 2015.71, FORWARD_TUNNEL   ,           33,   46238, 0.01,        10, False    , on   , clang   , O3 , arm   , dropbear-2016.72   , version_diff
GLM  , dropbear     , 2015.71, FORWARD_TUNNEL   ,           53,   82586, 0.02,        13, False    , on   , clang   , O3 , arm   , dropbear-2015.71   , version_same
GLM  , dropbear     , 2015.71, FORWARD_TUNNEL   ,           50,   60443, 0.02,        11, False    , on   , clang   , O3 , x86-64, dropbear-2016.72   , version_diff
GLM  , dropbear     , 2015.71, FORWARD_TUNNEL   ,           50,   70622, 0.02,        12, False    , on   , clang   , O3 , x86-64, dropbear-2015.71   , version_same
GLM  , dropbear     , 2015.71, FORWARD_TUNNEL   ,           47,   42459, 0.01,        10, False    , on   , gcc     , O2 , arm   , dropbear-2016.72   , version_diff
GLM  , dropbear     , 2015.71, FORWARD_TUNNEL   ,           39,   41751, 0.01,        10, False    , on   , gcc     , O2 , arm   , dropbear-2015.71   , version_same
GLM  , dropbear     , 2015.71, FORWARD_TUNNEL   ,           45,   89607, 0.02,        13, False    , on   , gcc     , O2 , x86-64, dropbear-2016.72   , version_diff
GLM  , dropbear     , 2015.71, FORWARD_TUNNEL   ,           57,  130385, 0.03,        17, False    , on   , gcc     , O2 , x86-64, dropbear-2015.71   , version_same
GLM  , dropbear     , 2015.71, FORWARD_TUNNEL   ,           50,   98955, 0.02,        14, False    , on   , gcc     , O3 , arm   , dropbear-2016.72   , version_diff
GLM  , dropbear     , 2015.71, FORWARD_TUNNEL   ,           52,   90737, 0.02,        14, False    , on   , gcc     , O3 , arm   , dropbear-2015.71   , version_same
GLM  , dropbear     , 2015.71, FORWARD_TUNNEL   ,           46,  102214, 0.02,        14, False    , on   , gcc     , O3 , x86-64, dropbear-2016.72   , version_diff
GLM  , dropbear     , 2015.71, FORWARD_TUNNEL   ,           50,   84482, 0.02,        13, False    , on   , gcc     , O3 , x86-64, dropbear-2015.71   , version_same
GLM  , dropbear     , 2015.71, X11FWD           ,           35,   55824, 0.02,        11, False    , off  , clang   , O2 , arm   , dropbear-2016.72   , version_diff
GLM  , dropbear     , 2015.71, X11FWD           ,           55,   95181, 0.02,        14, False    , off  , clang   , O2 , arm   , dropbear-2015.71   , version_same
GLM  , dropbear     , 2015.71, X11FWD           ,           35,   55307, 0.02,        11, False    , off  , clang   , O2 , x86-64, dropbear-2016.72   , version_diff
GLM  , dropbear     , 2015.71, X11FWD           ,           55,   98953, 0.02,        14, False    , off  , clang   , O2 , x86-64, dropbear-2015.71   , version_same
GLM  , dropbear     , 2015.71, X11FWD           ,           50,  121664, 0.02,        16, False    , off  , clang   , O3 , arm   , dropbear-2016.72   , version_diff
GLM  , dropbear     , 2015.71, X11FWD           ,           49,   92015, 0.02,        14, False    , off  , clang   , O3 , arm   , dropbear-2015.71   , version_same
GLM  , dropbear     , 2015.71, X11FWD           ,           45,  112716, 0.02,        15, False    , off  , clang   , O3 , x86-64, dropbear-2016.72   , version_diff
GLM  , dropbear     , 2015.71, X11FWD           ,           38,   61940, 0.02,        11, False    , off  , clang   , O3 , x86-64, dropbear-2015.71   , version_same
GLM  , dropbear     , 2015.71, X11FWD           ,           43,   75917, 0.02,        13, False    , off  , gcc     , O2 , arm   , dropbear-2016.72   , version_diff
GLM  , dropbear     , 2015.71, X11FWD           ,           48,   61435, 0.02,        12, False    , off  , gcc     , O2 , arm   , dropbear-2015.71   , version_same
GLM  , dropbear     , 2015.71, X11FWD           ,           45,   99344, 0.02,        14, False    , off  , gcc     , O2 , x86-64, dropbear-2016.72   , version_diff
GLM  , dropbear     , 2015.71, X11FWD           ,           33,   43282, 0.01,        10, False    , off  , gcc     , O2 , x86-64, dropbear-2015.71   , version_same
GLM  , dropbear     , 2015.71, X11FWD           ,           35,   54543, 0.02,        11, False    , off  , gcc     , O3 , arm   , dropbear-2016.72   , version_diff
GLM  , dropbear     , 2015.71, X11FWD           ,           41,   54505, 0.01,        11, False    , off  , gcc     , O3 , arm   , dropbear-2015.71   , version_same
GLM  , dropbear     , 2015.71, X11FWD           ,           46,  136555, 0.03,        16, False    , off  , gcc     , O3 , x86-64, dropbear-2016.72   , version_diff
GLM  , dropbear     , 2015.71, X11FWD           ,           55,  136470, 0.03,        16, False    , off  , gcc     , O3 , x86-64, dropbear-2015.71   , version_same
GLM  , dropbear     , 2015.71, X11FWD           ,           28,   33816, 0.01,         8, False    , on   , clang   , O2 , arm   , dropbear-2016.72   , version_diff
GLM  , dropbear     , 2015.71, X11FWD           ,           52,   60478, 0.02,        11, False    , on   , clang   , O2 , arm   , dropbear-2015.71   , version_same
GLM  , dropbear     , 2015.71, X11FWD           ,           35,   62641, 0.02,        11, False    , on   , clang   , O2 , x86-64, dropbear-2016.72   , version_diff
GLM  , dropbear     , 2015.71, X11FWD           ,           51,   62492, 0.02,        11, False    , on   , clang   , O2 , x86-64, dropbear-2015.71   , version_same
GLM  , dropbear     , 2015.71, X11FWD           ,           37,   67219, 0.02,        12, False    , on   , clang   , O3 , arm   , dropbear-2016.72   , version_diff
GLM  , dropbear     , 2015.71, X11FWD           ,           48,   74927, 0.02,        12, False    , on   , clang   , O3 , arm   , dropbear-2015.71   , version_same
GLM  , dropbear     , 2015.71, X11FWD           ,           45,   65926, 0.02,        11, False    , on   , clang   , O3 , x86-64, dropbear-2016.72   , version_diff
GLM  , dropbear     , 2015.71, X11FWD           ,           34,   34978, 0.01,         8, False    , on   , clang   , O3 , x86-64, dropbear-2015.71   , version_same
GLM  , dropbear     , 2015.71, X11FWD           ,           33,   53029, 0.01,        11, False    , on   , gcc     , O2 , arm   , dropbear-2016.72   , version_diff
GLM  , dropbear     , 2015.71, X11FWD           ,           52,   52462, 0.01,        11, False    , on   , gcc     , O2 , arm   , dropbear-2015.71   , version_same
GLM  , dropbear     , 2015.71, X11FWD           ,           44,   88066, 0.02,        13, False    , on   , gcc     , O2 , x86-64, dropbear-2016.72   , version_diff
GLM  , dropbear     , 2015.71, X11FWD           ,           58,   78598, 0.02,        13, False    , on   , gcc     , O2 , x86-64, dropbear-2015.71   , version_same
GLM  , dropbear     , 2015.71, X11FWD           ,           48,  116747, 0.02,        16, False    , on   , gcc     , O3 , arm   , dropbear-2016.72   , version_diff
GLM  , dropbear     , 2015.71, X11FWD           ,           47,   54975, 0.02,        11, False    , on   , gcc     , O3 , arm   , dropbear-2015.71   , version_same
GLM  , dropbear     , 2015.71, X11FWD           ,           33,   51819, 0.02,        10, False    , on   , gcc     , O3 , x86-64, dropbear-2016.72   , version_diff
GLM  , dropbear     , 2015.71, X11FWD           ,           60,   52132, 0.02,        10, False    , on   , gcc     , O3 , x86-64, dropbear-2015.71   , version_same
GLM  , htslib       , 1.10.2 , bz2              ,           35,   71845, 0.02,        12, False    , off  , clang   , O2 , arm   , htslib-1.11        , version_diff
GLM  , htslib       , 1.10.2 , bz2              ,           44,   42983, 0.02,         9, False    , off  , clang   , O2 , arm   , htslib-1.10.2      , version_same
GLM  , htslib       , 1.10.2 , bz2              ,           19,   20016, 0.01,         6, False    , off  , clang   , O2 , x86-64, htslib-1.11        , version_diff
GLM  , htslib       , 1.10.2 , bz2              ,           49,   78180, 0.02,        13, False    , off  , clang   , O2 , x86-64, htslib-1.10.2      , version_same
GLM  , htslib       , 1.10.2 , bz2              ,           37,   67007, 0.02,        12, False    , off  , clang   , O3 , arm   , htslib-1.11        , version_diff
GLM  , htslib       , 1.10.2 , bz2              ,           54,   83522, 0.02,        13, False    , off  , clang   , O3 , arm   , htslib-1.10.2      , version_same
GLM  , htslib       , 1.10.2 , bz2              ,           42,  108701, 0.02,        15, False    , off  , clang   , O3 , x86-64, htslib-1.11        , version_diff
GLM  , htslib       , 1.10.2 , bz2              ,           58,  132463, 0.03,        16, False    , off  , clang   , O3 , x86-64, htslib-1.10.2      , version_same
GLM  , htslib       , 1.10.2 , bz2              ,           64,  189127, 0.03,        20, False    , off  , gcc     , O2 , arm   , htslib-1.11        , version_diff
GLM  , htslib       , 1.10.2 , bz2              ,           51,  104593, 0.03,        15, False    , off  , gcc     , O2 , arm   , htslib-1.10.2      , version_same
GLM  , htslib       , 1.10.2 , bz2              ,           29,   50835, 0.01,        11, False    , off  , gcc     , O2 , x86-64, htslib-1.11        , version_diff
GLM  , htslib       , 1.10.2 , bz2              ,           83,  194060, 0.03,        20, False    , off  , gcc     , O2 , x86-64, htslib-1.10.2      , version_same
GLM  , htslib       , 1.10.2 , bz2              ,           37,   65779, 0.02,        12, False    , off  , gcc     , O3 , arm   , htslib-1.11        , version_diff
GLM  , htslib       , 1.10.2 , bz2              ,           48,   64293, 0.02,        12, False    , off  , gcc     , O3 , arm   , htslib-1.10.2      , version_same
GLM  , htslib       , 1.10.2 , bz2              ,           41,   53807, 0.02,        11, False    , off  , gcc     , O3 , x86-64, htslib-1.11        , version_diff
GLM  , htslib       , 1.10.2 , bz2              ,           86,  225646, 0.04,        21, False    , off  , gcc     , O3 , x86-64, htslib-1.10.2      , version_same
GLM  , htslib       , 1.10.2 , bz2              ,           48,   92097, 0.02,        14, False    , on   , clang   , O2 , arm   , htslib-1.11        , version_diff
GLM  , htslib       , 1.10.2 , bz2              ,           40,   48225, 0.01,        11, False    , on   , clang   , O2 , arm   , htslib-1.10.2      , version_same
GLM  , htslib       , 1.10.2 , bz2              ,           40,   96753, 0.02,        14, False    , on   , clang   , O2 , x86-64, htslib-1.11        , version_diff
GLM  , htslib       , 1.10.2 , bz2              ,           26,   23990, 0.01,         7, False    , on   , clang   , O2 , x86-64, htslib-1.10.2      , version_same
GLM  , htslib       , 1.10.2 , bz2              ,           63,  125631, 0.03,        16, False    , on   , clang   , O3 , arm   , htslib-1.11        , version_diff
GLM  , htslib       , 1.10.2 , bz2              ,           59,   63782, 0.02,        12, False    , on   , clang   , O3 , arm   , htslib-1.10.2      , version_same
GLM  , htslib       , 1.10.2 , bz2              ,           14,    9627, 0.01,         4, False    , on   , clang   , O3 , x86-64, htslib-1.11        , version_diff
GLM  , htslib       , 1.10.2 , bz2              ,           26,   30659, 0.01,         8, False    , on   , clang   , O3 , x86-64, htslib-1.10.2      , version_same
GLM  , htslib       , 1.10.2 , bz2              ,           44,   65803, 0.02,        12, False    , on   , gcc     , O2 , arm   , htslib-1.11        , version_diff
GLM  , htslib       , 1.10.2 , bz2              ,           65,   72340, 0.02,        13, False    , on   , gcc     , O2 , arm   , htslib-1.10.2      , version_same
GLM  , htslib       , 1.10.2 , bz2              ,           19,   18648, 0.01,         6, False    , on   , gcc     , O2 , x86-64, htslib-1.11        , version_diff
GLM  , htslib       , 1.10.2 , bz2              ,           31,   34839, 0.01,         9, False    , on   , gcc     , O2 , x86-64, htslib-1.10.2      , version_same
GLM  , htslib       , 1.10.2 , bz2              ,           47,   77181, 0.02,        13, False    , on   , gcc     , O3 , arm   , htslib-1.11        , version_diff
GLM  , htslib       , 1.10.2 , bz2              ,           63,   70302, 0.02,        13, False    , on   , gcc     , O3 , arm   , htslib-1.10.2      , version_same
GLM  , htslib       , 1.10.2 , bz2              ,           20,   18332, 0.01,         6, False    , on   , gcc     , O3 , x86-64, htslib-1.11        , version_diff
GLM  , htslib       , 1.10.2 , bz2              ,           42,   65212, 0.02,        12, False    , on   , gcc     , O3 , x86-64, htslib-1.10.2      , version_same
GLM  , htslib       , 1.10.2 , libcurl          ,           48,  145843, 0.02,        18, False    , off  , clang   , O2 , arm   , htslib-1.11        , version_diff
GLM  , htslib       , 1.10.2 , libcurl          ,           53,   94281, 0.02,        15, False    , off  , clang   , O2 , arm   , htslib-1.10.2      , version_same
GLM  , htslib       , 1.10.2 , libcurl          ,           31,   37308, 0.01,        10, False    , off  , clang   , O2 , x86-64, htslib-1.11        , version_diff
GLM  , htslib       , 1.10.2 , libcurl          ,           33,   31728, 0.01,         9, False    , off  , clang   , O2 , x86-64, htslib-1.10.2      , version_same
GLM  , htslib       , 1.10.2 , libcurl          ,           31,   45849, 0.01,        11, False    , off  , clang   , O3 , arm   , htslib-1.11        , version_diff
GLM  , htslib       , 1.10.2 , libcurl          ,           43,   45353, 0.01,        11, False    , off  , clang   , O3 , arm   , htslib-1.10.2      , version_same
GLM  , htslib       , 1.10.2 , libcurl          ,           36,   71169, 0.02,        12, False    , off  , clang   , O3 , x86-64, htslib-1.11        , version_diff
GLM  , htslib       , 1.10.2 , libcurl          ,           56,   54385, 0.02,        11, False    , off  , clang   , O3 , x86-64, htslib-1.10.2      , version_same
GLM  , htslib       , 1.10.2 , libcurl          ,           28,   30560, 0.01,        10, False    , off  , gcc     , O2 , arm   , htslib-1.11        , version_diff
GLM  , htslib       , 1.10.2 , libcurl          ,           28,   26245, 0.01,         9, False    , off  , gcc     , O2 , arm   , htslib-1.10.2      , version_same
GLM  , htslib       , 1.10.2 , libcurl          ,           27,   28451, 0.01,         9, False    , off  , gcc     , O2 , x86-64, htslib-1.11        , version_diff
GLM  , htslib       , 1.10.2 , libcurl          ,           32,   28011, 0.01,         9, False    , off  , gcc     , O2 , x86-64, htslib-1.10.2      , version_same
GLM  , htslib       , 1.10.2 , libcurl          ,           32,   37212, 0.01,        10, False    , off  , gcc     , O3 , arm   , htslib-1.11        , version_diff
GLM  , htslib       , 1.10.2 , libcurl          ,           36,   36390, 0.01,        10, False    , off  , gcc     , O3 , arm   , htslib-1.10.2      , version_same
GLM  , htslib       , 1.10.2 , libcurl          ,           34,   53753, 0.01,        12, False    , off  , gcc     , O3 , x86-64, htslib-1.11        , version_diff
GLM  , htslib       , 1.10.2 , libcurl          ,           54,   45776, 0.01,        11, False    , off  , gcc     , O3 , x86-64, htslib-1.10.2      , version_same
GLM  , htslib       , 1.10.2 , libcurl          ,           39,   89163, 0.02,        13, False    , on   , clang   , O2 , arm   , htslib-1.11        , version_diff
GLM  , htslib       , 1.10.2 , libcurl          ,           74,  150611, 0.03,        17, False    , on   , clang   , O2 , arm   , htslib-1.10.2      , version_same
GLM  , htslib       , 1.10.2 , libcurl          ,           35,   53034, 0.02,        10, False    , on   , clang   , O2 , x86-64, htslib-1.11        , version_diff
GLM  , htslib       , 1.10.2 , libcurl          ,           22,   19266, 0.01,         6, False    , on   , clang   , O2 , x86-64, htslib-1.10.2      , version_same
GLM  , htslib       , 1.10.2 , libcurl          ,           52,  134927, 0.03,        16, False    , on   , clang   , O3 , arm   , htslib-1.11        , version_diff
GLM  , htslib       , 1.10.2 , libcurl          ,           40,   52905, 0.02,        10, False    , on   , clang   , O3 , arm   , htslib-1.10.2      , version_same
GLM  , htslib       , 1.10.2 , libcurl          ,           34,   64294, 0.02,        11, False    , on   , clang   , O3 , x86-64, htslib-1.11        , version_diff
GLM  , htslib       , 1.10.2 , libcurl          ,           34,   34231, 0.01,         8, False    , on   , clang   , O3 , x86-64, htslib-1.10.2      , version_same
GLM  , htslib       , 1.10.2 , libcurl          ,           33,   46521, 0.01,        11, False    , on   , gcc     , O2 , arm   , htslib-1.11        , version_diff
GLM  , htslib       , 1.10.2 , libcurl          ,           29,   21919, 0.01,         7, False    , on   , gcc     , O2 , arm   , htslib-1.10.2      , version_same
GLM  , htslib       , 1.10.2 , libcurl          ,           35,   53488, 0.02,        10, False    , on   , gcc     , O2 , x86-64, htslib-1.11        , version_diff
GLM  , htslib       , 1.10.2 , libcurl          ,           50,   67760, 0.02,        12, False    , on   , gcc     , O2 , x86-64, htslib-1.10.2      , version_same
GLM  , htslib       , 1.10.2 , libcurl          ,           44,   87965, 0.02,        13, False    , on   , gcc     , O3 , arm   , htslib-1.11        , version_diff
GLM  , htslib       , 1.10.2 , libcurl          ,           47,   74706, 0.02,        12, False    , on   , gcc     , O3 , arm   , htslib-1.10.2      , version_same
GLM  , htslib       , 1.10.2 , libcurl          ,           40,   88798, 0.02,        13, False    , on   , gcc     , O3 , x86-64, htslib-1.11        , version_diff
GLM  , htslib       , 1.10.2 , libcurl          ,           29,   42341, 0.01,         9, False    , on   , gcc     , O3 , x86-64, htslib-1.10.2      , version_same
GLM  , libjpeg-turbo, 2.1.4  , arith_enc        ,           32,   47061, 0.01,        10, False    , off  , clang   , O2 , arm   , libjpeg-turbo-2.1.5, version_diff
GLM  , libjpeg-turbo, 2.1.4  , arith_enc        ,           34,   47433, 0.01,        10, False    , off  , clang   , O2 , arm   , libjpeg-turbo-2.1.4, version_same
GLM  , libjpeg-turbo, 2.1.4  , arith_enc        ,           35,   64722, 0.02,        11, False    , off  , clang   , O2 , x86-64, libjpeg-turbo-2.1.5, version_diff
GLM  , libjpeg-turbo, 2.1.4  , arith_enc        ,           49,   63963, 0.02,        11, False    , off  , clang   , O2 , x86-64, libjpeg-turbo-2.1.4, version_same
GLM  , libjpeg-turbo, 2.1.4  , arith_enc        ,           26,   46540, 0.01,        10, False    , off  , clang   , O3 , arm   , libjpeg-turbo-2.1.5, version_diff
GLM  , libjpeg-turbo, 2.1.4  , arith_enc        ,           44,   47104, 0.01,        10, False    , off  , clang   , O3 , arm   , libjpeg-turbo-2.1.4, version_same
GLM  , libjpeg-turbo, 2.1.4  , arith_enc        ,           28,   51598, 0.02,        10, False    , off  , clang   , O3 , x86-64, libjpeg-turbo-2.1.5, version_diff
GLM  , libjpeg-turbo, 2.1.4  , arith_enc        ,           39,   63855, 0.02,        11, False    , off  , clang   , O3 , x86-64, libjpeg-turbo-2.1.4, version_same
GLM  , libjpeg-turbo, 2.1.4  , arith_enc        ,           41,   71946, 0.02,        12, False    , off  , gcc     , O2 , arm   , libjpeg-turbo-2.1.5, version_diff
GLM  , libjpeg-turbo, 2.1.4  , arith_enc        ,           58,   71322, 0.02,        12, False    , off  , gcc     , O2 , arm   , libjpeg-turbo-2.1.4, version_same
GLM  , libjpeg-turbo, 2.1.4  , arith_enc        ,           43,   72161, 0.02,        12, False    , off  , gcc     , O2 , x86-64, libjpeg-turbo-2.1.5, version_diff
GLM  , libjpeg-turbo, 2.1.4  , arith_enc        ,           43,   68751, 0.02,        12, False    , off  , gcc     , O2 , x86-64, libjpeg-turbo-2.1.4, version_same
GLM  , libjpeg-turbo, 2.1.4  , arith_enc        ,           26,   26511, 0.01,         7, False    , off  , gcc     , O3 , arm   , libjpeg-turbo-2.1.5, version_diff
GLM  , libjpeg-turbo, 2.1.4  , arith_enc        ,           83,  208709, 0.03,        21, False    , off  , gcc     , O3 , arm   , libjpeg-turbo-2.1.4, version_same
GLM  , libjpeg-turbo, 2.1.4  , arith_enc        ,           48,   79249, 0.02,        13, False    , off  , gcc     , O3 , x86-64, libjpeg-turbo-2.1.5, version_diff
GLM  , libjpeg-turbo, 2.1.4  , arith_enc        ,           57,   72456, 0.02,        12, False    , off  , gcc     , O3 , x86-64, libjpeg-turbo-2.1.4, version_same
GLM  , libjpeg-turbo, 2.1.4  , arith_enc        ,           30,   53588, 0.01,        11, False    , on   , clang   , O2 , arm   , libjpeg-turbo-2.1.5, version_diff
GLM  , libjpeg-turbo, 2.1.4  , arith_enc        ,           37,   57342, 0.01,        11, False    , on   , clang   , O2 , arm   , libjpeg-turbo-2.1.4, version_same
GLM  , libjpeg-turbo, 2.1.4  , arith_enc        ,           41,   74462, 0.02,        12, False    , on   , clang   , O2 , x86-64, libjpeg-turbo-2.1.5, version_diff
GLM  , libjpeg-turbo, 2.1.4  , arith_enc        ,           37,   59459, 0.02,        11, False    , on   , clang   , O2 , x86-64, libjpeg-turbo-2.1.4, version_same
GLM  , libjpeg-turbo, 2.1.4  , arith_enc        ,           40,   89980, 0.02,        14, False    , on   , clang   , O3 , arm   , libjpeg-turbo-2.1.5, version_diff
GLM  , libjpeg-turbo, 2.1.4  , arith_enc        ,           36,   58509, 0.02,        11, False    , on   , clang   , O3 , arm   , libjpeg-turbo-2.1.4, version_same
GLM  , libjpeg-turbo, 2.1.4  , arith_enc        ,           41,   74917, 0.02,        12, False    , on   , clang   , O3 , x86-64, libjpeg-turbo-2.1.5, version_diff
GLM  , libjpeg-turbo, 2.1.4  , arith_enc        ,           66,  100574, 0.02,        14, False    , on   , clang   , O3 , x86-64, libjpeg-turbo-2.1.4, version_same
GLM  , libjpeg-turbo, 2.1.4  , arith_enc        ,           42,   79984, 0.02,        13, False    , on   , gcc     , O2 , arm   , libjpeg-turbo-2.1.5, version_diff
GLM  , libjpeg-turbo, 2.1.4  , arith_enc        ,           42,   67869, 0.02,        12, False    , on   , gcc     , O2 , arm   , libjpeg-turbo-2.1.4, version_same
GLM  , libjpeg-turbo, 2.1.4  , arith_enc        ,           36,   80508, 0.02,        13, False    , on   , gcc     , O2 , x86-64, libjpeg-turbo-2.1.5, version_diff
GLM  , libjpeg-turbo, 2.1.4  , arith_enc        ,           34,   47184, 0.01,        10, False    , on   , gcc     , O2 , x86-64, libjpeg-turbo-2.1.4, version_same
GLM  , libjpeg-turbo, 2.1.4  , arith_enc        ,           38,   68667, 0.02,        12, False    , on   , gcc     , O3 , arm   , libjpeg-turbo-2.1.5, version_diff
GLM  , libjpeg-turbo, 2.1.4  , arith_enc        ,           42,   66658, 0.02,        12, False    , on   , gcc     , O3 , arm   , libjpeg-turbo-2.1.4, version_same
GLM  , libjpeg-turbo, 2.1.4  , arith_enc        ,           40,   48139, 0.02,        10, False    , on   , gcc     , O3 , x86-64, libjpeg-turbo-2.1.5, version_diff
GLM  , libjpeg-turbo, 2.1.4  , arith_enc        ,           58,   58075, 0.02,        11, False    , on   , gcc     , O3 , x86-64, libjpeg-turbo-2.1.4, version_same
GLM  , libjpeg-turbo, 2.1.4  , simd             ,           37,   34691, 0.01,        10, False    , off  , clang   , O2 , arm   , libjpeg-turbo-2.1.5, version_diff
GLM  , libjpeg-turbo, 2.1.4  , simd             ,           62,   52359, 0.02,        10, False    , off  , clang   , O2 , arm   , libjpeg-turbo-2.1.4, version_same
GLM  , libjpeg-turbo, 2.1.4  , simd             ,           33,   35347, 0.01,        10, False    , off  , clang   , O2 , x86-64, libjpeg-turbo-2.1.5, version_diff
GLM  , libjpeg-turbo, 2.1.4  , simd             ,           50,   42191, 0.01,         9, False    , off  , clang   , O2 , x86-64, libjpeg-turbo-2.1.4, version_same
GLM  , libjpeg-turbo, 2.1.4  , simd             ,           36,   35030, 0.01,        10, False    , off  , clang   , O3 , arm   , libjpeg-turbo-2.1.5, version_diff
GLM  , libjpeg-turbo, 2.1.4  , simd             ,           61,   62682, 0.02,        11, False    , off  , clang   , O3 , arm   , libjpeg-turbo-2.1.4, version_same
GLM  , libjpeg-turbo, 2.1.4  , simd             ,           30,   30452, 0.01,         9, False    , off  , clang   , O3 , x86-64, libjpeg-turbo-2.1.5, version_diff
GLM  , libjpeg-turbo, 2.1.4  , simd             ,           41,   48933, 0.01,        10, False    , off  , clang   , O3 , x86-64, libjpeg-turbo-2.1.4, version_same
GLM  , libjpeg-turbo, 2.1.4  , simd             ,           27,   30137, 0.01,        10, False    , off  , gcc     , O2 , arm   , libjpeg-turbo-2.1.5, version_diff
GLM  , libjpeg-turbo, 2.1.4  , simd             ,           43,   50770, 0.02,        10, False    , off  , gcc     , O2 , arm   , libjpeg-turbo-2.1.4, version_same
GLM  , libjpeg-turbo, 2.1.4  , simd             ,           28,   31073, 0.01,         9, False    , off  , gcc     , O2 , x86-64, libjpeg-turbo-2.1.5, version_diff
GLM  , libjpeg-turbo, 2.1.4  , simd             ,           36,   50796, 0.01,        10, False    , off  , gcc     , O2 , x86-64, libjpeg-turbo-2.1.4, version_same
GLM  , libjpeg-turbo, 2.1.4  , simd             ,           36,   34863, 0.01,        11, False    , off  , gcc     , O3 , arm   , libjpeg-turbo-2.1.5, version_diff
GLM  , libjpeg-turbo, 2.1.4  , simd             ,           35,   43172, 0.01,         9, False    , off  , gcc     , O3 , arm   , libjpeg-turbo-2.1.4, version_same
GLM  , libjpeg-turbo, 2.1.4  , simd             ,           30,   31344, 0.01,         9, False    , off  , gcc     , O3 , x86-64, libjpeg-turbo-2.1.5, version_diff
GLM  , libjpeg-turbo, 2.1.4  , simd             ,           37,   51407, 0.01,        10, False    , off  , gcc     , O3 , x86-64, libjpeg-turbo-2.1.4, version_same
GLM  , libjpeg-turbo, 2.1.4  , simd             ,           30,   31958, 0.01,        10, False    , on   , clang   , O2 , arm   , libjpeg-turbo-2.1.5, version_diff
GLM  , libjpeg-turbo, 2.1.4  , simd             ,           47,   48130, 0.01,        10, False    , on   , clang   , O2 , arm   , libjpeg-turbo-2.1.4, version_same
GLM  , libjpeg-turbo, 2.1.4  , simd             ,           28,   32059, 0.01,         9, False    , on   , clang   , O2 , x86-64, libjpeg-turbo-2.1.5, version_diff
GLM  , libjpeg-turbo, 2.1.4  , simd             ,           56,   47296, 0.02,         9, False    , on   , clang   , O2 , x86-64, libjpeg-turbo-2.1.4, version_same
GLM  , libjpeg-turbo, 2.1.4  , simd             ,           31,   31793, 0.01,        10, False    , on   , clang   , O3 , arm   , libjpeg-turbo-2.1.5, version_diff
GLM  , libjpeg-turbo, 2.1.4  , simd             ,           50,   48354, 0.01,        10, False    , on   , clang   , O3 , arm   , libjpeg-turbo-2.1.4, version_same
GLM  , libjpeg-turbo, 2.1.4  , simd             ,           33,   37649, 0.01,        10, False    , on   , clang   , O3 , x86-64, libjpeg-turbo-2.1.5, version_diff
GLM  , libjpeg-turbo, 2.1.4  , simd             ,           41,   54169, 0.01,        10, False    , on   , clang   , O3 , x86-64, libjpeg-turbo-2.1.4, version_same
GLM  , libjpeg-turbo, 2.1.4  , simd             ,           29,   31581, 0.01,         9, False    , on   , gcc     , O2 , arm   , libjpeg-turbo-2.1.5, version_diff
GLM  , libjpeg-turbo, 2.1.4  , simd             ,           31,   45833, 0.01,         9, False    , on   , gcc     , O2 , arm   , libjpeg-turbo-2.1.4, version_same
GLM  , libjpeg-turbo, 2.1.4  , simd             ,           35,   34685, 0.01,        10, False    , on   , gcc     , O2 , x86-64, libjpeg-turbo-2.1.5, version_diff
GLM  , libjpeg-turbo, 2.1.4  , simd             ,           47,   53088, 0.02,        10, False    , on   , gcc     , O2 , x86-64, libjpeg-turbo-2.1.4, version_same
GLM  , libjpeg-turbo, 2.1.4  , simd             ,           31,   37295, 0.01,        10, False    , on   , gcc     , O3 , arm   , libjpeg-turbo-2.1.5, version_diff
GLM  , libjpeg-turbo, 2.1.4  , simd             ,           36,   46119, 0.01,         9, False    , on   , gcc     , O3 , arm   , libjpeg-turbo-2.1.4, version_same
GLM  , libjpeg-turbo, 2.1.4  , simd             ,           33,   35238, 0.01,        10, False    , on   , gcc     , O3 , x86-64, libjpeg-turbo-2.1.5, version_diff
GLM  , libjpeg-turbo, 2.1.4  , simd             ,           48,   91447, 0.02,        14, False    , on   , gcc     , O3 , x86-64, libjpeg-turbo-2.1.4, version_same
GLM  , libtiff      , 4.1.0  , defer-strile-load,           62,  141060, 0.03,        17, False    , off  , clang   , O2 , arm   , libtiff-4.2.0      , version_diff
GLM  , libtiff      , 4.1.0  , defer-strile-load,          219,  465831, 0.05,        30, False    , off  , clang   , O2 , arm   , libtiff-4.1.0      , version_same
GLM  , libtiff      , 4.1.0  , defer-strile-load,           50,   96644, 0.02,        14, False    , off  , clang   , O2 , x86-64, libtiff-4.2.0      , version_diff
GLM  , libtiff      , 4.1.0  , defer-strile-load,          211,  505111, 0.06,        31, False    , off  , clang   , O2 , x86-64, libtiff-4.1.0      , version_same
GLM  , libtiff      , 4.1.0  , defer-strile-load,           49,  109699, 0.03,        15, False    , off  , clang   , O3 , arm   , libtiff-4.2.0      , version_diff
GLM  , libtiff      , 4.1.0  , defer-strile-load,          245,  600160, 0.06,        34, False    , off  , clang   , O3 , arm   , libtiff-4.1.0      , version_same
GLM  , libtiff      , 4.1.0  , defer-strile-load,           55,  110485, 0.03,        15, False    , off  , clang   , O3 , x86-64, libtiff-4.2.0      , version_diff
GLM  , libtiff      , 4.1.0  , defer-strile-load,          215,  405699, 0.05,        28, False    , off  , clang   , O3 , x86-64, libtiff-4.1.0      , version_same
GLM  , libtiff      , 4.1.0  , defer-strile-load,           48,  104373, 0.02,        15, False    , off  , gcc     , O2 , arm   , libtiff-4.2.0      , version_diff
GLM  , libtiff      , 4.1.0  , defer-strile-load,          103,  254917, 0.04,        22, False    , off  , gcc     , O2 , arm   , libtiff-4.1.0      , version_same
GLM  , libtiff      , 4.1.0  , defer-strile-load,           55,  138778, 0.03,        17, False    , off  , gcc     , O2 , x86-64, libtiff-4.2.0      , version_diff
GLM  , libtiff      , 4.1.0  , defer-strile-load,          184,  358257, 0.05,        26, False    , off  , gcc     , O2 , x86-64, libtiff-4.1.0      , version_same
GLM  , libtiff      , 4.1.0  , defer-strile-load,           49,  117981, 0.02,        16, False    , off  , gcc     , O3 , arm   , libtiff-4.2.0      , version_diff
GLM  , libtiff      , 4.1.0  , defer-strile-load,          152,  381107, 0.05,        27, False    , off  , gcc     , O3 , arm   , libtiff-4.1.0      , version_same
GLM  , libtiff      , 4.1.0  , defer-strile-load,           71,  178959, 0.03,        19, False    , off  , gcc     , O3 , x86-64, libtiff-4.2.0      , version_diff
GLM  , libtiff      , 4.1.0  , defer-strile-load,          150,  447443, 0.05,        29, False    , off  , gcc     , O3 , x86-64, libtiff-4.1.0      , version_same
GLM  , libtiff      , 4.1.0  , defer-strile-load,           43,   95246, 0.02,        14, False    , on   , clang   , O2 , arm   , libtiff-4.2.0      , version_diff
GLM  , libtiff      , 4.1.0  , defer-strile-load,          196,  440422, 0.05,        29, False    , on   , clang   , O2 , arm   , libtiff-4.1.0      , version_same
GLM  , libtiff      , 4.1.0  , defer-strile-load,           52,  110608, 0.03,        15, False    , on   , clang   , O2 , x86-64, libtiff-4.2.0      , version_diff
GLM  , libtiff      , 4.1.0  , defer-strile-load,          154,  380859, 0.05,        27, False    , on   , clang   , O2 , x86-64, libtiff-4.1.0      , version_same
GLM  , libtiff      , 4.1.0  , defer-strile-load,           48,  115296, 0.03,        15, False    , on   , clang   , O3 , arm   , libtiff-4.2.0      , version_diff
GLM  , libtiff      , 4.1.0  , defer-strile-load,          148,  535011, 0.06,        32, False    , on   , clang   , O3 , arm   , libtiff-4.1.0      , version_same
GLM  , libtiff      , 4.1.0  , defer-strile-load,           50,  112241, 0.03,        15, False    , on   , clang   , O3 , x86-64, libtiff-4.2.0      , version_diff
GLM  , libtiff      , 4.1.0  , defer-strile-load,           98,  178648, 0.03,        19, False    , on   , clang   , O3 , x86-64, libtiff-4.1.0      , version_same
GLM  , libtiff      , 4.1.0  , defer-strile-load,           59,  130487, 0.03,        16, False    , on   , gcc     , O2 , arm   , libtiff-4.2.0      , version_diff
GLM  , libtiff      , 4.1.0  , defer-strile-load,          124,  380916, 0.04,        27, False    , on   , gcc     , O2 , arm   , libtiff-4.1.0      , version_same
GLM  , libtiff      , 4.1.0  , defer-strile-load,           54,  107856, 0.03,        14, False    , on   , gcc     , O2 , x86-64, libtiff-4.2.0      , version_diff
GLM  , libtiff      , 4.1.0  , defer-strile-load,          123,  340936, 0.05,        25, False    , on   , gcc     , O2 , x86-64, libtiff-4.1.0      , version_same
GLM  , libtiff      , 4.1.0  , defer-strile-load,           49,  108625, 0.02,        15, False    , on   , gcc     , O3 , arm   , libtiff-4.2.0      , version_diff
GLM  , libtiff      , 4.1.0  , defer-strile-load,          116,  324810, 0.04,        25, False    , on   , gcc     , O3 , arm   , libtiff-4.1.0      , version_same
GLM  , libtiff      , 4.1.0  , defer-strile-load,           86,  245960, 0.04,        22, False    , on   , gcc     , O3 , x86-64, libtiff-4.2.0      , version_diff
GLM  , libtiff      , 4.1.0  , defer-strile-load,          132,  449989, 0.06,        29, False    , on   , gcc     , O3 , x86-64, libtiff-4.1.0      , version_same
GLM  , libtiff      , 4.1.0  , strip-chopping   ,           94,  432219, 0.05,        29, False    , off  , clang   , O2 , arm   , libtiff-4.2.0      , version_diff
GLM  , libtiff      , 4.1.0  , strip-chopping   ,           81,  246181, 0.04,        22, False    , off  , clang   , O2 , arm   , libtiff-4.1.0      , version_same
GLM  , libtiff      , 4.1.0  , strip-chopping   ,           78,  229527, 0.04,        21, False    , off  , clang   , O2 , x86-64, libtiff-4.2.0      , version_diff
GLM  , libtiff      , 4.1.0  , strip-chopping   ,           68,  165068, 0.03,        18, False    , off  , clang   , O2 , x86-64, libtiff-4.1.0      , version_same
GLM  , libtiff      , 4.1.0  , strip-chopping   ,           79,  348034, 0.05,        26, False    , off  , clang   , O3 , arm   , libtiff-4.2.0      , version_diff
GLM  , libtiff      , 4.1.0  , strip-chopping   ,           83,  269424, 0.04,        23, False    , off  , clang   , O3 , arm   , libtiff-4.1.0      , version_same
GLM  , libtiff      , 4.1.0  , strip-chopping   ,           64,  253599, 0.04,        22, False    , off  , clang   , O3 , x86-64, libtiff-4.2.0      , version_diff
GLM  , libtiff      , 4.1.0  , strip-chopping   ,           88,  187050, 0.04,        19, False    , off  , clang   , O3 , x86-64, libtiff-4.1.0      , version_same
GLM  , libtiff      , 4.1.0  , strip-chopping   ,           76,  264696, 0.05,        22, False    , off  , gcc     , O2 , arm   , libtiff-4.2.0      , version_diff
GLM  , libtiff      , 4.1.0  , strip-chopping   ,           68,  120418, 0.03,        15, False    , off  , gcc     , O2 , arm   , libtiff-4.1.0      , version_same
GLM  , libtiff      , 4.1.0  , strip-chopping   ,           86,  334753, 0.05,        25, False    , off  , gcc     , O2 , x86-64, libtiff-4.2.0      , version_diff
GLM  , libtiff      , 4.1.0  , strip-chopping   ,           84,  193419, 0.04,        19, False    , off  , gcc     , O2 , x86-64, libtiff-4.1.0      , version_same
GLM  , libtiff      , 4.1.0  , strip-chopping   ,           68,  255521, 0.04,        22, False    , off  , gcc     , O3 , arm   , libtiff-4.2.0      , version_diff
GLM  , libtiff      , 4.1.0  , strip-chopping   ,           65,  169090, 0.03,        18, False    , off  , gcc     , O3 , arm   , libtiff-4.1.0      , version_same
GLM  , libtiff      , 4.1.0  , strip-chopping   ,           89,  279630, 0.04,        23, False    , off  , gcc     , O3 , x86-64, libtiff-4.2.0      , version_diff
GLM  , libtiff      , 4.1.0  , strip-chopping   ,           84,  256987, 0.04,        22, False    , off  , gcc     , O3 , x86-64, libtiff-4.1.0      , version_same
GLM  , libtiff      , 4.1.0  , strip-chopping   ,           78,  291187, 0.04,        24, False    , on   , clang   , O2 , arm   , libtiff-4.2.0      , version_diff
GLM  , libtiff      , 4.1.0  , strip-chopping   ,           90,  270996, 0.04,        23, False    , on   , clang   , O2 , arm   , libtiff-4.1.0      , version_same
GLM  , libtiff      , 4.1.0  , strip-chopping   ,           83,  313121, 0.04,        25, False    , on   , clang   , O2 , x86-64, libtiff-4.2.0      , version_diff
GLM  , libtiff      , 4.1.0  , strip-chopping   ,           85,  291315, 0.04,        24, False    , on   , clang   , O2 , x86-64, libtiff-4.1.0      , version_same
GLM  , libtiff      , 4.1.0  , strip-chopping   ,           76,  292354, 0.04,        24, False    , on   , clang   , O3 , arm   , libtiff-4.2.0      , version_diff
GLM  , libtiff      , 4.1.0  , strip-chopping   ,           80,  271486, 0.04,        23, False    , on   , clang   , O3 , arm   , libtiff-4.1.0      , version_same
GLM  , libtiff      , 4.1.0  , strip-chopping   ,           68,  189255, 0.04,        19, False    , on   , clang   , O3 , x86-64, libtiff-4.2.0      , version_diff
GLM  , libtiff      , 4.1.0  , strip-chopping   ,           70,  168625, 0.03,        18, False    , on   , clang   , O3 , x86-64, libtiff-4.1.0      , version_same
GLM  , libtiff      , 4.1.0  , strip-chopping   ,           76,  196640, 0.04,        19, False    , on   , gcc     , O2 , arm   , libtiff-4.2.0      , version_diff
GLM  , libtiff      , 4.1.0  , strip-chopping   ,           57,  119915, 0.03,        15, False    , on   , gcc     , O2 , arm   , libtiff-4.1.0      , version_same
GLM  , libtiff      , 4.1.0  , strip-chopping   ,           79,  259911, 0.04,        22, False    , on   , gcc     , O2 , x86-64, libtiff-4.2.0      , version_diff
GLM  , libtiff      , 4.1.0  , strip-chopping   ,           73,  258980, 0.04,        22, False    , on   , gcc     , O2 , x86-64, libtiff-4.1.0      , version_same
GLM  , libtiff      , 4.1.0  , strip-chopping   ,           82,  233049, 0.04,        21, False    , on   , gcc     , O3 , arm   , libtiff-4.2.0      , version_diff
GLM  , libtiff      , 4.1.0  , strip-chopping   ,           60,  168194, 0.03,        18, False    , on   , gcc     , O3 , arm   , libtiff-4.1.0      , version_same
GLM  , libtiff      , 4.1.0  , strip-chopping   ,          106,  445976, 0.05,        29, False    , on   , gcc     , O3 , x86-64, libtiff-4.2.0      , version_diff
GLM  , libtiff      , 4.1.0  , strip-chopping   ,           83,  257977, 0.04,        22, False    , on   , gcc     , O3 , x86-64, libtiff-4.1.0      , version_same
GLM  , libwebp      , 1.2.3  , near_lossless    ,           31,   28324, 0.01,         9, False    , off  , clang   , O2 , arm   , libwebp-1.2.4      , version_diff
GLM  , libwebp      , 1.2.3  , near_lossless    ,           30,   33027, 0.01,        10, False    , off  , clang   , O2 , arm   , libwebp-1.2.3      , version_same
GLM  , libwebp      , 1.2.3  , near_lossless    ,           34,   30438, 0.01,        10, False    , off  , clang   , O2 , x86-64, libwebp-1.2.4      , version_diff
GLM  , libwebp      , 1.2.3  , near_lossless    ,           34,   30963, 0.01,        10, False    , off  , clang   , O2 , x86-64, libwebp-1.2.3      , version_same
GLM  , libwebp      , 1.2.3  , near_lossless    ,           29,   26746, 0.01,         9, False    , off  , clang   , O3 , arm   , libwebp-1.2.4      , version_diff
GLM  , libwebp      , 1.2.3  , near_lossless    ,           47,   31626, 0.01,        10, False    , off  , clang   , O3 , arm   , libwebp-1.2.3      , version_same
GLM  , libwebp      , 1.2.3  , near_lossless    ,           45,   49666, 0.01,        12, False    , off  , clang   , O3 , x86-64, libwebp-1.2.4      , version_diff
GLM  , libwebp      , 1.2.3  , near_lossless    ,           55,   42856, 0.01,        11, False    , off  , clang   , O3 , x86-64, libwebp-1.2.3      , version_same
GLM  , libwebp      , 1.2.3  , near_lossless    ,           51,   64222, 0.02,        14, False    , off  , gcc     , O2 , arm   , libwebp-1.2.4      , version_diff
GLM  , libwebp      , 1.2.3  , near_lossless    ,           50,   40655, 0.02,        10, False    , off  , gcc     , O2 , arm   , libwebp-1.2.3      , version_same
GLM  , libwebp      , 1.2.3  , near_lossless    ,           39,   37326, 0.01,        10, False    , off  , gcc     , O2 , x86-64, libwebp-1.2.4      , version_diff
GLM  , libwebp      , 1.2.3  , near_lossless    ,           42,   37847, 0.01,        10, False    , off  , gcc     , O2 , x86-64, libwebp-1.2.3      , version_same
GLM  , libwebp      , 1.2.3  , near_lossless    ,           32,   32744, 0.01,        10, False    , off  , gcc     , O3 , arm   , libwebp-1.2.4      , version_diff
GLM  , libwebp      , 1.2.3  , near_lossless    ,           35,   32509, 0.01,        10, False    , off  , gcc     , O3 , arm   , libwebp-1.2.3      , version_same
GLM  , libwebp      , 1.2.3  , near_lossless    ,           32,   32773, 0.01,        10, False    , off  , gcc     , O3 , x86-64, libwebp-1.2.4      , version_diff
GLM  , libwebp      , 1.2.3  , near_lossless    ,           42,   33860, 0.01,        10, False    , off  , gcc     , O3 , x86-64, libwebp-1.2.3      , version_same
GLM  , libwebp      , 1.2.3  , near_lossless    ,           39,   32516, 0.01,        10, False    , on   , clang   , O2 , arm   , libwebp-1.2.4      , version_diff
GLM  , libwebp      , 1.2.3  , near_lossless    ,           39,   33382, 0.01,        10, False    , on   , clang   , O2 , arm   , libwebp-1.2.3      , version_same
GLM  , libwebp      , 1.2.3  , near_lossless    ,           31,   34597, 0.01,        10, False    , on   , clang   , O2 , x86-64, libwebp-1.2.4      , version_diff
GLM  , libwebp      , 1.2.3  , near_lossless    ,           45,   42041, 0.01,        11, False    , on   , clang   , O2 , x86-64, libwebp-1.2.3      , version_same
GLM  , libwebp      , 1.2.3  , near_lossless    ,           35,   31430, 0.01,        10, False    , on   , clang   , O3 , arm   , libwebp-1.2.4      , version_diff
GLM  , libwebp      , 1.2.3  , near_lossless    ,           41,   56688, 0.01,        14, False    , on   , clang   , O3 , arm   , libwebp-1.2.3      , version_same
GLM  , libwebp      , 1.2.3  , near_lossless    ,           36,   32180, 0.01,        10, False    , on   , clang   , O3 , x86-64, libwebp-1.2.4      , version_diff
GLM  , libwebp      , 1.2.3  , near_lossless    ,           32,   36309, 0.01,        11, False    , on   , clang   , O3 , x86-64, libwebp-1.2.3      , version_same
GLM  , libwebp      , 1.2.3  , near_lossless    ,           33,   36072, 0.01,        10, False    , on   , gcc     , O2 , arm   , libwebp-1.2.4      , version_diff
GLM  , libwebp      , 1.2.3  , near_lossless    ,           49,   36397, 0.01,        10, False    , on   , gcc     , O2 , arm   , libwebp-1.2.3      , version_same
GLM  , libwebp      , 1.2.3  , near_lossless    ,           32,   37852, 0.01,        10, False    , on   , gcc     , O2 , x86-64, libwebp-1.2.4      , version_diff
GLM  , libwebp      , 1.2.3  , near_lossless    ,           41,   38075, 0.02,        10, False    , on   , gcc     , O2 , x86-64, libwebp-1.2.3      , version_same
GLM  , libwebp      , 1.2.3  , near_lossless    ,           32,   36080, 0.01,        10, False    , on   , gcc     , O3 , arm   , libwebp-1.2.4      , version_diff
GLM  , libwebp      , 1.2.3  , near_lossless    ,           43,   41331, 0.01,        11, False    , on   , gcc     , O3 , arm   , libwebp-1.2.3      , version_same
GLM  , libwebp      , 1.2.3  , near_lossless    ,           42,   50642, 0.02,        11, False    , on   , gcc     , O3 , x86-64, libwebp-1.2.4      , version_diff
GLM  , libwebp      , 1.2.3  , near_lossless    ,           44,   44325, 0.01,        11, False    , on   , gcc     , O3 , x86-64, libwebp-1.2.3      , version_same
GLM  , libwebp      , 1.2.3  , threading        ,           32,   37826, 0.01,        10, False    , off  , clang   , O2 , arm   , libwebp-1.2.4      , version_diff
GLM  , libwebp      , 1.2.3  , threading        ,           31,   37894, 0.01,        10, False    , off  , clang   , O2 , arm   , libwebp-1.2.3      , version_same
GLM  , libwebp      , 1.2.3  , threading        ,           25,   34525, 0.01,         9, False    , off  , clang   , O2 , x86-64, libwebp-1.2.4      , version_diff
GLM  , libwebp      , 1.2.3  , threading        ,           30,   40908, 0.01,        10, False    , off  , clang   , O2 , x86-64, libwebp-1.2.3      , version_same
GLM  , libwebp      , 1.2.3  , threading        ,           31,   35424, 0.01,        10, False    , off  , clang   , O3 , arm   , libwebp-1.2.4      , version_diff
GLM  , libwebp      , 1.2.3  , threading        ,           31,   35040, 0.01,        10, False    , off  , clang   , O3 , arm   , libwebp-1.2.3      , version_same
GLM  , libwebp      , 1.2.3  , threading        ,           28,   29333, 0.01,         9, False    , off  , clang   , O3 , x86-64, libwebp-1.2.4      , version_diff
GLM  , libwebp      , 1.2.3  , threading        ,           47,   65575, 0.01,        15, False    , off  , clang   , O3 , x86-64, libwebp-1.2.3      , version_same
GLM  , libwebp      , 1.2.3  , threading        ,           31,   31337, 0.01,        10, False    , off  , gcc     , O2 , arm   , libwebp-1.2.4      , version_diff
GLM  , libwebp      , 1.2.3  , threading        ,           33,   31508, 0.01,        10, False    , off  , gcc     , O2 , arm   , libwebp-1.2.3      , version_same
GLM  , libwebp      , 1.2.3  , threading        ,           34,   43251, 0.01,        10, False    , off  , gcc     , O2 , x86-64, libwebp-1.2.4      , version_diff
GLM  , libwebp      , 1.2.3  , threading        ,           33,   43027, 0.01,        10, False    , off  , gcc     , O2 , x86-64, libwebp-1.2.3      , version_same
GLM  , libwebp      , 1.2.3  , threading        ,           32,   32331, 0.01,        10, False    , off  , gcc     , O3 , arm   , libwebp-1.2.4      , version_diff
GLM  , libwebp      , 1.2.3  , threading        ,           27,   27711, 0.01,         9, False    , off  , gcc     , O3 , arm   , libwebp-1.2.3      , version_same
GLM  , libwebp      , 1.2.3  , threading        ,           30,   31893, 0.01,        10, False    , off  , gcc     , O3 , x86-64, libwebp-1.2.4      , version_diff
GLM  , libwebp      , 1.2.3  , threading        ,           27,   31573, 0.01,        10, False    , off  , gcc     , O3 , x86-64, libwebp-1.2.3      , version_same
GLM  , libwebp      , 1.2.3  , threading        ,           32,   31362, 0.01,        10, False    , on   , clang   , O2 , arm   , libwebp-1.2.4      , version_diff
GLM  , libwebp      , 1.2.3  , threading        ,           34,   31483, 0.01,        10, False    , on   , clang   , O2 , arm   , libwebp-1.2.3      , version_same
GLM  , libwebp      , 1.2.3  , threading        ,           28,   32121, 0.01,        10, False    , on   , clang   , O2 , x86-64, libwebp-1.2.4      , version_diff
GLM  , libwebp      , 1.2.3  , threading        ,           38,   50097, 0.01,        13, False    , on   , clang   , O2 , x86-64, libwebp-1.2.3      , version_same
GLM  , libwebp      , 1.2.3  , threading        ,           28,   36237, 0.01,        10, False    , on   , clang   , O3 , arm   , libwebp-1.2.4      , version_diff
GLM  , libwebp      , 1.2.3  , threading        ,           32,   34343, 0.01,        10, False    , on   , clang   , O3 , arm   , libwebp-1.2.3      , version_same
GLM  , libwebp      , 1.2.3  , threading        ,           26,   27010, 0.01,         9, False    , on   , clang   , O3 , x86-64, libwebp-1.2.4      , version_diff
GLM  , libwebp      , 1.2.3  , threading        ,           25,   23095, 0.01,         8, False    , on   , clang   , O3 , x86-64, libwebp-1.2.3      , version_same
GLM  , libwebp      , 1.2.3  , threading        ,           32,   33146, 0.01,        10, False    , on   , gcc     , O2 , arm   , libwebp-1.2.4      , version_diff
GLM  , libwebp      , 1.2.3  , threading        ,           28,   33536, 0.01,        10, False    , on   , gcc     , O2 , arm   , libwebp-1.2.3      , version_same
GLM  , libwebp      , 1.2.3  , threading        ,           26,   28856, 0.01,         9, False    , on   , gcc     , O2 , x86-64, libwebp-1.2.4      , version_diff
GLM  , libwebp      , 1.2.3  , threading        ,           27,   27004, 0.01,         9, False    , on   , gcc     , O2 , x86-64, libwebp-1.2.3      , version_same
GLM  , libwebp      , 1.2.3  , threading        ,           39,   36652, 0.01,        11, False    , on   , gcc     , O3 , arm   , libwebp-1.2.4      , version_diff
GLM  , libwebp      , 1.2.3  , threading        ,           40,   36910, 0.01,        11, False    , on   , gcc     , O3 , arm   , libwebp-1.2.3      , version_same
GLM  , libwebp      , 1.2.3  , threading        ,           22,   15836, 0.01,         6, False    , on   , gcc     , O3 , x86-64, libwebp-1.2.4      , version_diff
GLM  , libwebp      , 1.2.3  , threading        ,           34,   30864, 0.01,         9, False    , on   , gcc     , O3 , x86-64, libwebp-1.2.3      , version_same
GLM  , libxml2      , 2.9.14 , http             ,           26,   30681, 0.01,         9, False    , off  , clang   , O2 , arm   , libxml2-2.10.3     , version_diff
GLM  , libxml2      , 2.9.14 , http             ,           28,   31275, 0.01,         9, False    , off  , clang   , O2 , arm   , libxml2-2.9.14     , version_same
GLM  , libxml2      , 2.9.14 , http             ,           25,   31883, 0.01,         9, False    , off  , clang   , O2 , x86-64, libxml2-2.10.3     , version_diff
GLM  , libxml2      , 2.9.14 , http             ,           28,   30894, 0.01,         9, False    , off  , clang   , O2 , x86-64, libxml2-2.9.14     , version_same
GLM  , libxml2      , 2.9.14 , http             ,           29,   39463, 0.01,        10, False    , off  , clang   , O3 , arm   , libxml2-2.10.3     , version_diff
GLM  , libxml2      , 2.9.14 , http             ,           29,   41322, 0.01,        10, False    , off  , clang   , O3 , arm   , libxml2-2.9.14     , version_same
GLM  , libxml2      , 2.9.14 , http             ,           28,   33979, 0.01,         9, False    , off  , clang   , O3 , x86-64, libxml2-2.10.3     , version_diff
GLM  , libxml2      , 2.9.14 , http             ,           27,   32660, 0.01,         9, False    , off  , clang   , O3 , x86-64, libxml2-2.9.14     , version_same
GLM  , libxml2      , 2.9.14 , http             ,           31,   42055, 0.01,        10, False    , off  , gcc     , O2 , arm   , libxml2-2.10.3     , version_diff
GLM  , libxml2      , 2.9.14 , http             ,           34,   40343, 0.01,        10, False    , off  , gcc     , O2 , arm   , libxml2-2.9.14     , version_same
GLM  , libxml2      , 2.9.14 , http             ,           31,   40026, 0.01,        10, False    , off  , gcc     , O2 , x86-64, libxml2-2.10.3     , version_diff
GLM  , libxml2      , 2.9.14 , http             ,           34,   39316, 0.01,        10, False    , off  , gcc     , O2 , x86-64, libxml2-2.9.14     , version_same
GLM  , libxml2      , 2.9.14 , http             ,           30,   35883, 0.01,        10, False    , off  , gcc     , O3 , arm   , libxml2-2.10.3     , version_diff
GLM  , libxml2      , 2.9.14 , http             ,           27,   26702, 0.01,         9, False    , off  , gcc     , O3 , arm   , libxml2-2.9.14     , version_same
GLM  , libxml2      , 2.9.14 , http             ,           30,   34331, 0.01,         9, False    , off  , gcc     , O3 , x86-64, libxml2-2.10.3     , version_diff
GLM  , libxml2      , 2.9.14 , http             ,           31,   33674, 0.01,         9, False    , off  , gcc     , O3 , x86-64, libxml2-2.9.14     , version_same
GLM  , libxml2      , 2.9.14 , http             ,           41,   73408, 0.02,        12, False    , on   , clang   , O2 , arm   , libxml2-2.10.3     , version_diff
GLM  , libxml2      , 2.9.14 , http             ,           25,   20234, 0.01,         6, False    , on   , clang   , O2 , arm   , libxml2-2.9.14     , version_same
GLM  , libxml2      , 2.9.14 , http             ,           32,   56479, 0.02,        10, False    , on   , clang   , O2 , x86-64, libxml2-2.10.3     , version_diff
GLM  , libxml2      , 2.9.14 , http             ,           25,   20409, 0.01,         6, False    , on   , clang   , O2 , x86-64, libxml2-2.9.14     , version_same
GLM  , libxml2      , 2.9.14 , http             ,           28,   38399, 0.01,         9, False    , on   , clang   , O3 , arm   , libxml2-2.10.3     , version_diff
GLM  , libxml2      , 2.9.14 , http             ,           35,   43245, 0.01,        10, False    , on   , clang   , O3 , arm   , libxml2-2.9.14     , version_same
GLM  , libxml2      , 2.9.14 , http             ,           28,   37156, 0.02,         8, False    , on   , clang   , O3 , x86-64, libxml2-2.10.3     , version_diff
GLM  , libxml2      , 2.9.14 , http             ,           30,   35449, 0.02,         8, False    , on   , clang   , O3 , x86-64, libxml2-2.9.14     , version_same
GLM  , libxml2      , 2.9.14 , http             ,           42,   54997, 0.02,        10, False    , on   , gcc     , O2 , arm   , libxml2-2.10.3     , version_diff
GLM  , libxml2      , 2.9.14 , http             ,           18,   19873, 0.01,         6, False    , on   , gcc     , O2 , arm   , libxml2-2.9.14     , version_same
GLM  , libxml2      , 2.9.14 , http             ,           35,   45333, 0.02,         9, False    , on   , gcc     , O2 , x86-64, libxml2-2.10.3     , version_diff
GLM  , libxml2      , 2.9.14 , http             ,           26,   34555, 0.01,         8, False    , on   , gcc     , O2 , x86-64, libxml2-2.9.14     , version_same
GLM  , libxml2      , 2.9.14 , http             ,           37,   39396, 0.01,         9, False    , on   , gcc     , O3 , arm   , libxml2-2.10.3     , version_diff
GLM  , libxml2      , 2.9.14 , http             ,           29,   27032, 0.01,         7, False    , on   , gcc     , O3 , arm   , libxml2-2.9.14     , version_same
GLM  , libxml2      , 2.9.14 , http             ,           37,   37024, 0.02,         8, False    , on   , gcc     , O3 , x86-64, libxml2-2.10.3     , version_diff
GLM  , libxml2      , 2.9.14 , http             ,           22,   20356, 0.01,         6, False    , on   , gcc     , O3 , x86-64, libxml2-2.9.14     , version_same
GLM  , libxml2      , 2.9.14 , zlib             ,           43,  130955, 0.02,        16, False    , off  , clang   , O2 , arm   , libxml2-2.10.3     , version_diff
GLM  , libxml2      , 2.9.14 , zlib             ,           52,  134741, 0.02,        17, False    , off  , clang   , O2 , arm   , libxml2-2.9.14     , version_same
GLM  , libxml2      , 2.9.14 , zlib             ,           47,  120857, 0.02,        16, False    , off  , clang   , O2 , x86-64, libxml2-2.10.3     , version_diff
GLM  , libxml2      , 2.9.14 , zlib             ,           61,  120809, 0.02,        16, False    , off  , clang   , O2 , x86-64, libxml2-2.9.14     , version_same
GLM  , libxml2      , 2.9.14 , zlib             ,           28,   50030, 0.01,        10, False    , off  , clang   , O3 , arm   , libxml2-2.10.3     , version_diff
GLM  , libxml2      , 2.9.14 , zlib             ,           35,   50445, 0.01,        10, False    , off  , clang   , O3 , arm   , libxml2-2.9.14     , version_same
GLM  , libxml2      , 2.9.14 , zlib             ,           28,   45463, 0.01,         9, False    , off  , clang   , O3 , x86-64, libxml2-2.10.3     , version_diff
GLM  , libxml2      , 2.9.14 , zlib             ,           32,   45464, 0.01,         9, False    , off  , clang   , O3 , x86-64, libxml2-2.9.14     , version_same
GLM  , libxml2      , 2.9.14 , zlib             ,           57,  134672, 0.03,        17, False    , off  , gcc     , O2 , arm   , libxml2-2.10.3     , version_diff
GLM  , libxml2      , 2.9.14 , zlib             ,           60,  134500, 0.02,        17, False    , off  , gcc     , O2 , arm   , libxml2-2.9.14     , version_same
GLM  , libxml2      , 2.9.14 , zlib             ,           53,  122593, 0.03,        16, False    , off  , gcc     , O2 , x86-64, libxml2-2.10.3     , version_diff
GLM  , libxml2      , 2.9.14 , zlib             ,           60,  106853, 0.02,        15, False    , off  , gcc     , O2 , x86-64, libxml2-2.9.14     , version_same
GLM  , libxml2      , 2.9.14 , zlib             ,           48,  158161, 0.03,        17, False    , off  , gcc     , O3 , arm   , libxml2-2.10.3     , version_diff
GLM  , libxml2      , 2.9.14 , zlib             ,           46,  106206, 0.02,        14, False    , off  , gcc     , O3 , arm   , libxml2-2.9.14     , version_same
GLM  , libxml2      , 2.9.14 , zlib             ,           51,  124592, 0.03,        16, False    , off  , gcc     , O3 , x86-64, libxml2-2.10.3     , version_diff
GLM  , libxml2      , 2.9.14 , zlib             ,           67,  124716, 0.03,        16, False    , off  , gcc     , O3 , x86-64, libxml2-2.9.14     , version_same
GLM  , libxml2      , 2.9.14 , zlib             ,           43,  104573, 0.02,        14, False    , on   , clang   , O2 , arm   , libxml2-2.10.3     , version_diff
GLM  , libxml2      , 2.9.14 , zlib             ,           30,   62508, 0.02,        11, False    , on   , clang   , O2 , arm   , libxml2-2.9.14     , version_same
GLM  , libxml2      , 2.9.14 , zlib             ,           26,   33848, 0.01,         8, False    , on   , clang   , O2 , x86-64, libxml2-2.10.3     , version_diff
GLM  , libxml2      , 2.9.14 , zlib             ,           48,  122445, 0.03,        15, False    , on   , clang   , O2 , x86-64, libxml2-2.9.14     , version_same
GLM  , libxml2      , 2.9.14 , zlib             ,           28,   55883, 0.01,        10, False    , on   , clang   , O3 , arm   , libxml2-2.10.3     , version_diff
GLM  , libxml2      , 2.9.14 , zlib             ,           39,   80138, 0.02,        12, False    , on   , clang   , O3 , arm   , libxml2-2.9.14     , version_same
GLM  , libxml2      , 2.9.14 , zlib             ,           34,   66651, 0.02,        11, False    , on   , clang   , O3 , x86-64, libxml2-2.10.3     , version_diff
GLM  , libxml2      , 2.9.14 , zlib             ,           35,   54399, 0.02,        10, False    , on   , clang   , O3 , x86-64, libxml2-2.9.14     , version_same
GLM  , libxml2      , 2.9.14 , zlib             ,           51,  134344, 0.03,        16, False    , on   , gcc     , O2 , arm   , libxml2-2.10.3     , version_diff
GLM  , libxml2      , 2.9.14 , zlib             ,           61,  135612, 0.03,        16, False    , on   , gcc     , O2 , arm   , libxml2-2.9.14     , version_same
GLM  , libxml2      , 2.9.14 , zlib             ,           40,   78933, 0.02,        12, False    , on   , gcc     , O2 , x86-64, libxml2-2.10.3     , version_diff
GLM  , libxml2      , 2.9.14 , zlib             ,           30,   41774, 0.01,         9, False    , on   , gcc     , O2 , x86-64, libxml2-2.9.14     , version_same
GLM  , libxml2      , 2.9.14 , zlib             ,           48,  132300, 0.03,        16, False    , on   , gcc     , O3 , arm   , libxml2-2.10.3     , version_diff
GLM  , libxml2      , 2.9.14 , zlib             ,           63,  142232, 0.03,        17, False    , on   , gcc     , O3 , arm   , libxml2-2.9.14     , version_same
GLM  , libxml2      , 2.9.14 , zlib             ,           43,  106497, 0.02,        14, False    , on   , gcc     , O3 , x86-64, libxml2-2.10.3     , version_diff
GLM  , libxml2      , 2.9.14 , zlib             ,           31,   43513, 0.02,         9, False    , on   , gcc     , O3 , x86-64, libxml2-2.9.14     , version_same
GLM  , mbedtls      , 2.6.0  , PKCS1_V21        ,           33,   30275, 0.01,         9, False    , off  , clang   , O2 , arm   , mbedtls-2.7.0      , version_diff
GLM  , mbedtls      , 2.6.0  , PKCS1_V21        ,           32,   29601, 0.01,         9, False    , off  , clang   , O2 , arm   , mbedtls-2.6.0      , version_same
GLM  , mbedtls      , 2.6.0  , PKCS1_V21        ,           39,   56836, 0.02,        13, False    , off  , clang   , O2 , x86-64, mbedtls-2.7.0      , version_diff
GLM  , mbedtls      , 2.6.0  , PKCS1_V21        ,           36,   35620, 0.01,        10, False    , off  , clang   , O2 , x86-64, mbedtls-2.6.0      , version_same
GLM  , mbedtls      , 2.6.0  , PKCS1_V21        ,           31,   29974, 0.01,         9, False    , off  , clang   , O3 , arm   , mbedtls-2.7.0      , version_diff
GLM  , mbedtls      , 2.6.0  , PKCS1_V21        ,           40,   36255, 0.01,        11, False    , off  , clang   , O3 , arm   , mbedtls-2.6.0      , version_same
GLM  , mbedtls      , 2.6.0  , PKCS1_V21        ,           30,   30441, 0.01,         9, False    , off  , clang   , O3 , x86-64, mbedtls-2.7.0      , version_diff
GLM  , mbedtls      , 2.6.0  , PKCS1_V21        ,           31,   36853, 0.01,        10, False    , off  , clang   , O3 , x86-64, mbedtls-2.6.0      , version_same
GLM  , mbedtls      , 2.6.0  , PKCS1_V21        ,           26,   26998, 0.01,         9, False    , off  , gcc     , O2 , arm   , mbedtls-2.7.0      , version_diff
GLM  , mbedtls      , 2.6.0  , PKCS1_V21        ,           31,   27302, 0.01,         9, False    , off  , gcc     , O2 , arm   , mbedtls-2.6.0      , version_same
GLM  , mbedtls      , 2.6.0  , PKCS1_V21        ,           25,   28705, 0.01,         9, False    , off  , gcc     , O2 , x86-64, mbedtls-2.7.0      , version_diff
GLM  , mbedtls      , 2.6.0  , PKCS1_V21        ,           31,   27142, 0.01,         9, False    , off  , gcc     , O2 , x86-64, mbedtls-2.6.0      , version_same
GLM  , mbedtls      , 2.6.0  , PKCS1_V21        ,           25,   27371, 0.01,         9, False    , off  , gcc     , O3 , arm   , mbedtls-2.7.0      , version_diff
GLM  , mbedtls      , 2.6.0  , PKCS1_V21        ,           30,   27845, 0.01,         9, False    , off  , gcc     , O3 , arm   , mbedtls-2.6.0      , version_same
GLM  , mbedtls      , 2.6.0  , PKCS1_V21        ,           27,   28514, 0.01,         9, False    , off  , gcc     , O3 , x86-64, mbedtls-2.7.0      , version_diff
GLM  , mbedtls      , 2.6.0  , PKCS1_V21        ,           30,   27348, 0.01,         9, False    , off  , gcc     , O3 , x86-64, mbedtls-2.6.0      , version_same
GLM  , mbedtls      , 2.6.0  , PKCS1_V21        ,           27,   27941, 0.01,         8, False    , on   , clang   , O2 , arm   , mbedtls-2.7.0      , version_diff
GLM  , mbedtls      , 2.6.0  , PKCS1_V21        ,           33,   27521, 0.01,         8, False    , on   , clang   , O2 , arm   , mbedtls-2.6.0      , version_same
GLM  , mbedtls      , 2.6.0  , PKCS1_V21        ,           36,   55178, 0.02,        11, False    , on   , clang   , O2 , x86-64, mbedtls-2.7.0      , version_diff
GLM  , mbedtls      , 2.6.0  , PKCS1_V21        ,           37,   43749, 0.02,        10, False    , on   , clang   , O2 , x86-64, mbedtls-2.6.0      , version_same
GLM  , mbedtls      , 2.6.0  , PKCS1_V21        ,           29,   33078, 0.01,         9, False    , on   , clang   , O3 , arm   , mbedtls-2.7.0      , version_diff
GLM  , mbedtls      , 2.6.0  , PKCS1_V21        ,           34,   32850, 0.01,         9, False    , on   , clang   , O3 , arm   , mbedtls-2.6.0      , version_same
GLM  , mbedtls      , 2.6.0  , PKCS1_V21        ,           34,   54729, 0.02,        11, False    , on   , clang   , O3 , x86-64, mbedtls-2.7.0      , version_diff
GLM  , mbedtls      , 2.6.0  , PKCS1_V21        ,           33,   36430, 0.01,         9, False    , on   , clang   , O3 , x86-64, mbedtls-2.6.0      , version_same
GLM  , mbedtls      , 2.6.0  , PKCS1_V21        ,           43,   83058, 0.02,        16, False    , on   , gcc     , O2 , arm   , mbedtls-2.7.0      , version_diff
GLM  , mbedtls      , 2.6.0  , PKCS1_V21        ,           60,   94779, 0.02,        17, False    , on   , gcc     , O2 , arm   , mbedtls-2.6.0      , version_same
GLM  , mbedtls      , 2.6.0  , PKCS1_V21        ,           34,   50269, 0.01,        11, False    , on   , gcc     , O2 , x86-64, mbedtls-2.7.0      , version_diff
GLM  , mbedtls      , 2.6.0  , PKCS1_V21        ,           34,   34876, 0.01,         9, False    , on   , gcc     , O2 , x86-64, mbedtls-2.6.0      , version_same
GLM  , mbedtls      , 2.6.0  , PKCS1_V21        ,           48,   93612, 0.02,        17, False    , on   , gcc     , O3 , arm   , mbedtls-2.7.0      , version_diff
GLM  , mbedtls      , 2.6.0  , PKCS1_V21        ,           27,   28436, 0.01,         9, False    , on   , gcc     , O3 , arm   , mbedtls-2.6.0      , version_same
GLM  , mbedtls      , 2.6.0  , PKCS1_V21        ,           35,   41784, 0.01,        10, False    , on   , gcc     , O3 , x86-64, mbedtls-2.7.0      , version_diff
GLM  , mbedtls      , 2.6.0  , PKCS1_V21        ,           36,   41190, 0.01,        10, False    , on   , gcc     , O3 , x86-64, mbedtls-2.6.0      , version_same
GLM  , mbedtls      , 2.6.0  , SHA256_SMALLER   ,           19,   18208, 0.01,         7, False    , off  , clang   , O2 , arm   , mbedtls-2.7.0      , version_diff
GLM  , mbedtls      , 2.6.0  , SHA256_SMALLER   ,           33,   28915, 0.02,         7, False    , off  , clang   , O2 , arm   , mbedtls-2.6.0      , version_same
GLM  , mbedtls      , 2.6.0  , SHA256_SMALLER   ,           17,   15438, 0.01,         6, False    , off  , clang   , O2 , x86-64, mbedtls-2.7.0      , version_diff
GLM  , mbedtls      , 2.6.0  , SHA256_SMALLER   ,           26,   21019, 0.01,         6, False    , off  , clang   , O2 , x86-64, mbedtls-2.6.0      , version_same
GLM  , mbedtls      , 2.6.0  , SHA256_SMALLER   ,           18,   16294, 0.01,         6, False    , off  , clang   , O3 , arm   , mbedtls-2.7.0      , version_diff
GLM  , mbedtls      , 2.6.0  , SHA256_SMALLER   ,           36,   36156, 0.02,         8, False    , off  , clang   , O3 , arm   , mbedtls-2.6.0      , version_same
GLM  , mbedtls      , 2.6.0  , SHA256_SMALLER   ,           17,   15240, 0.01,         6, False    , off  , clang   , O3 , x86-64, mbedtls-2.7.0      , version_diff
GLM  , mbedtls      , 2.6.0  , SHA256_SMALLER   ,           33,   38896, 0.02,         8, False    , off  , clang   , O3 , x86-64, mbedtls-2.6.0      , version_same
GLM  , mbedtls      , 2.6.0  , SHA256_SMALLER   ,           19,   15760, 0.01,         6, False    , off  , gcc     , O2 , arm   , mbedtls-2.7.0      , version_diff
GLM  , mbedtls      , 2.6.0  , SHA256_SMALLER   ,           32,   38917, 0.02,         8, False    , off  , gcc     , O2 , arm   , mbedtls-2.6.0      , version_same
GLM  , mbedtls      , 2.6.0  , SHA256_SMALLER   ,           22,   21473, 0.01,         7, False    , off  , gcc     , O2 , x86-64, mbedtls-2.7.0      , version_diff
GLM  , mbedtls      , 2.6.0  , SHA256_SMALLER   ,           31,   29982, 0.02,         7, False    , off  , gcc     , O2 , x86-64, mbedtls-2.6.0      , version_same
GLM  , mbedtls      , 2.6.0  , SHA256_SMALLER   ,           27,   23544, 0.01,         8, False    , off  , gcc     , O3 , arm   , mbedtls-2.7.0      , version_diff
GLM  , mbedtls      , 2.6.0  , SHA256_SMALLER   ,           30,   28582, 0.02,         7, False    , off  , gcc     , O3 , arm   , mbedtls-2.6.0      , version_same
GLM  , mbedtls      , 2.6.0  , SHA256_SMALLER   ,           24,   17007, 0.01,         6, False    , off  , gcc     , O3 , x86-64, mbedtls-2.7.0      , version_diff
GLM  , mbedtls      , 2.6.0  , SHA256_SMALLER   ,           32,   41110, 0.02,         8, False    , off  , gcc     , O3 , x86-64, mbedtls-2.6.0      , version_same
GLM  , mbedtls      , 2.6.0  , SHA256_SMALLER   ,           22,   18131, 0.01,         7, False    , on   , clang   , O2 , arm   , mbedtls-2.7.0      , version_diff
GLM  , mbedtls      , 2.6.0  , SHA256_SMALLER   ,           19,   13282, 0.01,         5, False    , on   , clang   , O2 , arm   , mbedtls-2.6.0      , version_same
GLM  , mbedtls      , 2.6.0  , SHA256_SMALLER   ,           26,   22312, 0.01,         8, False    , on   , clang   , O2 , x86-64, mbedtls-2.7.0      , version_diff
GLM  , mbedtls      , 2.6.0  , SHA256_SMALLER   ,           21,   13482, 0.01,         5, False    , on   , clang   , O2 , x86-64, mbedtls-2.6.0      , version_same
GLM  , mbedtls      , 2.6.0  , SHA256_SMALLER   ,           25,   24194, 0.01,         8, False    , on   , clang   , O3 , arm   , mbedtls-2.7.0      , version_diff
GLM  , mbedtls      , 2.6.0  , SHA256_SMALLER   ,           25,   18538, 0.01,         6, False    , on   , clang   , O3 , arm   , mbedtls-2.6.0      , version_same
GLM  , mbedtls      , 2.6.0  , SHA256_SMALLER   ,           17,   15101, 0.01,         6, False    , on   , clang   , O3 , x86-64, mbedtls-2.7.0      , version_diff
GLM  , mbedtls      , 2.6.0  , SHA256_SMALLER   ,           28,   13233, 0.01,         5, False    , on   , clang   , O3 , x86-64, mbedtls-2.6.0      , version_same
GLM  , mbedtls      , 2.6.0  , SHA256_SMALLER   ,           24,   22621, 0.01,         8, False    , on   , gcc     , O2 , arm   , mbedtls-2.7.0      , version_diff
GLM  , mbedtls      , 2.6.0  , SHA256_SMALLER   ,           19,   13124, 0.01,         5, False    , on   , gcc     , O2 , arm   , mbedtls-2.6.0      , version_same
GLM  , mbedtls      , 2.6.0  , SHA256_SMALLER   ,           23,   17502, 0.01,         6, False    , on   , gcc     , O2 , x86-64, mbedtls-2.7.0      , version_diff
GLM  , mbedtls      , 2.6.0  , SHA256_SMALLER   ,           19,   13097, 0.01,         5, False    , on   , gcc     , O2 , x86-64, mbedtls-2.6.0      , version_same
GLM  , mbedtls      , 2.6.0  , SHA256_SMALLER   ,           18,   16972, 0.01,         6, False    , on   , gcc     , O3 , arm   , mbedtls-2.7.0      , version_diff
GLM  , mbedtls      , 2.6.0  , SHA256_SMALLER   ,           24,   17360, 0.01,         6, False    , on   , gcc     , O3 , arm   , mbedtls-2.6.0      , version_same
GLM  , mbedtls      , 2.6.0  , SHA256_SMALLER   ,           16,   16899, 0.01,         6, False    , on   , gcc     , O3 , x86-64, mbedtls-2.7.0      , version_diff
GLM  , mbedtls      , 2.6.0  , SHA256_SMALLER   ,           18,    9475, 0.01,         4, False    , on   , gcc     , O3 , x86-64, mbedtls-2.6.0      , version_same
GLM  , nginx        , 1.18.0 , http_realip      ,           28,   29642, 0.01,         9, False    , off  , clang   , O2 , arm   , nginx-1.19.10      , version_diff
GLM  , nginx        , 1.18.0 , http_realip      ,           35,   30198, 0.01,         9, False    , off  , clang   , O2 , arm   , nginx-1.18.0       , version_same
GLM  , nginx        , 1.18.0 , http_realip      ,           36,   45836, 0.01,        11, False    , off  , clang   , O2 , x86-64, nginx-1.19.10      , version_diff
GLM  , nginx        , 1.18.0 , http_realip      ,           38,   45791, 0.01,        11, False    , off  , clang   , O2 , x86-64, nginx-1.18.0       , version_same
GLM  , nginx        , 1.18.0 , http_realip      ,           31,   32054, 0.01,        10, False    , off  , clang   , O3 , arm   , nginx-1.19.10      , version_diff
GLM  , nginx        , 1.18.0 , http_realip      ,           36,   32150, 0.01,        10, False    , off  , clang   , O3 , arm   , nginx-1.18.0       , version_same
GLM  , nginx        , 1.18.0 , http_realip      ,           32,   45756, 0.01,        11, False    , off  , clang   , O3 , x86-64, nginx-1.19.10      , version_diff
GLM  , nginx        , 1.18.0 , http_realip      ,           38,   45591, 0.01,        11, False    , off  , clang   , O3 , x86-64, nginx-1.18.0       , version_same
GLM  , nginx        , 1.18.0 , http_realip      ,           37,   41927, 0.01,        11, False    , off  , gcc     , O2 , arm   , nginx-1.19.10      , version_diff
GLM  , nginx        , 1.18.0 , http_realip      ,           54,   41916, 0.01,        11, False    , off  , gcc     , O2 , arm   , nginx-1.18.0       , version_same
GLM  , nginx        , 1.18.0 , http_realip      ,           35,   51334, 0.01,        11, False    , off  , gcc     , O2 , x86-64, nginx-1.19.10      , version_diff
GLM  , nginx        , 1.18.0 , http_realip      ,           49,   51753, 0.01,        11, False    , off  , gcc     , O2 , x86-64, nginx-1.18.0       , version_same
GLM  , nginx        , 1.18.0 , http_realip      ,           34,   46809, 0.01,        11, False    , off  , gcc     , O3 , arm   , nginx-1.19.10      , version_diff
GLM  , nginx        , 1.18.0 , http_realip      ,           31,   41025, 0.01,        10, False    , off  , gcc     , O3 , arm   , nginx-1.18.0       , version_same
GLM  , nginx        , 1.18.0 , http_realip      ,           34,   48552, 0.01,        11, False    , off  , gcc     , O3 , x86-64, nginx-1.19.10      , version_diff
GLM  , nginx        , 1.18.0 , http_realip      ,           32,   41504, 0.01,        10, False    , off  , gcc     , O3 , x86-64, nginx-1.18.0       , version_same
GLM  , nginx        , 1.18.0 , http_v2          ,           43,   87983, 0.02,        12, False    , off  , clang   , O2 , arm   , nginx-1.19.10      , version_diff
GLM  , nginx        , 1.18.0 , http_v2          ,           41,  105809, 0.02,        13, False    , off  , clang   , O2 , arm   , nginx-1.18.0       , version_same
GLM  , nginx        , 1.18.0 , http_v2          ,           49,  142434, 0.03,        15, False    , off  , clang   , O2 , x86-64, nginx-1.19.10      , version_diff
GLM  , nginx        , 1.18.0 , http_v2          ,           46,  130853, 0.03,        14, False    , off  , clang   , O2 , x86-64, nginx-1.18.0       , version_same
GLM  , nginx        , 1.18.0 , http_v2          ,           34,   69027, 0.02,        11, False    , off  , clang   , O3 , arm   , nginx-1.19.10      , version_diff
GLM  , nginx        , 1.18.0 , http_v2          ,           43,   90606, 0.02,        12, False    , off  , clang   , O3 , arm   , nginx-1.18.0       , version_same
GLM  , nginx        , 1.18.0 , http_v2          ,           44,  143496, 0.03,        15, False    , off  , clang   , O3 , x86-64, nginx-1.19.10      , version_diff
GLM  , nginx        , 1.18.0 , http_v2          ,           54,  134534, 0.03,        14, False    , off  , clang   , O3 , x86-64, nginx-1.18.0       , version_same
GLM  , nginx        , 1.18.0 , http_v2          ,           35,   65815, 0.02,        11, False    , off  , gcc     , O2 , arm   , nginx-1.19.10      , version_diff
GLM  , nginx        , 1.18.0 , http_v2          ,           37,   82415, 0.02,        12, False    , off  , gcc     , O2 , arm   , nginx-1.18.0       , version_same
GLM  , nginx        , 1.18.0 , http_v2          ,           43,  116014, 0.03,        14, False    , off  , gcc     , O2 , x86-64, nginx-1.19.10      , version_diff
GLM  , nginx        , 1.18.0 , http_v2          ,           42,   79826, 0.02,        11, False    , off  , gcc     , O2 , x86-64, nginx-1.18.0       , version_same
GLM  , nginx        , 1.18.0 , http_v2          ,           32,   72148, 0.02,        11, False    , off  , gcc     , O3 , arm   , nginx-1.19.10      , version_diff
GLM  , nginx        , 1.18.0 , http_v2          ,           52,   88483, 0.02,        12, False    , off  , gcc     , O3 , arm   , nginx-1.18.0       , version_same
GLM  , nginx        , 1.18.0 , http_v2          ,           37,  100705, 0.02,        13, False    , off  , gcc     , O3 , x86-64, nginx-1.19.10      , version_diff
GLM  , nginx        , 1.18.0 , http_v2          ,           57,  129942, 0.03,        14, False    , off  , gcc     , O3 , x86-64, nginx-1.18.0       , version_same
GLM  , nginx        , 1.18.0 , http_v2          ,           27,   70884, 0.02,        10, False    , on   , clang   , O2 , arm   , nginx-1.19.10      , version_diff
GLM  , nginx        , 1.18.0 , http_v2          ,           36,  103052, 0.02,        12, False    , on   , clang   , O2 , arm   , nginx-1.18.0       , version_same
GLM  , nginx        , 1.18.0 , http_v2          ,           33,   90091, 0.02,        11, False    , on   , clang   , O2 , x86-64, nginx-1.19.10      , version_diff
GLM  , nginx        , 1.18.0 , http_v2          ,           32,   67023, 0.02,         9, False    , on   , clang   , O2 , x86-64, nginx-1.18.0       , version_same
GLM  , nginx        , 1.18.0 , http_v2          ,           33,   70633, 0.02,        10, False    , on   , clang   , O3 , arm   , nginx-1.19.10      , version_diff
GLM  , nginx        , 1.18.0 , http_v2          ,           40,  104115, 0.02,        12, False    , on   , clang   , O3 , arm   , nginx-1.18.0       , version_same
GLM  , nginx        , 1.18.0 , http_v2          ,           42,  123703, 0.03,        13, False    , on   , clang   , O3 , x86-64, nginx-1.19.10      , version_diff
GLM  , nginx        , 1.18.0 , http_v2          ,           45,  131157, 0.03,        13, False    , on   , clang   , O3 , x86-64, nginx-1.18.0       , version_same
GLM  , nginx        , 1.18.0 , http_v2          ,           37,   93378, 0.02,        12, False    , on   , gcc     , O2 , arm   , nginx-1.19.10      , version_diff
GLM  , nginx        , 1.18.0 , http_v2          ,           34,   75303, 0.02,        10, False    , on   , gcc     , O2 , arm   , nginx-1.18.0       , version_same
GLM  , nginx        , 1.18.0 , http_v2          ,           27,   59846, 0.02,         9, False    , on   , gcc     , O2 , x86-64, nginx-1.19.10      , version_diff
GLM  , nginx        , 1.18.0 , http_v2          ,           26,   52993, 0.02,         8, False    , on   , gcc     , O2 , x86-64, nginx-1.18.0       , version_same
GLM  , nginx        , 1.18.0 , http_v2          ,           26,   58702, 0.02,         9, False    , on   , gcc     , O3 , arm   , nginx-1.19.10      , version_diff
GLM  , nginx        , 1.18.0 , http_v2          ,           47,   90052, 0.03,        11, False    , on   , gcc     , O3 , arm   , nginx-1.18.0       , version_same
GLM  , nginx        , 1.18.0 , http_v2          ,           34,   86545, 0.02,        11, False    , on   , gcc     , O3 , x86-64, nginx-1.19.10      , version_diff
GLM  , nginx        , 1.18.0 , http_v2          ,           30,   53015, 0.02,         8, False    , on   , gcc     , O3 , x86-64, nginx-1.18.0       , version_same
GLM  , openssl      , 1.0.1f , asm              ,           34,   59861, 0.02,        12, False    , off  , clang   , O2 , arm   , openssl-1.0.1g     , version_diff
GLM  , openssl      , 1.0.1f , asm              ,           37,   38131, 0.01,        10, False    , off  , clang   , O2 , arm   , openssl-1.0.1f     , version_same
GLM  , openssl      , 1.0.1f , asm              ,           33,   57523, 0.02,        11, False    , off  , clang   , O2 , x86-64, openssl-1.0.1g     , version_diff
GLM  , openssl      , 1.0.1f , asm              ,           38,   57294, 0.02,        11, False    , off  , clang   , O2 , x86-64, openssl-1.0.1f     , version_same
GLM  , openssl      , 1.0.1f , asm              ,           31,   51798, 0.01,        11, False    , off  , clang   , O3 , arm   , openssl-1.0.1g     , version_diff
GLM  , openssl      , 1.0.1f , asm              ,           33,   29966, 0.01,         9, False    , off  , clang   , O3 , arm   , openssl-1.0.1f     , version_same
GLM  , openssl      , 1.0.1f , asm              ,           35,   57568, 0.02,        11, False    , off  , clang   , O3 , x86-64, openssl-1.0.1g     , version_diff
GLM  , openssl      , 1.0.1f , asm              ,           41,   57257, 0.02,        11, False    , off  , clang   , O3 , x86-64, openssl-1.0.1f     , version_same
GLM  , openssl      , 1.0.1f , asm              ,           38,   65655, 0.02,        12, False    , off  , gcc     , O2 , arm   , openssl-1.0.1g     , version_diff
GLM  , openssl      , 1.0.1f , asm              ,           33,   30462, 0.01,         9, False    , off  , gcc     , O2 , arm   , openssl-1.0.1f     , version_same
GLM  , openssl      , 1.0.1f , asm              ,           36,   59925, 0.02,        11, False    , off  , gcc     , O2 , x86-64, openssl-1.0.1g     , version_diff
GLM  , openssl      , 1.0.1f , asm              ,           52,   96810, 0.02,        14, False    , off  , gcc     , O2 , x86-64, openssl-1.0.1f     , version_same
GLM  , openssl      , 1.0.1f , asm              ,           37,   56153, 0.02,        11, False    , off  , gcc     , O3 , arm   , openssl-1.0.1g     , version_diff
GLM  , openssl      , 1.0.1f , asm              ,           33,   30281, 0.01,         9, False    , off  , gcc     , O3 , arm   , openssl-1.0.1f     , version_same
GLM  , openssl      , 1.0.1f , asm              ,           39,   74128, 0.02,        12, False    , off  , gcc     , O3 , x86-64, openssl-1.0.1g     , version_diff
GLM  , openssl      , 1.0.1f , asm              ,           38,   52244, 0.01,        11, False    , off  , gcc     , O3 , x86-64, openssl-1.0.1f     , version_same
GLM  , openssl      , 1.0.1f , asm              ,           52,   93406, 0.03,        13, False    , on   , clang   , O2 , arm   , openssl-1.0.1g     , version_diff
GLM  , openssl      , 1.0.1f , asm              ,           42,   56670, 0.02,        11, False    , on   , clang   , O2 , arm   , openssl-1.0.1f     , version_same
GLM  , openssl      , 1.0.1f , asm              ,           46,  106848, 0.03,        14, False    , on   , clang   , O2 , x86-64, openssl-1.0.1g     , version_diff
GLM  , openssl      , 1.0.1f , asm              ,           61,  168290, 0.03,        18, False    , on   , clang   , O2 , x86-64, openssl-1.0.1f     , version_same
GLM  , openssl      , 1.0.1f , asm              ,           47,   87388, 0.02,        13, False    , on   , clang   , O3 , arm   , openssl-1.0.1g     , version_diff
GLM  , openssl      , 1.0.1f , asm              ,           41,   55964, 0.02,        11, False    , on   , clang   , O3 , arm   , openssl-1.0.1f     , version_same
GLM  , openssl      , 1.0.1f , asm              ,           39,   78319, 0.02,        12, False    , on   , clang   , O3 , x86-64, openssl-1.0.1g     , version_diff
GLM  , openssl      , 1.0.1f , asm              ,           44,   72571, 0.02,        12, False    , on   , clang   , O3 , x86-64, openssl-1.0.1f     , version_same
GLM  , openssl      , 1.0.1f , asm              ,           44,   88950, 0.03,        13, False    , on   , gcc     , O2 , arm   , openssl-1.0.1g     , version_diff
GLM  , openssl      , 1.0.1f , asm              ,           43,   56757, 0.02,        11, False    , on   , gcc     , O2 , arm   , openssl-1.0.1f     , version_same
GLM  , openssl      , 1.0.1f , asm              ,           33,   64139, 0.02,        11, False    , on   , gcc     , O2 , x86-64, openssl-1.0.1g     , version_diff
GLM  , openssl      , 1.0.1f , asm              ,           41,   57997, 0.02,        11, False    , on   , gcc     , O2 , x86-64, openssl-1.0.1f     , version_same
GLM  , openssl      , 1.0.1f , asm              ,           45,   88039, 0.02,        13, False    , on   , gcc     , O3 , arm   , openssl-1.0.1g     , version_diff
GLM  , openssl      , 1.0.1f , asm              ,           42,   55738, 0.02,        11, False    , on   , gcc     , O3 , arm   , openssl-1.0.1f     , version_same
GLM  , openssl      , 1.0.1f , asm              ,           44,   74154, 0.02,        12, False    , on   , gcc     , O3 , x86-64, openssl-1.0.1g     , version_diff
GLM  , openssl      , 1.0.1f , asm              ,           44,   69965, 0.02,        12, False    , on   , gcc     , O3 , x86-64, openssl-1.0.1f     , version_same
GLM  , openssl      , 1.0.1f , heartbeats       ,           81,  329050, 0.05,        25, False    , off  , clang   , O2 , arm   , openssl-1.0.1g     , version_diff
GLM  , openssl      , 1.0.1f , heartbeats       ,           70,  208724, 0.04,        20, False    , off  , clang   , O2 , arm   , openssl-1.0.1f     , version_same
GLM  , openssl      , 1.0.1f , heartbeats       ,           78,  349177, 0.05,        26, False    , off  , clang   , O2 , x86-64, openssl-1.0.1g     , version_diff
GLM  , openssl      , 1.0.1f , heartbeats       ,           85,  376324, 0.05,        26, False    , off  , clang   , O2 , x86-64, openssl-1.0.1f     , version_same
GLM  , openssl      , 1.0.1f , heartbeats       ,           75,  289694, 0.04,        24, False    , off  , clang   , O3 , arm   , openssl-1.0.1g     , version_diff
GLM  , openssl      , 1.0.1f , heartbeats       ,           85,  273925, 0.04,        23, False    , off  , clang   , O3 , arm   , openssl-1.0.1f     , version_same
GLM  , openssl      , 1.0.1f , heartbeats       ,           82,  435021, 0.05,        28, False    , off  , clang   , O3 , x86-64, openssl-1.0.1g     , version_diff
GLM  , openssl      , 1.0.1f , heartbeats       ,           86,  465142, 0.05,        29, False    , off  , clang   , O3 , x86-64, openssl-1.0.1f     , version_same
GLM  , openssl      , 1.0.1f , heartbeats       ,           56,  138513, 0.03,        17, False    , off  , gcc     , O2 , arm   , openssl-1.0.1g     , version_diff
GLM  , openssl      , 1.0.1f , heartbeats       ,           76,  321153, 0.04,        26, False    , off  , gcc     , O2 , arm   , openssl-1.0.1f     , version_same
GLM  , openssl      , 1.0.1f , heartbeats       ,          100,  457219, 0.05,        29, False    , off  , gcc     , O2 , x86-64, openssl-1.0.1g     , version_diff
GLM  , openssl      , 1.0.1f , heartbeats       ,           92,  526800, 0.06,        31, False    , off  , gcc     , O2 , x86-64, openssl-1.0.1f     , version_same
GLM  , openssl      , 1.0.1f , heartbeats       ,          104,  516389, 0.05,        33, False    , off  , gcc     , O3 , arm   , openssl-1.0.1g     , version_diff
GLM  , openssl      , 1.0.1f , heartbeats       ,           93,  511258, 0.05,        33, False    , off  , gcc     , O3 , arm   , openssl-1.0.1f     , version_same
GLM  , openssl      , 1.0.1f , heartbeats       ,          102,  571131, 0.06,        33, False    , off  , gcc     , O3 , x86-64, openssl-1.0.1g     , version_diff
GLM  , openssl      , 1.0.1f , heartbeats       ,           93,  490052, 0.05,        30, False    , off  , gcc     , O3 , x86-64, openssl-1.0.1f     , version_same
GLM  , openssl      , 1.0.1f , heartbeats       ,           43,  115261, 0.03,        15, False    , on   , clang   , O2 , arm   , openssl-1.0.1g     , version_diff
GLM  , openssl      , 1.0.1f , heartbeats       ,           20,   24565, 0.01,         7, False    , on   , clang   , O2 , arm   , openssl-1.0.1f     , version_same
GLM  , openssl      , 1.0.1f , heartbeats       ,           42,  126568, 0.03,        15, False    , on   , clang   , O2 , x86-64, openssl-1.0.1g     , version_diff
GLM  , openssl      , 1.0.1f , heartbeats       ,           47,  122820, 0.03,        15, False    , on   , clang   , O2 , x86-64, openssl-1.0.1f     , version_same
GLM  , openssl      , 1.0.1f , heartbeats       ,           48,  164513, 0.03,        18, False    , on   , clang   , O3 , arm   , openssl-1.0.1g     , version_diff
GLM  , openssl      , 1.0.1f , heartbeats       ,           92,  300849, 0.04,        24, False    , on   , clang   , O3 , arm   , openssl-1.0.1f     , version_same
GLM  , openssl      , 1.0.1f , heartbeats       ,           59,  206081, 0.04,        19, False    , on   , clang   , O3 , x86-64, openssl-1.0.1g     , version_diff
GLM  , openssl      , 1.0.1f , heartbeats       ,          108,  302881, 0.04,        23, False    , on   , clang   , O3 , x86-64, openssl-1.0.1f     , version_same
GLM  , openssl      , 1.0.1f , heartbeats       ,           56,  159536, 0.03,        18, False    , on   , gcc     , O2 , arm   , openssl-1.0.1g     , version_diff
GLM  , openssl      , 1.0.1f , heartbeats       ,           72,  130864, 0.03,        17, False    , on   , gcc     , O2 , arm   , openssl-1.0.1f     , version_same
GLM  , openssl      , 1.0.1f , heartbeats       ,           72,  237924, 0.04,        21, False    , on   , gcc     , O2 , x86-64, openssl-1.0.1g     , version_diff
GLM  , openssl      , 1.0.1f , heartbeats       ,           89,  227215, 0.04,        21, False    , on   , gcc     , O2 , x86-64, openssl-1.0.1f     , version_same
GLM  , openssl      , 1.0.1f , heartbeats       ,           98,  464398, 0.05,        31, False    , on   , gcc     , O3 , arm   , openssl-1.0.1g     , version_diff
GLM  , openssl      , 1.0.1f , heartbeats       ,           85,  319113, 0.07,        26, False    , on   , gcc     , O3 , arm   , openssl-1.0.1f     , version_same
GLM  , openssl      , 1.0.1f , heartbeats       ,           69,  197964, 0.04,        19, False    , on   , gcc     , O3 , x86-64, openssl-1.0.1g     , version_diff
GLM  , openssl      , 1.0.1f , heartbeats       ,           72,  273310, 0.07,        23, False    , on   , gcc     , O3 , x86-64, openssl-1.0.1f     , version_same
GLM  , pcre2        , 10.39  , jit              ,           39,   52847, 0.01,        12, False    , off  , clang   , O2 , arm   , pcre2-10.40        , version_diff
GLM  , pcre2        , 10.39  , jit              ,           70,  157053, 0.05,        18, False    , off  , clang   , O2 , arm   , pcre2-10.39        , version_same
GLM  , pcre2        , 10.39  , jit              ,           41,   78795, 0.02,        13, False    , off  , clang   , O2 , x86-64, pcre2-10.40        , version_diff
GLM  , pcre2        , 10.39  , jit              ,           35,   50400, 0.01,        11, False    , off  , clang   , O2 , x86-64, pcre2-10.39        , version_same
GLM  , pcre2        , 10.39  , jit              ,           29,   29622, 0.01,        10, False    , off  , clang   , O3 , arm   , pcre2-10.40        , version_diff
GLM  , pcre2        , 10.39  , jit              ,           40,   73033, 0.02,        13, False    , off  , clang   , O3 , arm   , pcre2-10.39        , version_same
GLM  , pcre2        , 10.39  , jit              ,           37,   44594, 0.01,        11, False    , off  , clang   , O3 , x86-64, pcre2-10.40        , version_diff
GLM  , pcre2        , 10.39  , jit              ,           74,  198010, 0.04,        20, False    , off  , clang   , O3 , x86-64, pcre2-10.39        , version_same
GLM  , pcre2        , 10.39  , jit              ,           31,   33994, 0.01,        10, False    , off  , gcc     , O2 , arm   , pcre2-10.40        , version_diff
GLM  , pcre2        , 10.39  , jit              ,           44,   93796, 0.02,        14, False    , off  , gcc     , O2 , arm   , pcre2-10.39        , version_same
GLM  , pcre2        , 10.39  , jit              ,           57,  192172, 0.03,        21, False    , off  , gcc     , O2 , x86-64, pcre2-10.40        , version_diff
GLM  , pcre2        , 10.39  , jit              ,           52,  114827, 0.03,        15, False    , off  , gcc     , O2 , x86-64, pcre2-10.39        , version_same
GLM  , pcre2        , 10.39  , jit              ,           32,   42742, 0.01,        11, False    , off  , gcc     , O3 , arm   , pcre2-10.40        , version_diff
GLM  , pcre2        , 10.39  , jit              ,           36,   48803, 0.01,        11, False    , off  , gcc     , O3 , arm   , pcre2-10.39        , version_same
GLM  , pcre2        , 10.39  , jit              ,           37,   61691, 0.02,        12, False    , off  , gcc     , O3 , x86-64, pcre2-10.40        , version_diff
GLM  , pcre2        , 10.39  , jit              ,           32,   46361, 0.01,        11, False    , off  , gcc     , O3 , x86-64, pcre2-10.39        , version_same
GLM  , pcre2        , 10.39  , jit              ,           42,   65258, 0.02,        13, False    , on   , clang   , O2 , arm   , pcre2-10.40        , version_diff
GLM  , pcre2        , 10.39  , jit              ,           45,   80492, 0.02,        14, False    , on   , clang   , O2 , arm   , pcre2-10.39        , version_same
GLM  , pcre2        , 10.39  , jit              ,           43,   62359, 0.02,        13, False    , on   , clang   , O2 , x86-64, pcre2-10.40        , version_diff
GLM  , pcre2        , 10.39  , jit              ,           66,  164413, 0.03,        19, False    , on   , clang   , O2 , x86-64, pcre2-10.39        , version_same
GLM  , pcre2        , 10.39  , jit              ,           34,   48678, 0.01,        11, False    , on   , clang   , O3 , arm   , pcre2-10.40        , version_diff
GLM  , pcre2        , 10.39  , jit              ,           40,   61660, 0.02,        12, False    , on   , clang   , O3 , arm   , pcre2-10.39        , version_same
GLM  , pcre2        , 10.39  , jit              ,           43,   82584, 0.02,        14, False    , on   , clang   , O3 , x86-64, pcre2-10.40        , version_diff
GLM  , pcre2        , 10.39  , jit              ,           31,   44314, 0.01,        10, False    , on   , clang   , O3 , x86-64, pcre2-10.39        , version_same
GLM  , pcre2        , 10.39  , jit              ,           36,   43927, 0.01,        11, False    , on   , gcc     , O2 , arm   , pcre2-10.40        , version_diff
GLM  , pcre2        , 10.39  , jit              ,           31,   36902, 0.01,        10, False    , on   , gcc     , O2 , arm   , pcre2-10.39        , version_same
GLM  , pcre2        , 10.39  , jit              ,           39,   68279, 0.02,        13, False    , on   , gcc     , O2 , x86-64, pcre2-10.40        , version_diff
GLM  , pcre2        , 10.39  , jit              ,           67,  132432, 0.03,        17, False    , on   , gcc     , O2 , x86-64, pcre2-10.39        , version_same
GLM  , pcre2        , 10.39  , jit              ,           33,   29755, 0.01,        10, False    , on   , gcc     , O3 , arm   , pcre2-10.40        , version_diff
GLM  , pcre2        , 10.39  , jit              ,           53,  123043, 0.02,        16, False    , on   , gcc     , O3 , arm   , pcre2-10.39        , version_same
GLM  , pcre2        , 10.39  , jit              ,           42,   96365, 0.02,        14, False    , on   , gcc     , O3 , x86-64, pcre2-10.40        , version_diff
GLM  , pcre2        , 10.39  , jit              ,           65,  169610, 0.03,        18, False    , on   , gcc     , O3 , x86-64, pcre2-10.39        , version_same
GLM  , pcre2        , 10.39  , unicode          ,           50,  178716, 0.03,        19, False    , off  , clang   , O2 , arm   , pcre2-10.40        , version_diff
GLM  , pcre2        , 10.39  , unicode          ,          263, 2748166, 0.12,        74, False    , off  , clang   , O2 , arm   , pcre2-10.39        , version_same
GLM  , pcre2        , 10.39  , unicode          ,           36,  103416, 0.02,        14, False    , off  , clang   , O2 , x86-64, pcre2-10.40        , version_diff
GLM  , pcre2        , 10.39  , unicode          ,           51,  171137, 0.03,        18, False    , off  , clang   , O2 , x86-64, pcre2-10.39        , version_same
GLM  , pcre2        , 10.39  , unicode          ,          171, 1400066, 0.1 ,        52, False    , off  , clang   , O3 , arm   , pcre2-10.40        , version_diff
GLM  , pcre2        , 10.39  , unicode          ,           99,  474724, 0.05,        31, False    , off  , clang   , O3 , arm   , pcre2-10.39        , version_same
GLM  , pcre2        , 10.39  , unicode          ,          289, 4158688, 0.15,        90, False    , off  , clang   , O3 , x86-64, pcre2-10.40        , version_diff
GLM  , pcre2        , 10.39  , unicode          ,          334, 4248693, 0.16,        91, False    , off  , clang   , O3 , x86-64, pcre2-10.39        , version_same
GLM  , pcre2        , 10.39  , unicode          ,           81,  392454, 0.05,        27, False    , off  , gcc     , O2 , arm   , pcre2-10.40        , version_diff
GLM  , pcre2        , 10.39  , unicode          ,           95,  293518, 0.05,        23, False    , off  , gcc     , O2 , arm   , pcre2-10.39        , version_same
GLM  , pcre2        , 10.39  , unicode          ,           71,  235843, 0.04,        21, False    , off  , gcc     , O2 , x86-64, pcre2-10.40        , version_diff
GLM  , pcre2        , 10.39  , unicode          ,           74,  176463, 0.03,        19, False    , off  , gcc     , O2 , x86-64, pcre2-10.39        , version_same
GLM  , pcre2        , 10.39  , unicode          ,           96,  369921, 0.05,        26, False    , off  , gcc     , O3 , arm   , pcre2-10.40        , version_diff
GLM  , pcre2        , 10.39  , unicode          ,           76,  258809, 0.04,        22, False    , off  , gcc     , O3 , arm   , pcre2-10.39        , version_same
GLM  , pcre2        , 10.39  , unicode          ,           93,  370858, 0.05,        26, False    , off  , gcc     , O3 , x86-64, pcre2-10.40        , version_diff
GLM  , pcre2        , 10.39  , unicode          ,           83,  273546, 0.04,        23, False    , off  , gcc     , O3 , x86-64, pcre2-10.39        , version_same
GLM  , pcre2        , 10.39  , unicode          ,          138,  970965, 0.08,        42, False    , on   , clang   , O2 , arm   , pcre2-10.40        , version_diff
GLM  , pcre2        , 10.39  , unicode          ,          132,  675312, 0.07,        35, False    , on   , clang   , O2 , arm   , pcre2-10.39        , version_same
GLM  , pcre2        , 10.39  , unicode          ,           78,  337330, 0.05,        25, False    , on   , clang   , O2 , x86-64, pcre2-10.40        , version_diff
GLM  , pcre2        , 10.39  , unicode          ,          142,  963109, 0.08,        42, False    , on   , clang   , O2 , x86-64, pcre2-10.39        , version_same
GLM  , pcre2        , 10.39  , unicode          ,          129, 1024153, 0.08,        44, False    , on   , clang   , O3 , arm   , pcre2-10.40        , version_diff
GLM  , pcre2        , 10.39  , unicode          ,          138,  839464, 0.07,        40, False    , on   , clang   , O3 , arm   , pcre2-10.39        , version_same
GLM  , pcre2        , 10.39  , unicode          ,           89,  358811, 0.05,        26, False    , on   , clang   , O3 , x86-64, pcre2-10.40        , version_diff
GLM  , pcre2        , 10.39  , unicode          ,           44,   64774, 0.02,        11, False    , on   , clang   , O3 , x86-64, pcre2-10.39        , version_same
GLM  , pcre2        , 10.39  , unicode          ,          115,  667669, 0.07,        35, False    , on   , gcc     , O2 , arm   , pcre2-10.40        , version_diff
GLM  , pcre2        , 10.39  , unicode          ,          112,  558005, 0.06,        33, False    , on   , gcc     , O2 , arm   , pcre2-10.39        , version_same
GLM  , pcre2        , 10.39  , unicode          ,          117,  658899, 0.07,        34, False    , on   , gcc     , O2 , x86-64, pcre2-10.40        , version_diff
GLM  , pcre2        , 10.39  , unicode          ,           68,  188866, 0.04,        19, False    , on   , gcc     , O2 , x86-64, pcre2-10.39        , version_same
GLM  , pcre2        , 10.39  , unicode          ,           73,  217879, 0.04,        20, False    , on   , gcc     , O3 , arm   , pcre2-10.40        , version_diff
GLM  , pcre2        , 10.39  , unicode          ,           81,  335718, 0.05,        25, False    , on   , gcc     , O3 , arm   , pcre2-10.39        , version_same
GLM  , pcre2        , 10.39  , unicode          ,           45,  142338, 0.03,        16, False    , on   , gcc     , O3 , x86-64, pcre2-10.40        , version_diff
GLM  , pcre2        , 10.39  , unicode          ,           80,  284613, 0.04,        23, False    , on   , gcc     , O3 , x86-64, pcre2-10.39        , version_same
GLM  , uclibc-ng    , 1.0.40 , HAS_IPV6         ,           36,   61559, 0.02,        12, False    , off  , clang   , O2 , arm   , uclibc-ng-1.0.41   , version_diff
GLM  , uclibc-ng    , 1.0.40 , HAS_IPV6         ,           39,   56816, 0.02,        11, False    , off  , clang   , O2 , arm   , uclibc-ng-1.0.40   , version_same
GLM  , uclibc-ng    , 1.0.40 , HAS_IPV6         ,           35,   66289, 0.02,        12, False    , off  , clang   , O2 , x86-64, uclibc-ng-1.0.41   , version_diff
GLM  , uclibc-ng    , 1.0.40 , HAS_IPV6         ,           50,   89907, 0.02,        14, False    , off  , clang   , O2 , x86-64, uclibc-ng-1.0.40   , version_same
GLM  , uclibc-ng    , 1.0.40 , HAS_IPV6         ,           44,   89307, 0.02,        14, False    , off  , clang   , O3 , arm   , uclibc-ng-1.0.41   , version_diff
GLM  , uclibc-ng    , 1.0.40 , HAS_IPV6         ,           45,   67905, 0.02,        12, False    , off  , clang   , O3 , arm   , uclibc-ng-1.0.40   , version_same
GLM  , uclibc-ng    , 1.0.40 , HAS_IPV6         ,           35,   65049, 0.02,        12, False    , off  , clang   , O3 , x86-64, uclibc-ng-1.0.41   , version_diff
GLM  , uclibc-ng    , 1.0.40 , HAS_IPV6         ,           59,  136604, 0.03,        17, False    , off  , clang   , O3 , x86-64, uclibc-ng-1.0.40   , version_same
GLM  , uclibc-ng    , 1.0.40 , HAS_IPV6         ,           42,   91996, 0.02,        14, False    , off  , gcc     , O2 , arm   , uclibc-ng-1.0.41   , version_diff
GLM  , uclibc-ng    , 1.0.40 , HAS_IPV6         ,           47,   94379, 0.02,        15, False    , off  , gcc     , O2 , arm   , uclibc-ng-1.0.40   , version_same
GLM  , uclibc-ng    , 1.0.40 , HAS_IPV6         ,           40,   90235, 0.02,        14, False    , off  , gcc     , O2 , x86-64, uclibc-ng-1.0.41   , version_diff
GLM  , uclibc-ng    , 1.0.40 , HAS_IPV6         ,           43,   78922, 0.02,        13, False    , off  , gcc     , O2 , x86-64, uclibc-ng-1.0.40   , version_same
GLM  , uclibc-ng    , 1.0.40 , HAS_IPV6         ,           34,   57085, 0.02,        11, False    , off  , gcc     , O3 , arm   , uclibc-ng-1.0.41   , version_diff
GLM  , uclibc-ng    , 1.0.40 , HAS_IPV6         ,           44,   68829, 0.02,        12, False    , off  , gcc     , O3 , arm   , uclibc-ng-1.0.40   , version_same
GLM  , uclibc-ng    , 1.0.40 , HAS_IPV6         ,           44,   87928, 0.02,        14, False    , off  , gcc     , O3 , x86-64, uclibc-ng-1.0.41   , version_diff
GLM  , uclibc-ng    , 1.0.40 , HAS_IPV6         ,           48,   95546, 0.03,        14, False    , off  , gcc     , O3 , x86-64, uclibc-ng-1.0.40   , version_same
GLM  , uclibc-ng    , 1.0.40 , HAS_IPV6         ,           43,  112473, 0.03,        15, False    , on   , clang   , O2 , arm   , uclibc-ng-1.0.41   , version_diff
GLM  , uclibc-ng    , 1.0.40 , HAS_IPV6         ,           53,  135628, 0.03,        17, False    , on   , clang   , O2 , arm   , uclibc-ng-1.0.40   , version_same
GLM  , uclibc-ng    , 1.0.40 , HAS_IPV6         ,           29,   53597, 0.02,        10, False    , on   , clang   , O2 , x86-64, uclibc-ng-1.0.41   , version_diff
GLM  , uclibc-ng    , 1.0.40 , HAS_IPV6         ,           35,   51365, 0.02,        10, False    , on   , clang   , O2 , x86-64, uclibc-ng-1.0.40   , version_same
GLM  , uclibc-ng    , 1.0.40 , HAS_IPV6         ,           37,   69540, 0.02,        12, False    , on   , clang   , O3 , arm   , uclibc-ng-1.0.41   , version_diff
GLM  , uclibc-ng    , 1.0.40 , HAS_IPV6         ,           46,   96033, 0.03,        14, False    , on   , clang   , O3 , arm   , uclibc-ng-1.0.40   , version_same
GLM  , uclibc-ng    , 1.0.40 , HAS_IPV6         ,           34,   62038, 0.02,        11, False    , on   , clang   , O3 , x86-64, uclibc-ng-1.0.41   , version_diff
GLM  , uclibc-ng    , 1.0.40 , HAS_IPV6         ,           43,   73820, 0.02,        12, False    , on   , clang   , O3 , x86-64, uclibc-ng-1.0.40   , version_same
GLM  , uclibc-ng    , 1.0.40 , HAS_IPV6         ,           35,   69405, 0.02,        12, False    , on   , gcc     , O2 , arm   , uclibc-ng-1.0.41   , version_diff
GLM  , uclibc-ng    , 1.0.40 , HAS_IPV6         ,           51,  117669, 0.03,        16, False    , on   , gcc     , O2 , arm   , uclibc-ng-1.0.40   , version_same
GLM  , uclibc-ng    , 1.0.40 , HAS_IPV6         ,           32,   51151, 0.02,        10, False    , on   , gcc     , O2 , x86-64, uclibc-ng-1.0.41   , version_diff
GLM  , uclibc-ng    , 1.0.40 , HAS_IPV6         ,           30,   42149, 0.02,         9, False    , on   , gcc     , O2 , x86-64, uclibc-ng-1.0.40   , version_same
GLM  , uclibc-ng    , 1.0.40 , HAS_IPV6         ,           39,   68317, 0.02,        12, False    , on   , gcc     , O3 , arm   , uclibc-ng-1.0.41   , version_diff
GLM  , uclibc-ng    , 1.0.40 , HAS_IPV6         ,           28,   25230, 0.01,         7, False    , on   , gcc     , O3 , arm   , uclibc-ng-1.0.40   , version_same
GLM  , uclibc-ng    , 1.0.40 , HAS_IPV6         ,           32,   42989, 0.02,         9, False    , on   , gcc     , O3 , x86-64, uclibc-ng-1.0.41   , version_diff
GLM  , uclibc-ng    , 1.0.40 , HAS_IPV6         ,           44,   65065, 0.02,        11, False    , on   , gcc     , O3 , x86-64, uclibc-ng-1.0.40   , version_same
GLM  , uclibc-ng    , 1.0.40 , HAS_REGEX        ,           36,   52964, 0.01,        12, False    , off  , clang   , O2 , arm   , uclibc-ng-1.0.41   , version_diff
GLM  , uclibc-ng    , 1.0.40 , HAS_REGEX        ,           28,   27203, 0.01,         9, False    , off  , clang   , O2 , arm   , uclibc-ng-1.0.40   , version_same
GLM  , uclibc-ng    , 1.0.40 , HAS_REGEX        ,           34,   56553, 0.01,        12, False    , off  , clang   , O2 , x86-64, uclibc-ng-1.0.41   , version_diff
GLM  , uclibc-ng    , 1.0.40 , HAS_REGEX        ,           32,   41698, 0.01,        10, False    , off  , clang   , O2 , x86-64, uclibc-ng-1.0.40   , version_same
GLM  , uclibc-ng    , 1.0.40 , HAS_REGEX        ,           34,   55215, 0.01,        12, False    , off  , clang   , O3 , arm   , uclibc-ng-1.0.41   , version_diff
GLM  , uclibc-ng    , 1.0.40 , HAS_REGEX        ,           34,   34008, 0.01,        10, False    , off  , clang   , O3 , arm   , uclibc-ng-1.0.40   , version_same
GLM  , uclibc-ng    , 1.0.40 , HAS_REGEX        ,           42,   69644, 0.02,        13, False    , off  , clang   , O3 , x86-64, uclibc-ng-1.0.41   , version_diff
GLM  , uclibc-ng    , 1.0.40 , HAS_REGEX        ,           32,   43169, 0.01,        10, False    , off  , clang   , O3 , x86-64, uclibc-ng-1.0.40   , version_same
GLM  , uclibc-ng    , 1.0.40 , HAS_REGEX        ,           34,   57712, 0.02,        12, False    , off  , gcc     , O2 , arm   , uclibc-ng-1.0.41   , version_diff
GLM  , uclibc-ng    , 1.0.40 , HAS_REGEX        ,           27,   27249, 0.01,         9, False    , off  , gcc     , O2 , arm   , uclibc-ng-1.0.40   , version_same
GLM  , uclibc-ng    , 1.0.40 , HAS_REGEX        ,           35,   61559, 0.01,        13, False    , off  , gcc     , O2 , x86-64, uclibc-ng-1.0.41   , version_diff
GLM  , uclibc-ng    , 1.0.40 , HAS_REGEX        ,           28,   32147, 0.01,         9, False    , off  , gcc     , O2 , x86-64, uclibc-ng-1.0.40   , version_same
GLM  , uclibc-ng    , 1.0.40 , HAS_REGEX        ,           34,   46656, 0.01,        11, False    , off  , gcc     , O3 , arm   , uclibc-ng-1.0.41   , version_diff
GLM  , uclibc-ng    , 1.0.40 , HAS_REGEX        ,           29,   28566, 0.01,         9, False    , off  , gcc     , O3 , arm   , uclibc-ng-1.0.40   , version_same
GLM  , uclibc-ng    , 1.0.40 , HAS_REGEX        ,           32,   57852, 0.02,        12, False    , off  , gcc     , O3 , x86-64, uclibc-ng-1.0.41   , version_diff
GLM  , uclibc-ng    , 1.0.40 , HAS_REGEX        ,           38,   52603, 0.01,        11, False    , off  , gcc     , O3 , x86-64, uclibc-ng-1.0.40   , version_same
GLM  , uclibc-ng    , 1.0.40 , HAS_REGEX        ,           35,   52162, 0.01,        12, False    , on   , clang   , O2 , arm   , uclibc-ng-1.0.41   , version_diff
GLM  , uclibc-ng    , 1.0.40 , HAS_REGEX        ,           28,   26855, 0.01,         9, False    , on   , clang   , O2 , arm   , uclibc-ng-1.0.40   , version_same
GLM  , uclibc-ng    , 1.0.40 , HAS_REGEX        ,           35,   55136, 0.01,        12, False    , on   , clang   , O2 , x86-64, uclibc-ng-1.0.41   , version_diff
GLM  , uclibc-ng    , 1.0.40 , HAS_REGEX        ,           29,   28131, 0.01,         9, False    , on   , clang   , O2 , x86-64, uclibc-ng-1.0.40   , version_same
GLM  , uclibc-ng    , 1.0.40 , HAS_REGEX        ,           34,   52252, 0.01,        12, False    , on   , clang   , O3 , arm   , uclibc-ng-1.0.41   , version_diff
GLM  , uclibc-ng    , 1.0.40 , HAS_REGEX        ,           28,   27465, 0.01,         9, False    , on   , clang   , O3 , arm   , uclibc-ng-1.0.40   , version_same
GLM  , uclibc-ng    , 1.0.40 , HAS_REGEX        ,           32,   54810, 0.01,        12, False    , on   , clang   , O3 , x86-64, uclibc-ng-1.0.41   , version_diff
GLM  , uclibc-ng    , 1.0.40 , HAS_REGEX        ,           26,   28147, 0.01,         9, False    , on   , clang   , O3 , x86-64, uclibc-ng-1.0.40   , version_same
GLM  , uclibc-ng    , 1.0.40 , HAS_REGEX        ,           28,   40128, 0.01,        10, False    , on   , gcc     , O2 , arm   , uclibc-ng-1.0.41   , version_diff
GLM  , uclibc-ng    , 1.0.40 , HAS_REGEX        ,           26,   26793, 0.01,         9, False    , on   , gcc     , O2 , arm   , uclibc-ng-1.0.40   , version_same
GLM  , uclibc-ng    , 1.0.40 , HAS_REGEX        ,           33,   53644, 0.01,        12, False    , on   , gcc     , O2 , x86-64, uclibc-ng-1.0.41   , version_diff
GLM  , uclibc-ng    , 1.0.40 , HAS_REGEX        ,           38,   53670, 0.01,        13, False    , on   , gcc     , O2 , x86-64, uclibc-ng-1.0.40   , version_same
GLM  , uclibc-ng    , 1.0.40 , HAS_REGEX        ,           38,   60861, 0.02,        12, False    , on   , gcc     , O3 , arm   , uclibc-ng-1.0.41   , version_diff
GLM  , uclibc-ng    , 1.0.40 , HAS_REGEX        ,           29,   32714, 0.01,         9, False    , on   , gcc     , O3 , arm   , uclibc-ng-1.0.40   , version_same
GLM  , uclibc-ng    , 1.0.40 , HAS_REGEX        ,           37,   67422, 0.02,        13, False    , on   , gcc     , O3 , x86-64, uclibc-ng-1.0.41   , version_diff
GLM  , uclibc-ng    , 1.0.40 , HAS_REGEX        ,           48,   66733, 0.02,        13, False    , on   , gcc     , O3 , x86-64, uclibc-ng-1.0.40   , version_same
GLM  , wget         , 1.20.3 , digest           ,           44,   76798, 0.02,        13, False    , off  , clang   , O2 , arm   , wget-1.21.4        , version_diff
GLM  , wget         , 1.20.3 , digest           ,           51,   66849, 0.02,        12, False    , off  , clang   , O2 , arm   , wget-1.20.3        , version_same
GLM  , wget         , 1.20.3 , digest           ,           44,  102823, 0.02,        15, False    , off  , clang   , O2 , x86-64, wget-1.21.4        , version_diff
GLM  , wget         , 1.20.3 , digest           ,           53,  104598, 0.02,        15, False    , off  , clang   , O2 , x86-64, wget-1.20.3        , version_same
GLM  , wget         , 1.20.3 , digest           ,           52,  116027, 0.02,        16, False    , off  , clang   , O3 , arm   , wget-1.21.4        , version_diff
GLM  , wget         , 1.20.3 , digest           ,           51,  115306, 0.02,        16, False    , off  , clang   , O3 , arm   , wget-1.20.3        , version_same
GLM  , wget         , 1.20.3 , digest           ,           39,   90037, 0.02,        14, False    , off  , clang   , O3 , x86-64, wget-1.21.4        , version_diff
GLM  , wget         , 1.20.3 , digest           ,           44,   80103, 0.02,        13, False    , off  , clang   , O3 , x86-64, wget-1.20.3        , version_same
GLM  , wget         , 1.20.3 , digest           ,           41,   86693, 0.02,        14, False    , off  , gcc     , O2 , arm   , wget-1.21.4        , version_diff
GLM  , wget         , 1.20.3 , digest           ,           46,   86826, 0.02,        14, False    , off  , gcc     , O2 , arm   , wget-1.20.3        , version_same
GLM  , wget         , 1.20.3 , digest           ,           42,   90839, 0.02,        14, False    , off  , gcc     , O2 , x86-64, wget-1.21.4        , version_diff
GLM  , wget         , 1.20.3 , digest           ,           44,   90864, 0.02,        14, False    , off  , gcc     , O2 , x86-64, wget-1.20.3        , version_same
GLM  , wget         , 1.20.3 , digest           ,           43,   99652, 0.02,        15, False    , off  , gcc     , O3 , arm   , wget-1.21.4        , version_diff
GLM  , wget         , 1.20.3 , digest           ,           46,   98291, 0.02,        15, False    , off  , gcc     , O3 , arm   , wget-1.20.3        , version_same
GLM  , wget         , 1.20.3 , digest           ,           46,  126283, 0.02,        17, False    , off  , gcc     , O3 , x86-64, wget-1.21.4        , version_diff
GLM  , wget         , 1.20.3 , digest           ,           49,  114565, 0.02,        16, False    , off  , gcc     , O3 , x86-64, wget-1.20.3        , version_same
GLM  , wget         , 1.20.3 , ipv6             ,           41,   80273, 0.02,        13, False    , off  , clang   , O2 , arm   , wget-1.21.4        , version_diff
GLM  , wget         , 1.20.3 , ipv6             ,           42,   80181, 0.02,        13, False    , off  , clang   , O2 , arm   , wget-1.20.3        , version_same
GLM  , wget         , 1.20.3 , ipv6             ,           57,  182445, 0.03,        19, False    , off  , clang   , O2 , x86-64, wget-1.21.4        , version_diff
GLM  , wget         , 1.20.3 , ipv6             ,           42,   83038, 0.02,        13, False    , off  , clang   , O2 , x86-64, wget-1.20.3        , version_same
GLM  , wget         , 1.20.3 , ipv6             ,           49,  112359, 0.02,        16, False    , off  , clang   , O3 , arm   , wget-1.21.4        , version_diff
GLM  , wget         , 1.20.3 , ipv6             ,           48,  106896, 0.02,        15, False    , off  , clang   , O3 , arm   , wget-1.20.3        , version_same
GLM  , wget         , 1.20.3 , ipv6             ,           50,  167318, 0.03,        18, False    , off  , clang   , O3 , x86-64, wget-1.21.4        , version_diff
GLM  , wget         , 1.20.3 , ipv6             ,           98,  388474, 0.05,        27, False    , off  , clang   , O3 , x86-64, wget-1.20.3        , version_same
GLM  , wget         , 1.20.3 , ipv6             ,           58,  201913, 0.03,        20, False    , off  , gcc     , O2 , arm   , wget-1.21.4        , version_diff
GLM  , wget         , 1.20.3 , ipv6             ,           56,   99609, 0.02,        14, False    , off  , gcc     , O2 , arm   , wget-1.20.3        , version_same
GLM  , wget         , 1.20.3 , ipv6             ,           63,  224905, 0.04,        21, False    , off  , gcc     , O2 , x86-64, wget-1.21.4        , version_diff
GLM  , wget         , 1.20.3 , ipv6             ,           91,  289217, 0.04,        25, False    , off  , gcc     , O2 , x86-64, wget-1.20.3        , version_same
GLM  , wget         , 1.20.3 , ipv6             ,           65,  184236, 0.03,        19, False    , off  , gcc     , O3 , arm   , wget-1.21.4        , version_diff
GLM  , wget         , 1.20.3 , ipv6             ,           96,  340570, 0.05,        26, False    , off  , gcc     , O3 , arm   , wget-1.20.3        , version_same
GLM  , wget         , 1.20.3 , ipv6             ,           84,  348656, 0.05,        26, False    , off  , gcc     , O3 , x86-64, wget-1.21.4        , version_diff
GLM  , wget         , 1.20.3 , ipv6             ,          130,  719276, 0.07,        37, False    , off  , gcc     , O3 , x86-64, wget-1.20.3        , version_same
GLM  , wget         , 1.20.3 , ipv6             ,           43,  102700, 0.03,        14, False    , on   , clang   , O2 , arm   , wget-1.21.4        , version_diff
GLM  , wget         , 1.20.3 , ipv6             ,           90,  363467, 0.05,        26, False    , on   , clang   , O2 , arm   , wget-1.20.3        , version_same
GLM  , wget         , 1.20.3 , ipv6             ,           39,   74742, 0.02,        12, False    , on   , clang   , O2 , x86-64, wget-1.21.4        , version_diff
GLM  , wget         , 1.20.3 , ipv6             ,           39,   72701, 0.02,        12, False    , on   , clang   , O2 , x86-64, wget-1.20.3        , version_same
GLM  , wget         , 1.20.3 , ipv6             ,           38,   86437, 0.02,        13, False    , on   , clang   , O3 , arm   , wget-1.21.4        , version_diff
GLM  , wget         , 1.20.3 , ipv6             ,           49,   88827, 0.02,        14, False    , on   , clang   , O3 , arm   , wget-1.20.3        , version_same
GLM  , wget         , 1.20.3 , ipv6             ,           54,  150185, 0.03,        17, False    , on   , clang   , O3 , x86-64, wget-1.21.4        , version_diff
GLM  , wget         , 1.20.3 , ipv6             ,           50,   99950, 0.03,        14, False    , on   , clang   , O3 , x86-64, wget-1.20.3        , version_same
GLM  , wget         , 1.20.3 , ipv6             ,           48,   88957, 0.02,        13, False    , on   , gcc     , O2 , arm   , wget-1.21.4        , version_diff
GLM  , wget         , 1.20.3 , ipv6             ,           36,   64337, 0.02,        11, False    , on   , gcc     , O2 , arm   , wget-1.20.3        , version_same
GLM  , wget         , 1.20.3 , ipv6             ,           60,  166372, 0.03,        18, False    , on   , gcc     , O2 , x86-64, wget-1.21.4        , version_diff
GLM  , wget         , 1.20.3 , ipv6             ,           66,  106857, 0.03,        14, False    , on   , gcc     , O2 , x86-64, wget-1.20.3        , version_same
GLM  , wget         , 1.20.3 , ipv6             ,           62,  235849, 0.04,        21, False    , on   , gcc     , O3 , arm   , wget-1.21.4        , version_diff
GLM  , wget         , 1.20.3 , ipv6             ,          107,  337625, 0.05,        25, False    , on   , gcc     , O3 , arm   , wget-1.20.3        , version_same
GLM  , wget         , 1.20.3 , ipv6             ,           80,  283882, 0.05,        23, False    , on   , gcc     , O3 , x86-64, wget-1.21.4        , version_diff
GLM  , wget         , 1.20.3 , ipv6             ,          119,  442792, 0.05,        29, False    , on   , gcc     , O3 , x86-64, wget-1.20.3        , version_same
GPT  , busybox      , 1.33.1 , CONFIG_ASH       ,           27,   35480, 0.11,         9, False    , off  , clang   , O2 , arm   , busybox-1.34.1     , version_diff
GPT  , busybox      , 1.33.1 , CONFIG_ASH       ,           25,   34503, 0.07,         9, False    , off  , clang   , O2 , arm   , busybox-1.33.1     , version_same
GPT  , busybox      , 1.33.1 , CONFIG_ASH       ,           20,   30217, 0.09,         8, False    , off  , clang   , O2 , x86-64, busybox-1.34.1     , version_diff
GPT  , busybox      , 1.33.1 , CONFIG_ASH       ,           25,   34775, 0.1 ,         9, False    , off  , clang   , O2 , x86-64, busybox-1.33.1     , version_same
GPT  , busybox      , 1.33.1 , CONFIG_ASH       ,           31,   35818, 0.09,         9, False    , off  , clang   , O3 , arm   , busybox-1.34.1     , version_diff
GPT  , busybox      , 1.33.1 , CONFIG_ASH       ,           24,   34842, 0.09,         9, False    , off  , clang   , O3 , arm   , busybox-1.33.1     , version_same
GPT  , busybox      , 1.33.1 , CONFIG_ASH       ,           31,   35113, 0.1 ,         9, False    , off  , clang   , O3 , x86-64, busybox-1.34.1     , version_diff
GPT  , busybox      , 1.33.1 , CONFIG_ASH       ,           26,   34063, 0.09,         9, False    , off  , clang   , O3 , x86-64, busybox-1.33.1     , version_same
GPT  , busybox      , 1.33.1 , CONFIG_ASH       ,           30,   37910, 0.1 ,         9, False    , off  , gcc     , O2 , arm   , busybox-1.34.1     , version_diff
GPT  , busybox      , 1.33.1 , CONFIG_ASH       ,           22,   35758, 0.09,         9, False    , off  , gcc     , O2 , arm   , busybox-1.33.1     , version_same
GPT  , busybox      , 1.33.1 , CONFIG_ASH       ,           20,   34332, 0.09,         9, False    , off  , gcc     , O2 , x86-64, busybox-1.34.1     , version_diff
GPT  , busybox      , 1.33.1 , CONFIG_ASH       ,           23,   33396, 0.09,         9, False    , off  , gcc     , O2 , x86-64, busybox-1.33.1     , version_same
GPT  , busybox      , 1.33.1 , CONFIG_ASH       ,           30,   37786, 0.12,         9, False    , off  , gcc     , O3 , arm   , busybox-1.34.1     , version_diff
GPT  , busybox      , 1.33.1 , CONFIG_ASH       ,           27,   36113, 0.12,         9, False    , off  , gcc     , O3 , arm   , busybox-1.33.1     , version_same
GPT  , busybox      , 1.33.1 , CONFIG_ASH       ,           24,   34335, 0.08,         9, False    , off  , gcc     , O3 , x86-64, busybox-1.34.1     , version_diff
GPT  , busybox      , 1.33.1 , CONFIG_ASH       ,           27,   33401, 0.09,         9, False    , off  , gcc     , O3 , x86-64, busybox-1.33.1     , version_same
GPT  , busybox      , 1.33.1 , CONFIG_ASH       ,           33,   39030, 0.11,         9, False    , on   , clang   , O2 , arm   , busybox-1.34.1     , version_diff
GPT  , busybox      , 1.33.1 , CONFIG_ASH       ,           24,   38080, 0.09,         9, False    , on   , clang   , O2 , arm   , busybox-1.33.1     , version_same
GPT  , busybox      , 1.33.1 , CONFIG_ASH       ,           41,   96717, 0.21,        13, False    , on   , clang   , O2 , x86-64, busybox-1.34.1     , version_diff
GPT  , busybox      , 1.33.1 , CONFIG_ASH       ,           49,  156476, 0.28,        17, False    , on   , clang   , O2 , x86-64, busybox-1.33.1     , version_same
GPT  , busybox      , 1.33.1 , CONFIG_ASH       ,           24,   32191, 0.11,         8, False    , on   , clang   , O3 , arm   , busybox-1.34.1     , version_diff
GPT  , busybox      , 1.33.1 , CONFIG_ASH       ,           21,   31343, 0.08,         8, False    , on   , clang   , O3 , arm   , busybox-1.33.1     , version_same
GPT  , busybox      , 1.33.1 , CONFIG_ASH       ,           41,   94472, 0.21,        13, False    , on   , clang   , O3 , x86-64, busybox-1.34.1     , version_diff
GPT  , busybox      , 1.33.1 , CONFIG_ASH       ,           22,   67998, 0.14,        11, False    , on   , clang   , O3 , x86-64, busybox-1.33.1     , version_same
GPT  , busybox      , 1.33.1 , CONFIG_ASH       ,           38,   67591, 0.16,        11, False    , on   , gcc     , O2 , arm   , busybox-1.34.1     , version_diff
GPT  , busybox      , 1.33.1 , CONFIG_ASH       ,           40,   84900, 0.18,        13, False    , on   , gcc     , O2 , arm   , busybox-1.33.1     , version_same
GPT  , busybox      , 1.33.1 , CONFIG_ASH       ,           29,   42504, 0.09,         9, False    , on   , gcc     , O2 , x86-64, busybox-1.34.1     , version_diff
GPT  , busybox      , 1.33.1 , CONFIG_ASH       ,           36,   55721, 0.13,        10, False    , on   , gcc     , O2 , x86-64, busybox-1.33.1     , version_same
GPT  , busybox      , 1.33.1 , CONFIG_ASH       ,           25,   54718, 0.13,        10, False    , on   , gcc     , O3 , arm   , busybox-1.34.1     , version_diff
GPT  , busybox      , 1.33.1 , CONFIG_ASH       ,           33,   73684, 0.12,        12, False    , on   , gcc     , O3 , arm   , busybox-1.33.1     , version_same
GPT  , busybox      , 1.33.1 , CONFIG_ASH       ,           40,   39905, 0.09,         9, False    , on   , gcc     , O3 , x86-64, busybox-1.34.1     , version_diff
GPT  , busybox      , 1.33.1 , CONFIG_ASH       ,           30,   45835, 0.12,        10, False    , on   , gcc     , O3 , x86-64, busybox-1.33.1     , version_same
GPT  , busybox      , 1.33.1 , CONFIG_HUSH      ,           30,   54095, 0.12,         9, False    , off  , clang   , O2 , arm   , busybox-1.34.1     , version_diff
GPT  , busybox      , 1.33.1 , CONFIG_HUSH      ,           23,   54284, 0.1 ,         9, False    , off  , clang   , O2 , arm   , busybox-1.33.1     , version_same
GPT  , busybox      , 1.33.1 , CONFIG_HUSH      ,           36,   53950, 0.13,         9, False    , off  , clang   , O2 , x86-64, busybox-1.34.1     , version_diff
GPT  , busybox      , 1.33.1 , CONFIG_HUSH      ,           26,   54065, 0.16,         9, False    , off  , clang   , O2 , x86-64, busybox-1.33.1     , version_same
GPT  , busybox      , 1.33.1 , CONFIG_HUSH      ,           28,   53864, 0.13,         9, False    , off  , clang   , O3 , arm   , busybox-1.34.1     , version_diff
GPT  , busybox      , 1.33.1 , CONFIG_HUSH      ,           27,   55291, 0.13,         9, False    , off  , clang   , O3 , arm   , busybox-1.33.1     , version_same
GPT  , busybox      , 1.33.1 , CONFIG_HUSH      ,           28,   54357, 0.13,         9, False    , off  , clang   , O3 , x86-64, busybox-1.34.1     , version_diff
GPT  , busybox      , 1.33.1 , CONFIG_HUSH      ,           27,   54017, 0.11,         9, False    , off  , clang   , O3 , x86-64, busybox-1.33.1     , version_same
GPT  , busybox      , 1.33.1 , CONFIG_HUSH      ,           31,   47497, 0.09,         8, False    , off  , gcc     , O2 , arm   , busybox-1.34.1     , version_diff
GPT  , busybox      , 1.33.1 , CONFIG_HUSH      ,           26,   55363, 0.13,         9, False    , off  , gcc     , O2 , arm   , busybox-1.33.1     , version_same
GPT  , busybox      , 1.33.1 , CONFIG_HUSH      ,           29,   56676, 0.1 ,         9, False    , off  , gcc     , O2 , x86-64, busybox-1.34.1     , version_diff
GPT  , busybox      , 1.33.1 , CONFIG_HUSH      ,           32,   56369, 0.1 ,         9, False    , off  , gcc     , O2 , x86-64, busybox-1.33.1     , version_same
GPT  , busybox      , 1.33.1 , CONFIG_HUSH      ,           30,   55915, 0.1 ,         9, False    , off  , gcc     , O3 , arm   , busybox-1.34.1     , version_diff
GPT  , busybox      , 1.33.1 , CONFIG_HUSH      ,           26,   47060, 0.09,         8, False    , off  , gcc     , O3 , arm   , busybox-1.33.1     , version_same
GPT  , busybox      , 1.33.1 , CONFIG_HUSH      ,           29,   48132, 0.1 ,         8, False    , off  , gcc     , O3 , x86-64, busybox-1.34.1     , version_diff
GPT  , busybox      , 1.33.1 , CONFIG_HUSH      ,           28,   56303, 0.14,         9, False    , off  , gcc     , O3 , x86-64, busybox-1.33.1     , version_same
GPT  , busybox      , 1.33.1 , CONFIG_HUSH      ,           16,   32716, 0.09,         6, False    , on   , clang   , O2 , arm   , busybox-1.34.1     , version_diff
GPT  , busybox      , 1.33.1 , CONFIG_HUSH      ,           15,   32524, 0.11,         6, False    , on   , clang   , O2 , arm   , busybox-1.33.1     , version_same
GPT  , busybox      , 1.33.1 , CONFIG_HUSH      ,           43,   85715, 0.18,        11, False    , on   , clang   , O2 , x86-64, busybox-1.34.1     , version_diff
GPT  , busybox      , 1.33.1 , CONFIG_HUSH      ,           33,   99092, 0.18,        12, False    , on   , clang   , O2 , x86-64, busybox-1.33.1     , version_same
GPT  , busybox      , 1.33.1 , CONFIG_HUSH      ,           33,  105330, 0.17,        12, False    , on   , clang   , O3 , arm   , busybox-1.34.1     , version_diff
GPT  , busybox      , 1.33.1 , CONFIG_HUSH      ,           28,   89962, 0.14,        11, False    , on   , clang   , O3 , arm   , busybox-1.33.1     , version_same
GPT  , busybox      , 1.33.1 , CONFIG_HUSH      ,           41,   88996, 0.14,        11, False    , on   , clang   , O3 , x86-64, busybox-1.34.1     , version_diff
GPT  , busybox      , 1.33.1 , CONFIG_HUSH      ,           48,  103415, 0.2 ,        12, False    , on   , clang   , O3 , x86-64, busybox-1.33.1     , version_same
GPT  , busybox      , 1.33.1 , CONFIG_HUSH      ,           32,   66778, 0.17,         9, False    , on   , gcc     , O2 , arm   , busybox-1.34.1     , version_diff
GPT  , busybox      , 1.33.1 , CONFIG_HUSH      ,           43,   91890, 0.15,        11, False    , on   , gcc     , O2 , arm   , busybox-1.33.1     , version_same
GPT  , busybox      , 1.33.1 , CONFIG_HUSH      ,           32,   93285, 0.19,        11, False    , on   , gcc     , O2 , x86-64, busybox-1.34.1     , version_diff
GPT  , busybox      , 1.33.1 , CONFIG_HUSH      ,           27,   92740, 0.14,        11, False    , on   , gcc     , O2 , x86-64, busybox-1.33.1     , version_same
GPT  , busybox      , 1.33.1 , CONFIG_HUSH      ,           35,   54536, 0.11,         8, False    , on   , gcc     , O3 , arm   , busybox-1.34.1     , version_diff
GPT  , busybox      , 1.33.1 , CONFIG_HUSH      ,           21,   78518, 0.17,        10, False    , on   , gcc     , O3 , arm   , busybox-1.33.1     , version_same
GPT  , busybox      , 1.33.1 , CONFIG_HUSH      ,           19,   52274, 0.13,         8, False    , on   , gcc     , O3 , x86-64, busybox-1.34.1     , version_diff
GPT  , busybox      , 1.33.1 , CONFIG_HUSH      ,           19,   41627, 0.12,         7, False    , on   , gcc     , O3 , x86-64, busybox-1.33.1     , version_same
GPT  , curl         , 7.73.0 , dict             ,           37,   36327, 0.12,        10, False    , off  , clang   , O2 , arm   , curl-7.74.0        , version_diff
GPT  , curl         , 7.73.0 , dict             ,           36,   67267, 0.12,        13, False    , off  , clang   , O2 , arm   , curl-7.73.0        , version_same
GPT  , curl         , 7.73.0 , dict             ,           26,   27597, 0.08,         9, False    , off  , clang   , O2 , x86-64, curl-7.74.0        , version_diff
GPT  , curl         , 7.73.0 , dict             ,           29,   45311, 0.09,        11, False    , off  , clang   , O2 , x86-64, curl-7.73.0        , version_same
GPT  , curl         , 7.73.0 , dict             ,           38,   66453, 0.13,        13, False    , off  , clang   , O3 , arm   , curl-7.74.0        , version_diff
GPT  , curl         , 7.73.0 , dict             ,           35,   66636, 0.14,        13, False    , off  , clang   , O3 , arm   , curl-7.73.0        , version_same
GPT  , curl         , 7.73.0 , dict             ,           44,   68727, 0.19,        13, False    , off  , clang   , O3 , x86-64, curl-7.74.0        , version_diff
GPT  , curl         , 7.73.0 , dict             ,           31,   66399, 0.15,        13, False    , off  , clang   , O3 , x86-64, curl-7.73.0        , version_same
GPT  , curl         , 7.73.0 , dict             ,           29,   42675, 0.14,        10, False    , off  , gcc     , O2 , arm   , curl-7.74.0        , version_diff
GPT  , curl         , 7.73.0 , dict             ,           40,   70647, 0.16,        13, False    , off  , gcc     , O2 , arm   , curl-7.73.0        , version_same
GPT  , curl         , 7.73.0 , dict             ,           50,   61765, 0.18,        13, False    , off  , gcc     , O2 , x86-64, curl-7.74.0        , version_diff
GPT  , curl         , 7.73.0 , dict             ,           32,   62642, 0.14,        13, False    , off  , gcc     , O2 , x86-64, curl-7.73.0        , version_same
GPT  , curl         , 7.73.0 , dict             ,           49,   70332, 0.22,        13, False    , off  , gcc     , O3 , arm   , curl-7.74.0        , version_diff
GPT  , curl         , 7.73.0 , dict             ,           21,   42488, 0.09,        10, False    , off  , gcc     , O3 , arm   , curl-7.73.0        , version_same
GPT  , curl         , 7.73.0 , dict             ,           58,   74732, 0.18,        14, False    , off  , gcc     , O3 , x86-64, curl-7.74.0        , version_diff
GPT  , curl         , 7.73.0 , dict             ,           32,   57492, 0.11,        12, False    , off  , gcc     , O3 , x86-64, curl-7.73.0        , version_same
GPT  , curl         , 7.73.0 , dict             ,           25,   35241, 0.11,        10, False    , on   , clang   , O2 , arm   , curl-7.74.0        , version_diff
GPT  , curl         , 7.73.0 , dict             ,           52,   86522, 0.21,        15, False    , on   , clang   , O2 , arm   , curl-7.73.0        , version_same
GPT  , curl         , 7.73.0 , dict             ,           27,   35646, 0.14,        10, False    , on   , clang   , O2 , x86-64, curl-7.74.0        , version_diff
GPT  , curl         , 7.73.0 , dict             ,           28,   33821, 0.1 ,        10, False    , on   , clang   , O2 , x86-64, curl-7.73.0        , version_same
GPT  , curl         , 7.73.0 , dict             ,           41,   34245, 0.12,        10, False    , on   , clang   , O3 , arm   , curl-7.74.0        , version_diff
GPT  , curl         , 7.73.0 , dict             ,           16,   25739, 0.09,         8, False    , on   , clang   , O3 , arm   , curl-7.73.0        , version_same
GPT  , curl         , 7.73.0 , dict             ,           18,   27909, 0.07,         8, False    , on   , clang   , O3 , x86-64, curl-7.74.0        , version_diff
GPT  , curl         , 7.73.0 , dict             ,           38,   44422, 0.1 ,        11, False    , on   , clang   , O3 , x86-64, curl-7.73.0        , version_same
GPT  , curl         , 7.73.0 , dict             ,           45,   71140, 0.2 ,        13, False    , on   , gcc     , O2 , arm   , curl-7.74.0        , version_diff
GPT  , curl         , 7.73.0 , dict             ,           34,   53330, 0.14,        11, False    , on   , gcc     , O2 , arm   , curl-7.73.0        , version_same
GPT  , curl         , 7.73.0 , dict             ,           49,   41092, 0.15,        11, False    , on   , gcc     , O2 , x86-64, curl-7.74.0        , version_diff
GPT  , curl         , 7.73.0 , dict             ,           30,   42562, 0.11,        11, False    , on   , gcc     , O2 , x86-64, curl-7.73.0        , version_same
GPT  , curl         , 7.73.0 , dict             ,           37,   62493, 0.17,        12, False    , on   , gcc     , O3 , arm   , curl-7.74.0        , version_diff
GPT  , curl         , 7.73.0 , dict             ,           30,   52952, 0.12,        11, False    , on   , gcc     , O3 , arm   , curl-7.73.0        , version_same
GPT  , curl         , 7.73.0 , dict             ,           35,   42627, 0.13,        11, False    , on   , gcc     , O3 , x86-64, curl-7.74.0        , version_diff
GPT  , curl         , 7.73.0 , dict             ,           26,   44125, 0.1 ,        11, False    , on   , gcc     , O3 , x86-64, curl-7.73.0        , version_same
GPT  , curl         , 7.73.0 , telnet           ,           86,  157190, 0.31,        18, False    , off  , clang   , O2 , arm   , curl-7.74.0        , version_diff
GPT  , curl         , 7.73.0 , telnet           ,           46,  127684, 0.24,        16, False    , off  , clang   , O2 , arm   , curl-7.73.0        , version_same
GPT  , curl         , 7.73.0 , telnet           ,           63,  126636, 0.26,        16, False    , off  , clang   , O2 , x86-64, curl-7.74.0        , version_diff
GPT  , curl         , 7.73.0 , telnet           ,           74,  250912, 0.31,        22, False    , off  , clang   , O2 , x86-64, curl-7.73.0        , version_same
GPT  , curl         , 7.73.0 , telnet           ,           56,  111040, 0.25,        15, False    , off  , clang   , O3 , arm   , curl-7.74.0        , version_diff
GPT  , curl         , 7.73.0 , telnet           ,           36,  111234, 0.16,        15, False    , off  , clang   , O3 , arm   , curl-7.73.0        , version_same
GPT  , curl         , 7.73.0 , telnet           ,           72,  228602, 0.36,        21, False    , off  , clang   , O3 , x86-64, curl-7.74.0        , version_diff
GPT  , curl         , 7.73.0 , telnet           ,           81,  277269, 0.4 ,        23, False    , off  , clang   , O3 , x86-64, curl-7.73.0        , version_same
GPT  , curl         , 7.73.0 , telnet           ,           67,  103562, 0.19,        15, False    , off  , gcc     , O2 , arm   , curl-7.74.0        , version_diff
GPT  , curl         , 7.73.0 , telnet           ,           65,  120554, 0.19,        16, False    , off  , gcc     , O2 , arm   , curl-7.73.0        , version_same
GPT  , curl         , 7.73.0 , telnet           ,          128,  344423, 0.41,        26, False    , off  , gcc     , O2 , x86-64, curl-7.74.0        , version_diff
GPT  , curl         , 7.73.0 , telnet           ,          110,  369028, 0.45,        27, False    , off  , gcc     , O2 , x86-64, curl-7.73.0        , version_same
GPT  , curl         , 7.73.0 , telnet           ,          133,  354483, 0.44,        26, False    , off  , gcc     , O3 , arm   , curl-7.74.0        , version_diff
GPT  , curl         , 7.73.0 , telnet           ,          143,  321613, 0.46,        25, False    , off  , gcc     , O3 , arm   , curl-7.73.0        , version_same
GPT  , curl         , 7.73.0 , telnet           ,           49,  105800, 0.21,        15, False    , off  , gcc     , O3 , x86-64, curl-7.74.0        , version_diff
GPT  , curl         , 7.73.0 , telnet           ,           46,  122602, 0.21,        16, False    , off  , gcc     , O3 , x86-64, curl-7.73.0        , version_same
GPT  , curl         , 7.73.0 , telnet           ,           95,  305249, 0.45,        25, False    , on   , clang   , O2 , arm   , curl-7.74.0        , version_diff
GPT  , curl         , 7.73.0 , telnet           ,           44,   99068, 0.22,        14, False    , on   , clang   , O2 , arm   , curl-7.73.0        , version_same
GPT  , curl         , 7.73.0 , telnet           ,           31,   41872, 0.11,         9, False    , on   , clang   , O2 , x86-64, curl-7.74.0        , version_diff
GPT  , curl         , 7.73.0 , telnet           ,           23,   41007, 0.09,         9, False    , on   , clang   , O2 , x86-64, curl-7.73.0        , version_same
GPT  , curl         , 7.73.0 , telnet           ,           14,   18406, 0.06,         6, False    , on   , clang   , O3 , arm   , curl-7.74.0        , version_diff
GPT  , curl         , 7.73.0 , telnet           ,           28,   84372, 0.19,        13, False    , on   , clang   , O3 , arm   , curl-7.73.0        , version_same
GPT  , curl         , 7.73.0 , telnet           ,           70,  194124, 0.27,        19, False    , on   , clang   , O3 , x86-64, curl-7.74.0        , version_diff
GPT  , curl         , 7.73.0 , telnet           ,           28,   63940, 0.15,        11, False    , on   , clang   , O3 , x86-64, curl-7.73.0        , version_same
GPT  , curl         , 7.73.0 , telnet           ,           23,   40067, 0.1 ,         9, False    , on   , gcc     , O2 , arm   , curl-7.74.0        , version_diff
GPT  , curl         , 7.73.0 , telnet           ,           20,   32095, 0.09,         8, False    , on   , gcc     , O2 , arm   , curl-7.73.0        , version_same
GPT  , curl         , 7.73.0 , telnet           ,           23,   50255, 0.13,        10, False    , on   , gcc     , O2 , x86-64, curl-7.74.0        , version_diff
GPT  , curl         , 7.73.0 , telnet           ,           16,   32647, 0.1 ,         8, False    , on   , gcc     , O2 , x86-64, curl-7.73.0        , version_same
GPT  , curl         , 7.73.0 , telnet           ,           72,  214323, 0.35,        20, False    , on   , gcc     , O3 , arm   , curl-7.74.0        , version_diff
GPT  , curl         , 7.73.0 , telnet           ,           81,  311268, 0.45,        24, False    , on   , gcc     , O3 , arm   , curl-7.73.0        , version_same
GPT  , curl         , 7.73.0 , telnet           ,           21,   51804, 0.11,        10, False    , on   , gcc     , O3 , x86-64, curl-7.74.0        , version_diff
GPT  , curl         , 7.73.0 , telnet           ,           32,   42231, 0.11,         9, False    , on   , gcc     , O3 , x86-64, curl-7.73.0        , version_same
GPT  , dnsmasq      , 2.82   , HAVE_LOOP        ,           17,   23404, 0.08,         7, False    , off  , clang   , O2 , arm   , dnsmasq-2.83       , version_diff
GPT  , dnsmasq      , 2.82   , HAVE_LOOP        ,           20,   23198, 0.06,         7, False    , off  , clang   , O2 , arm   , dnsmasq-2.82       , version_same
GPT  , dnsmasq      , 2.82   , HAVE_LOOP        ,           14,   17682, 0.07,         6, False    , off  , clang   , O2 , x86-64, dnsmasq-2.83       , version_diff
GPT  , dnsmasq      , 2.82   , HAVE_LOOP        ,           14,   17692, 0.07,         6, False    , off  , clang   , O2 , x86-64, dnsmasq-2.82       , version_same
GPT  , dnsmasq      , 2.82   , HAVE_LOOP        ,           28,   23368, 0.07,         7, False    , off  , clang   , O3 , arm   , dnsmasq-2.83       , version_diff
GPT  , dnsmasq      , 2.82   , HAVE_LOOP        ,           18,   23255, 0.08,         7, False    , off  , clang   , O3 , arm   , dnsmasq-2.82       , version_same
GPT  , dnsmasq      , 2.82   , HAVE_LOOP        ,           17,   17368, 0.05,         6, False    , off  , clang   , O3 , x86-64, dnsmasq-2.83       , version_diff
GPT  , dnsmasq      , 2.82   , HAVE_LOOP        ,           15,   17255, 0.06,         6, False    , off  , clang   , O3 , x86-64, dnsmasq-2.82       , version_same
GPT  , dnsmasq      , 2.82   , HAVE_LOOP        ,           14,   17470, 0.06,         6, False    , off  , gcc     , O2 , arm   , dnsmasq-2.83       , version_diff
GPT  , dnsmasq      , 2.82   , HAVE_LOOP        ,           14,   17397, 0.06,         6, False    , off  , gcc     , O2 , arm   , dnsmasq-2.82       , version_same
GPT  , dnsmasq      , 2.82   , HAVE_LOOP        ,           61,  182564, 0.23,        19, False    , off  , gcc     , O2 , x86-64, dnsmasq-2.83       , version_diff
GPT  , dnsmasq      , 2.82   , HAVE_LOOP        ,           12,   17822, 0.07,         6, False    , off  , gcc     , O2 , x86-64, dnsmasq-2.82       , version_same
GPT  , dnsmasq      , 2.82   , HAVE_LOOP        ,           14,   17486, 0.07,         6, False    , off  , gcc     , O3 , arm   , dnsmasq-2.83       , version_diff
GPT  , dnsmasq      , 2.82   , HAVE_LOOP        ,           15,   17387, 0.05,         6, False    , off  , gcc     , O3 , arm   , dnsmasq-2.82       , version_same
GPT  , dnsmasq      , 2.82   , HAVE_LOOP        ,           21,   17871, 0.07,         6, False    , off  , gcc     , O3 , x86-64, dnsmasq-2.83       , version_diff
GPT  , dnsmasq      , 2.82   , HAVE_LOOP        ,           15,   17762, 0.07,         6, False    , off  , gcc     , O3 , x86-64, dnsmasq-2.82       , version_same
GPT  , dnsmasq      , 2.82   , HAVE_LOOP        ,           68,  207539, 0.29,        20, False    , on   , clang   , O2 , arm   , dnsmasq-2.83       , version_diff
GPT  , dnsmasq      , 2.82   , HAVE_LOOP        ,           62,  147679, 0.28,        17, False    , on   , clang   , O2 , arm   , dnsmasq-2.82       , version_same
GPT  , dnsmasq      , 2.82   , HAVE_LOOP        ,           61,  145092, 0.26,        17, False    , on   , clang   , O2 , x86-64, dnsmasq-2.83       , version_diff
GPT  , dnsmasq      , 2.82   , HAVE_LOOP        ,           61,  145124, 0.22,        17, False    , on   , clang   , O2 , x86-64, dnsmasq-2.82       , version_same
GPT  , dnsmasq      , 2.82   , HAVE_LOOP        ,           70,  171289, 0.3 ,        19, False    , on   , clang   , O3 , arm   , dnsmasq-2.83       , version_diff
GPT  , dnsmasq      , 2.82   , HAVE_LOOP        ,           66,  203932, 0.3 ,        20, False    , on   , clang   , O3 , arm   , dnsmasq-2.82       , version_same
GPT  , dnsmasq      , 2.82   , HAVE_LOOP        ,           54,  112896, 0.28,        15, False    , on   , clang   , O3 , x86-64, dnsmasq-2.83       , version_diff
GPT  , dnsmasq      , 2.82   , HAVE_LOOP        ,           58,  162450, 0.23,        18, False    , on   , clang   , O3 , x86-64, dnsmasq-2.82       , version_same
GPT  , dnsmasq      , 2.82   , HAVE_LOOP        ,           82,  138462, 0.25,        17, False    , on   , gcc     , O2 , arm   , dnsmasq-2.83       , version_diff
GPT  , dnsmasq      , 2.82   , HAVE_LOOP        ,           55,  157406, 0.29,        18, False    , on   , gcc     , O2 , arm   , dnsmasq-2.82       , version_same
GPT  , dnsmasq      , 2.82   , HAVE_LOOP        ,           72,  232038, 0.38,        21, False    , on   , gcc     , O2 , x86-64, dnsmasq-2.83       , version_diff
GPT  , dnsmasq      , 2.82   , HAVE_LOOP        ,           81,  253188, 0.33,        22, False    , on   , gcc     , O2 , x86-64, dnsmasq-2.82       , version_same
GPT  , dnsmasq      , 2.82   , HAVE_LOOP        ,           82,  180222, 0.31,        19, False    , on   , gcc     , O3 , arm   , dnsmasq-2.83       , version_diff
GPT  , dnsmasq      , 2.82   , HAVE_LOOP        ,           88,  322816, 0.42,        25, False    , on   , gcc     , O3 , arm   , dnsmasq-2.82       , version_same
GPT  , dnsmasq      , 2.82   , HAVE_LOOP        ,           76,  207388, 0.36,        20, False    , on   , gcc     , O3 , x86-64, dnsmasq-2.83       , version_diff
GPT  , dnsmasq      , 2.82   , HAVE_LOOP        ,           58,  186480, 0.36,        19, False    , on   , gcc     , O3 , x86-64, dnsmasq-2.82       , version_same
GPT  , dnsmasq      , 2.82   , HAVE_TFTP        ,           15,   23970, 0.09,         7, False    , off  , clang   , O2 , arm   , dnsmasq-2.83       , version_diff
GPT  , dnsmasq      , 2.82   , HAVE_TFTP        ,           14,   23861, 0.06,         7, False    , off  , clang   , O2 , arm   , dnsmasq-2.82       , version_same
GPT  , dnsmasq      , 2.82   , HAVE_TFTP        ,           12,   18211, 0.06,         6, False    , off  , clang   , O2 , x86-64, dnsmasq-2.83       , version_diff
GPT  , dnsmasq      , 2.82   , HAVE_TFTP        ,           13,   18145, 0.07,         6, False    , off  , clang   , O2 , x86-64, dnsmasq-2.82       , version_same
GPT  , dnsmasq      , 2.82   , HAVE_TFTP        ,           16,   23972, 0.08,         7, False    , off  , clang   , O3 , arm   , dnsmasq-2.83       , version_diff
GPT  , dnsmasq      , 2.82   , HAVE_TFTP        ,           15,   23850, 0.07,         7, False    , off  , clang   , O3 , arm   , dnsmasq-2.82       , version_same
GPT  , dnsmasq      , 2.82   , HAVE_TFTP        ,           19,   17950, 0.07,         6, False    , off  , clang   , O3 , x86-64, dnsmasq-2.83       , version_diff
GPT  , dnsmasq      , 2.82   , HAVE_TFTP        ,           13,   17820, 0.06,         6, False    , off  , clang   , O3 , x86-64, dnsmasq-2.82       , version_same
GPT  , dnsmasq      , 2.82   , HAVE_TFTP        ,           20,   17978, 0.06,         6, False    , off  , gcc     , O2 , arm   , dnsmasq-2.83       , version_diff
GPT  , dnsmasq      , 2.82   , HAVE_TFTP        ,           13,   17869, 0.07,         6, False    , off  , gcc     , O2 , arm   , dnsmasq-2.82       , version_same
GPT  , dnsmasq      , 2.82   , HAVE_TFTP        ,           13,   18409, 0.07,         6, False    , off  , gcc     , O2 , x86-64, dnsmasq-2.83       , version_diff
GPT  , dnsmasq      , 2.82   , HAVE_TFTP        ,           14,   18419, 0.06,         6, False    , off  , gcc     , O2 , x86-64, dnsmasq-2.82       , version_same
GPT  , dnsmasq      , 2.82   , HAVE_TFTP        ,           17,   17929, 0.07,         6, False    , off  , gcc     , O3 , arm   , dnsmasq-2.83       , version_diff
GPT  , dnsmasq      , 2.82   , HAVE_TFTP        ,           11,   12364, 0.04,         5, False    , off  , gcc     , O3 , arm   , dnsmasq-2.82       , version_same
GPT  , dnsmasq      , 2.82   , HAVE_TFTP        ,           20,   18451, 0.07,         6, False    , off  , gcc     , O3 , x86-64, dnsmasq-2.83       , version_diff
GPT  , dnsmasq      , 2.82   , HAVE_TFTP        ,           15,   18286, 0.07,         6, False    , off  , gcc     , O3 , x86-64, dnsmasq-2.82       , version_same
GPT  , dropbear     , 2015.71, FORWARD_TUNNEL   ,           40,   64106, 0.16,        12, False    , off  , clang   , O2 , arm   , dropbear-2016.72   , version_diff
GPT  , dropbear     , 2015.71, FORWARD_TUNNEL   ,           35,   75292, 0.14,        13, False    , off  , clang   , O2 , arm   , dropbear-2015.71   , version_same
GPT  , dropbear     , 2015.71, FORWARD_TUNNEL   ,           50,   67543, 0.2 ,        12, False    , off  , clang   , O2 , x86-64, dropbear-2016.72   , version_diff
GPT  , dropbear     , 2015.71, FORWARD_TUNNEL   ,           43,  112159, 0.23,        16, False    , off  , clang   , O2 , x86-64, dropbear-2015.71   , version_same
GPT  , dropbear     , 2015.71, FORWARD_TUNNEL   ,           42,   65558, 0.18,        12, False    , off  , clang   , O3 , arm   , dropbear-2016.72   , version_diff
GPT  , dropbear     , 2015.71, FORWARD_TUNNEL   ,           34,   78043, 0.13,        13, False    , off  , clang   , O3 , arm   , dropbear-2015.71   , version_same
GPT  , dropbear     , 2015.71, FORWARD_TUNNEL   ,           37,   67421, 0.14,        12, False    , off  , clang   , O3 , x86-64, dropbear-2016.72   , version_diff
GPT  , dropbear     , 2015.71, FORWARD_TUNNEL   ,           35,   72875, 0.12,        13, False    , off  , clang   , O3 , x86-64, dropbear-2015.71   , version_same
GPT  , dropbear     , 2015.71, FORWARD_TUNNEL   ,           34,   68625, 0.15,        12, False    , off  , gcc     , O2 , arm   , dropbear-2016.72   , version_diff
GPT  , dropbear     , 2015.71, FORWARD_TUNNEL   ,           37,   62105, 0.15,        12, False    , off  , gcc     , O2 , arm   , dropbear-2015.71   , version_same
GPT  , dropbear     , 2015.71, FORWARD_TUNNEL   ,           42,   96985, 0.23,        14, False    , off  , gcc     , O2 , x86-64, dropbear-2016.72   , version_diff
GPT  , dropbear     , 2015.71, FORWARD_TUNNEL   ,           40,   88886, 0.17,        14, False    , off  , gcc     , O2 , x86-64, dropbear-2015.71   , version_same
GPT  , dropbear     , 2015.71, FORWARD_TUNNEL   ,           38,   74557, 0.17,        13, False    , off  , gcc     , O3 , arm   , dropbear-2016.72   , version_diff
GPT  , dropbear     , 2015.71, FORWARD_TUNNEL   ,           36,   71847, 0.19,        13, False    , off  , gcc     , O3 , arm   , dropbear-2015.71   , version_same
GPT  , dropbear     , 2015.71, FORWARD_TUNNEL   ,           54,   98199, 0.29,        14, False    , off  , gcc     , O3 , x86-64, dropbear-2016.72   , version_diff
GPT  , dropbear     , 2015.71, FORWARD_TUNNEL   ,           35,   77399, 0.16,        13, False    , off  , gcc     , O3 , x86-64, dropbear-2015.71   , version_same
GPT  , dropbear     , 2015.71, FORWARD_TUNNEL   ,           43,   69763, 0.17,        12, False    , on   , clang   , O2 , arm   , dropbear-2016.72   , version_diff
GPT  , dropbear     , 2015.71, FORWARD_TUNNEL   ,           24,   54362, 0.12,        11, False    , on   , clang   , O2 , arm   , dropbear-2015.71   , version_same
GPT  , dropbear     , 2015.71, FORWARD_TUNNEL   ,           39,   65650, 0.17,        12, False    , on   , clang   , O2 , x86-64, dropbear-2016.72   , version_diff
GPT  , dropbear     , 2015.71, FORWARD_TUNNEL   ,           48,  115443, 0.19,        16, False    , on   , clang   , O2 , x86-64, dropbear-2015.71   , version_same
GPT  , dropbear     , 2015.71, FORWARD_TUNNEL   ,           37,   76852, 0.18,        13, False    , on   , clang   , O3 , arm   , dropbear-2016.72   , version_diff
GPT  , dropbear     , 2015.71, FORWARD_TUNNEL   ,           39,   89994, 0.18,        14, False    , on   , clang   , O3 , arm   , dropbear-2015.71   , version_same
GPT  , dropbear     , 2015.71, FORWARD_TUNNEL   ,           41,   67210, 0.19,        12, False    , on   , clang   , O3 , x86-64, dropbear-2016.72   , version_diff
GPT  , dropbear     , 2015.71, FORWARD_TUNNEL   ,           46,   79072, 0.19,        13, False    , on   , clang   , O3 , x86-64, dropbear-2015.71   , version_same
GPT  , dropbear     , 2015.71, FORWARD_TUNNEL   ,           37,   40496, 0.14,        10, False    , on   , gcc     , O2 , arm   , dropbear-2016.72   , version_diff
GPT  , dropbear     , 2015.71, FORWARD_TUNNEL   ,           28,   36619, 0.09,        10, False    , on   , gcc     , O2 , arm   , dropbear-2015.71   , version_same
GPT  , dropbear     , 2015.71, FORWARD_TUNNEL   ,           50,   82969, 0.19,        13, False    , on   , gcc     , O2 , x86-64, dropbear-2016.72   , version_diff
GPT  , dropbear     , 2015.71, FORWARD_TUNNEL   ,           35,  109475, 0.21,        15, False    , on   , gcc     , O2 , x86-64, dropbear-2015.71   , version_same
GPT  , dropbear     , 2015.71, FORWARD_TUNNEL   ,           47,   73009, 0.16,        13, False    , on   , gcc     , O3 , arm   , dropbear-2016.72   , version_diff
GPT  , dropbear     , 2015.71, FORWARD_TUNNEL   ,           31,   69903, 0.15,        13, False    , on   , gcc     , O3 , arm   , dropbear-2015.71   , version_same
GPT  , dropbear     , 2015.71, FORWARD_TUNNEL   ,           52,   91657, 0.22,        14, False    , on   , gcc     , O3 , x86-64, dropbear-2016.72   , version_diff
GPT  , dropbear     , 2015.71, FORWARD_TUNNEL   ,           37,  109263, 0.21,        15, False    , on   , gcc     , O3 , x86-64, dropbear-2015.71   , version_same
GPT  , dropbear     , 2015.71, X11FWD           ,           52,   94223, 0.16,        15, False    , off  , clang   , O2 , arm   , dropbear-2016.72   , version_diff
GPT  , dropbear     , 2015.71, X11FWD           ,           65,  118335, 0.17,        17, False    , off  , clang   , O2 , arm   , dropbear-2015.71   , version_same
GPT  , dropbear     , 2015.71, X11FWD           ,           46,   77685, 0.15,        13, False    , off  , clang   , O2 , x86-64, dropbear-2016.72   , version_diff
GPT  , dropbear     , 2015.71, X11FWD           ,           46,   86938, 0.21,        14, False    , off  , clang   , O2 , x86-64, dropbear-2015.71   , version_same
GPT  , dropbear     , 2015.71, X11FWD           ,           39,   60835, 0.14,        12, False    , off  , clang   , O3 , arm   , dropbear-2016.72   , version_diff
GPT  , dropbear     , 2015.71, X11FWD           ,           28,   46621, 0.1 ,        11, False    , off  , clang   , O3 , arm   , dropbear-2015.71   , version_same
GPT  , dropbear     , 2015.71, X11FWD           ,           60,   92066, 0.25,        14, False    , off  , clang   , O3 , x86-64, dropbear-2016.72   , version_diff
GPT  , dropbear     , 2015.71, X11FWD           ,           42,   78906, 0.14,        13, False    , off  , clang   , O3 , x86-64, dropbear-2015.71   , version_same
GPT  , dropbear     , 2015.71, X11FWD           ,           46,   49015, 0.14,        11, False    , off  , gcc     , O2 , arm   , dropbear-2016.72   , version_diff
GPT  , dropbear     , 2015.71, X11FWD           ,           31,   48724, 0.12,        11, False    , off  , gcc     , O2 , arm   , dropbear-2015.71   , version_same
GPT  , dropbear     , 2015.71, X11FWD           ,           46,   73070, 0.17,        14, False    , off  , gcc     , O2 , x86-64, dropbear-2016.72   , version_diff
GPT  , dropbear     , 2015.71, X11FWD           ,           27,   33997, 0.09,        10, False    , off  , gcc     , O2 , x86-64, dropbear-2015.71   , version_same
GPT  , dropbear     , 2015.71, X11FWD           ,           40,   52550, 0.13,        11, False    , off  , gcc     , O3 , arm   , dropbear-2016.72   , version_diff
GPT  , dropbear     , 2015.71, X11FWD           ,           42,   51840, 0.1 ,        11, False    , off  , gcc     , O3 , arm   , dropbear-2015.71   , version_same
GPT  , dropbear     , 2015.71, X11FWD           ,           47,   72313, 0.14,        14, False    , off  , gcc     , O3 , x86-64, dropbear-2016.72   , version_diff
GPT  , dropbear     , 2015.71, X11FWD           ,           34,   35546, 0.08,        10, False    , off  , gcc     , O3 , x86-64, dropbear-2015.71   , version_same
GPT  , dropbear     , 2015.71, X11FWD           ,           47,   82769, 0.17,        14, False    , on   , clang   , O2 , arm   , dropbear-2016.72   , version_diff
GPT  , dropbear     , 2015.71, X11FWD           ,           27,   45960, 0.09,        10, False    , on   , clang   , O2 , arm   , dropbear-2015.71   , version_same
GPT  , dropbear     , 2015.71, X11FWD           ,           53,   62291, 0.18,        12, False    , on   , clang   , O2 , x86-64, dropbear-2016.72   , version_diff
GPT  , dropbear     , 2015.71, X11FWD           ,           26,   49297, 0.12,        10, False    , on   , clang   , O2 , x86-64, dropbear-2015.71   , version_same
GPT  , dropbear     , 2015.71, X11FWD           ,           37,   75433, 0.19,        13, False    , on   , clang   , O3 , arm   , dropbear-2016.72   , version_diff
GPT  , dropbear     , 2015.71, X11FWD           ,           33,   45931, 0.09,        10, False    , on   , clang   , O3 , arm   , dropbear-2015.71   , version_same
GPT  , dropbear     , 2015.71, X11FWD           ,           46,   92233, 0.21,        14, False    , on   , clang   , O3 , x86-64, dropbear-2016.72   , version_diff
GPT  , dropbear     , 2015.71, X11FWD           ,           32,   63836, 0.13,        12, False    , on   , clang   , O3 , x86-64, dropbear-2015.71   , version_same
GPT  , dropbear     , 2015.71, X11FWD           ,           34,   49752, 0.14,        11, False    , on   , gcc     , O2 , arm   , dropbear-2016.72   , version_diff
GPT  , dropbear     , 2015.71, X11FWD           ,           28,   41933, 0.08,        10, False    , on   , gcc     , O2 , arm   , dropbear-2015.71   , version_same
GPT  , dropbear     , 2015.71, X11FWD           ,           41,   75846, 0.18,        13, False    , on   , gcc     , O2 , x86-64, dropbear-2016.72   , version_diff
GPT  , dropbear     , 2015.71, X11FWD           ,           35,   64889, 0.11,        12, False    , on   , gcc     , O2 , x86-64, dropbear-2015.71   , version_same
GPT  , dropbear     , 2015.71, X11FWD           ,           30,   53196, 0.15,        11, False    , on   , gcc     , O3 , arm   , dropbear-2016.72   , version_diff
GPT  , dropbear     , 2015.71, X11FWD           ,           28,   44416, 0.09,        10, False    , on   , gcc     , O3 , arm   , dropbear-2015.71   , version_same
GPT  , dropbear     , 2015.71, X11FWD           ,           30,   38217, 0.1 ,        10, False    , on   , gcc     , O3 , x86-64, dropbear-2016.72   , version_diff
GPT  , dropbear     , 2015.71, X11FWD           ,           22,   37287, 0.08,        10, False    , on   , gcc     , O3 , x86-64, dropbear-2015.71   , version_same
GPT  , htslib       , 1.10.2 , bz2              ,           24,   23881, 0.08,         8, False    , off  , clang   , O2 , arm   , htslib-1.11        , version_diff
GPT  , htslib       , 1.10.2 , bz2              ,           22,   23772, 0.07,         8, False    , off  , clang   , O2 , arm   , htslib-1.10.2      , version_same
GPT  , htslib       , 1.10.2 , bz2              ,           10,    8005, 0.04,         4, False    , off  , clang   , O2 , x86-64, htslib-1.11        , version_diff
GPT  , htslib       , 1.10.2 , bz2              ,           17,   11150, 0.04,         5, False    , off  , clang   , O2 , x86-64, htslib-1.10.2      , version_same
GPT  , htslib       , 1.10.2 , bz2              ,           26,   23564, 0.09,         8, False    , off  , clang   , O3 , arm   , htslib-1.11        , version_diff
GPT  , htslib       , 1.10.2 , bz2              ,           25,   23517, 0.07,         8, False    , off  , clang   , O3 , arm   , htslib-1.10.2      , version_same
GPT  , htslib       , 1.10.2 , bz2              ,           13,    8039, 0.04,         4, False    , off  , clang   , O3 , x86-64, htslib-1.11        , version_diff
GPT  , htslib       , 1.10.2 , bz2              ,            8,    7978, 0.04,         4, False    , off  , clang   , O3 , x86-64, htslib-1.10.2      , version_same
GPT  , htslib       , 1.10.2 , bz2              ,           34,   24394, 0.08,         8, False    , off  , gcc     , O2 , arm   , htslib-1.11        , version_diff
GPT  , htslib       , 1.10.2 , bz2              ,           13,   15131, 0.05,         6, False    , off  , gcc     , O2 , arm   , htslib-1.10.2      , version_same
GPT  , htslib       , 1.10.2 , bz2              ,           23,   16696, 0.07,         7, False    , off  , gcc     , O2 , x86-64, htslib-1.11        , version_diff
GPT  , htslib       , 1.10.2 , bz2              ,           15,   16880, 0.06,         7, False    , off  , gcc     , O2 , x86-64, htslib-1.10.2      , version_same
GPT  , htslib       , 1.10.2 , bz2              ,           33,   24139, 0.07,         8, False    , off  , gcc     , O3 , arm   , htslib-1.11        , version_diff
GPT  , htslib       , 1.10.2 , bz2              ,           26,   24058, 0.07,         8, False    , off  , gcc     , O3 , arm   , htslib-1.10.2      , version_same
GPT  , htslib       , 1.10.2 , bz2              ,           24,   17442, 0.06,         7, False    , off  , gcc     , O3 , x86-64, htslib-1.11        , version_diff
GPT  , htslib       , 1.10.2 , bz2              ,           17,   17353, 0.06,         7, False    , off  , gcc     , O3 , x86-64, htslib-1.10.2      , version_same
GPT  , htslib       , 1.10.2 , bz2              ,           30,   25589, 0.08,         8, False    , on   , clang   , O2 , arm   , htslib-1.11        , version_diff
GPT  , htslib       , 1.10.2 , bz2              ,           25,   25337, 0.07,         8, False    , on   , clang   , O2 , arm   , htslib-1.10.2      , version_same
GPT  , htslib       , 1.10.2 , bz2              ,           27,   44606, 0.14,        10, False    , on   , clang   , O2 , x86-64, htslib-1.11        , version_diff
GPT  , htslib       , 1.10.2 , bz2              ,           26,   44508, 0.12,        10, False    , on   , clang   , O2 , x86-64, htslib-1.10.2      , version_same
GPT  , htslib       , 1.10.2 , bz2              ,           23,   23985, 0.08,         8, False    , on   , clang   , O3 , arm   , htslib-1.11        , version_diff
GPT  , htslib       , 1.10.2 , bz2              ,           48,   24055, 0.08,         8, False    , on   , clang   , O3 , arm   , htslib-1.10.2      , version_same
GPT  , htslib       , 1.10.2 , bz2              ,           40,   44338, 0.12,        10, False    , on   , clang   , O3 , x86-64, htslib-1.11        , version_diff
GPT  , htslib       , 1.10.2 , bz2              ,           54,   62208, 0.13,        12, False    , on   , clang   , O3 , x86-64, htslib-1.10.2      , version_same
GPT  , htslib       , 1.10.2 , bz2              ,           27,   26586, 0.1 ,         8, False    , on   , gcc     , O2 , arm   , htslib-1.11        , version_diff
GPT  , htslib       , 1.10.2 , bz2              ,           54,   32575, 0.11,         9, False    , on   , gcc     , O2 , arm   , htslib-1.10.2      , version_same
GPT  , htslib       , 1.10.2 , bz2              ,           36,   27210, 0.08,         9, False    , on   , gcc     , O2 , x86-64, htslib-1.11        , version_diff
GPT  , htslib       , 1.10.2 , bz2              ,           21,   16765, 0.06,         7, False    , on   , gcc     , O2 , x86-64, htslib-1.10.2      , version_same
GPT  , htslib       , 1.10.2 , bz2              ,           33,   23925, 0.1 ,         8, False    , on   , gcc     , O3 , arm   , htslib-1.11        , version_diff
GPT  , htslib       , 1.10.2 , bz2              ,           22,   24079, 0.08,         8, False    , on   , gcc     , O3 , arm   , htslib-1.10.2      , version_same
GPT  , htslib       , 1.10.2 , bz2              ,           28,   34888, 0.1 ,         9, False    , on   , gcc     , O3 , x86-64, htslib-1.11        , version_diff
GPT  , htslib       , 1.10.2 , bz2              ,           31,   42338, 0.12,        10, False    , on   , gcc     , O3 , x86-64, htslib-1.10.2      , version_same
GPT  , htslib       , 1.10.2 , libcurl          ,           86,  264712, 0.43,        23, False    , off  , clang   , O2 , arm   , htslib-1.11        , version_diff
GPT  , htslib       , 1.10.2 , libcurl          ,           74,  238901, 0.31,        22, False    , off  , clang   , O2 , arm   , htslib-1.10.2      , version_same
GPT  , htslib       , 1.10.2 , libcurl          ,           54,  120998, 0.22,        16, False    , off  , clang   , O2 , x86-64, htslib-1.11        , version_diff
GPT  , htslib       , 1.10.2 , libcurl          ,           53,  120387, 0.21,        16, False    , off  , clang   , O2 , x86-64, htslib-1.10.2      , version_same
GPT  , htslib       , 1.10.2 , libcurl          ,           47,   42259, 0.11,        11, False    , off  , clang   , O3 , arm   , htslib-1.11        , version_diff
GPT  , htslib       , 1.10.2 , libcurl          ,           29,   46189, 0.09,        11, False    , off  , clang   , O3 , arm   , htslib-1.10.2      , version_same
GPT  , htslib       , 1.10.2 , libcurl          ,           36,   55214, 0.12,        11, False    , off  , clang   , O3 , x86-64, htslib-1.11        , version_diff
GPT  , htslib       , 1.10.2 , libcurl          ,           38,   50465, 0.12,        11, False    , off  , clang   , O3 , x86-64, htslib-1.10.2      , version_same
GPT  , htslib       , 1.10.2 , libcurl          ,           26,   23931, 0.07,         9, False    , off  , gcc     , O2 , arm   , htslib-1.11        , version_diff
GPT  , htslib       , 1.10.2 , libcurl          ,           23,   23627, 0.06,         9, False    , off  , gcc     , O2 , arm   , htslib-1.10.2      , version_same
GPT  , htslib       , 1.10.2 , libcurl          ,           30,   26546, 0.08,         9, False    , off  , gcc     , O2 , x86-64, htslib-1.11        , version_diff
GPT  , htslib       , 1.10.2 , libcurl          ,           26,   26316, 0.08,         9, False    , off  , gcc     , O2 , x86-64, htslib-1.10.2      , version_same
GPT  , htslib       , 1.10.2 , libcurl          ,           33,   42722, 0.11,        11, False    , off  , gcc     , O3 , arm   , htslib-1.11        , version_diff
GPT  , htslib       , 1.10.2 , libcurl          ,           34,   49324, 0.11,        12, False    , off  , gcc     , O3 , arm   , htslib-1.10.2      , version_same
GPT  , htslib       , 1.10.2 , libcurl          ,           35,   38511, 0.09,        10, False    , off  , gcc     , O3 , x86-64, htslib-1.11        , version_diff
GPT  , htslib       , 1.10.2 , libcurl          ,           36,   38093, 0.1 ,        10, False    , off  , gcc     , O3 , x86-64, htslib-1.10.2      , version_same
GPT  , htslib       , 1.10.2 , libcurl          ,           32,  110358, 0.16,        15, False    , on   , clang   , O2 , arm   , htslib-1.11        , version_diff
GPT  , htslib       , 1.10.2 , libcurl          ,           21,   31055, 0.09,         8, False    , on   , clang   , O2 , arm   , htslib-1.10.2      , version_same
GPT  , htslib       , 1.10.2 , libcurl          ,           30,   83204, 0.17,        13, False    , on   , clang   , O2 , x86-64, htslib-1.11        , version_diff
GPT  , htslib       , 1.10.2 , libcurl          ,           19,   24381, 0.09,         7, False    , on   , clang   , O2 , x86-64, htslib-1.10.2      , version_same
GPT  , htslib       , 1.10.2 , libcurl          ,           53,   97153, 0.14,        14, False    , on   , clang   , O3 , arm   , htslib-1.11        , version_diff
GPT  , htslib       , 1.10.2 , libcurl          ,           28,   49049, 0.1 ,        10, False    , on   , clang   , O3 , arm   , htslib-1.10.2      , version_same
GPT  , htslib       , 1.10.2 , libcurl          ,           39,   97397, 0.17,        14, False    , on   , clang   , O3 , x86-64, htslib-1.11        , version_diff
GPT  , htslib       , 1.10.2 , libcurl          ,           18,   32050, 0.09,         8, False    , on   , clang   , O3 , x86-64, htslib-1.10.2      , version_same
GPT  , htslib       , 1.10.2 , libcurl          ,           29,   37786, 0.1 ,        10, False    , on   , gcc     , O2 , arm   , htslib-1.11        , version_diff
GPT  , htslib       , 1.10.2 , libcurl          ,           20,   19759, 0.05,         7, False    , on   , gcc     , O2 , arm   , htslib-1.10.2      , version_same
GPT  , htslib       , 1.10.2 , libcurl          ,           23,   51280, 0.13,        10, False    , on   , gcc     , O2 , x86-64, htslib-1.11        , version_diff
GPT  , htslib       , 1.10.2 , libcurl          ,           20,   24381, 0.08,         7, False    , on   , gcc     , O2 , x86-64, htslib-1.10.2      , version_same
GPT  , htslib       , 1.10.2 , libcurl          ,           52,  162744, 0.21,        18, False    , on   , gcc     , O3 , arm   , htslib-1.11        , version_diff
GPT  , htslib       , 1.10.2 , libcurl          ,           23,   39261, 0.13,         9, False    , on   , gcc     , O3 , arm   , htslib-1.10.2      , version_same
GPT  , htslib       , 1.10.2 , libcurl          ,           15,   24597, 0.07,         7, False    , on   , gcc     , O3 , x86-64, htslib-1.11        , version_diff
GPT  , htslib       , 1.10.2 , libcurl          ,           16,   24351, 0.07,         7, False    , on   , gcc     , O3 , x86-64, htslib-1.10.2      , version_same
GPT  , libjpeg-turbo, 2.1.4  , arith_enc        ,           31,   36910, 0.1 ,         9, False    , off  , clang   , O2 , arm   , libjpeg-turbo-2.1.5, version_diff
GPT  , libjpeg-turbo, 2.1.4  , arith_enc        ,           23,   29068, 0.08,         8, False    , off  , clang   , O2 , arm   , libjpeg-turbo-2.1.4, version_same
GPT  , libjpeg-turbo, 2.1.4  , arith_enc        ,           10,   12598, 0.05,         5, False    , off  , clang   , O2 , x86-64, libjpeg-turbo-2.1.5, version_diff
GPT  , libjpeg-turbo, 2.1.4  , arith_enc        ,           41,   70218, 0.13,        12, False    , off  , clang   , O2 , x86-64, libjpeg-turbo-2.1.4, version_same
GPT  , libjpeg-turbo, 2.1.4  , arith_enc        ,           29,   38173, 0.09,         9, False    , off  , clang   , O3 , arm   , libjpeg-turbo-2.1.5, version_diff
GPT  , libjpeg-turbo, 2.1.4  , arith_enc        ,           38,   67678, 0.16,        12, False    , off  , clang   , O3 , arm   , libjpeg-turbo-2.1.4, version_same
GPT  , libjpeg-turbo, 2.1.4  , arith_enc        ,           47,   40117, 0.09,         9, False    , off  , clang   , O3 , x86-64, libjpeg-turbo-2.1.5, version_diff
GPT  , libjpeg-turbo, 2.1.4  , arith_enc        ,           53,   83867, 0.18,        13, False    , off  , clang   , O3 , x86-64, libjpeg-turbo-2.1.4, version_same
GPT  , libjpeg-turbo, 2.1.4  , arith_enc        ,           17,   22977, 0.06,         7, False    , off  , gcc     , O2 , arm   , libjpeg-turbo-2.1.5, version_diff
GPT  , libjpeg-turbo, 2.1.4  , arith_enc        ,           47,   65399, 0.17,        12, False    , off  , gcc     , O2 , arm   , libjpeg-turbo-2.1.4, version_same
GPT  , libjpeg-turbo, 2.1.4  , arith_enc        ,           37,   62600, 0.13,        12, False    , off  , gcc     , O2 , x86-64, libjpeg-turbo-2.1.5, version_diff
GPT  , libjpeg-turbo, 2.1.4  , arith_enc        ,           33,   62771, 0.14,        12, False    , off  , gcc     , O2 , x86-64, libjpeg-turbo-2.1.4, version_same
GPT  , libjpeg-turbo, 2.1.4  , arith_enc        ,           73,  125308, 0.24,        17, False    , off  , gcc     , O3 , arm   , libjpeg-turbo-2.1.5, version_diff
GPT  , libjpeg-turbo, 2.1.4  , arith_enc        ,           48,   87871, 0.17,        14, False    , off  , gcc     , O3 , arm   , libjpeg-turbo-2.1.4, version_same
GPT  , libjpeg-turbo, 2.1.4  , arith_enc        ,           45,   62566, 0.13,        12, False    , off  , gcc     , O3 , x86-64, libjpeg-turbo-2.1.5, version_diff
GPT  , libjpeg-turbo, 2.1.4  , arith_enc        ,           38,   63024, 0.16,        12, False    , off  , gcc     , O3 , x86-64, libjpeg-turbo-2.1.4, version_same
GPT  , libjpeg-turbo, 2.1.4  , arith_enc        ,           47,   80357, 0.14,        14, False    , on   , clang   , O2 , arm   , libjpeg-turbo-2.1.5, version_diff
GPT  , libjpeg-turbo, 2.1.4  , arith_enc        ,           44,   80656, 0.17,        14, False    , on   , clang   , O2 , arm   , libjpeg-turbo-2.1.4, version_same
GPT  , libjpeg-turbo, 2.1.4  , arith_enc        ,           50,  114341, 0.23,        15, False    , on   , clang   , O2 , x86-64, libjpeg-turbo-2.1.5, version_diff
GPT  , libjpeg-turbo, 2.1.4  , arith_enc        ,           40,   70985, 0.18,        12, False    , on   , clang   , O2 , x86-64, libjpeg-turbo-2.1.4, version_same
GPT  , libjpeg-turbo, 2.1.4  , arith_enc        ,           42,   80600, 0.17,        14, False    , on   , clang   , O3 , arm   , libjpeg-turbo-2.1.5, version_diff
GPT  , libjpeg-turbo, 2.1.4  , arith_enc        ,           38,   54889, 0.11,        11, False    , on   , clang   , O3 , arm   , libjpeg-turbo-2.1.4, version_same
GPT  , libjpeg-turbo, 2.1.4  , arith_enc        ,           34,   72783, 0.18,        12, False    , on   , clang   , O3 , x86-64, libjpeg-turbo-2.1.5, version_diff
GPT  , libjpeg-turbo, 2.1.4  , arith_enc        ,           38,   72977, 0.16,        12, False    , on   , clang   , O3 , x86-64, libjpeg-turbo-2.1.4, version_same
GPT  , libjpeg-turbo, 2.1.4  , arith_enc        ,           43,   61982, 0.16,        12, False    , on   , gcc     , O2 , arm   , libjpeg-turbo-2.1.5, version_diff
GPT  , libjpeg-turbo, 2.1.4  , arith_enc        ,           41,   54831, 0.12,        11, False    , on   , gcc     , O2 , arm   , libjpeg-turbo-2.1.4, version_same
GPT  , libjpeg-turbo, 2.1.4  , arith_enc        ,           46,   97353, 0.16,        15, False    , on   , gcc     , O2 , x86-64, libjpeg-turbo-2.1.5, version_diff
GPT  , libjpeg-turbo, 2.1.4  , arith_enc        ,           35,   44685, 0.11,        10, False    , on   , gcc     , O2 , x86-64, libjpeg-turbo-2.1.4, version_same
GPT  , libjpeg-turbo, 2.1.4  , arith_enc        ,           37,   61696, 0.12,        12, False    , on   , gcc     , O3 , arm   , libjpeg-turbo-2.1.5, version_diff
GPT  , libjpeg-turbo, 2.1.4  , arith_enc        ,           40,   61992, 0.15,        12, False    , on   , gcc     , O3 , arm   , libjpeg-turbo-2.1.4, version_same
GPT  , libjpeg-turbo, 2.1.4  , arith_enc        ,           53,   97307, 0.15,        15, False    , on   , gcc     , O3 , x86-64, libjpeg-turbo-2.1.5, version_diff
GPT  , libjpeg-turbo, 2.1.4  , arith_enc        ,           36,   44999, 0.11,        10, False    , on   , gcc     , O3 , x86-64, libjpeg-turbo-2.1.4, version_same
GPT  , libjpeg-turbo, 2.1.4  , simd             ,           26,   25318, 0.07,         9, False    , off  , clang   , O2 , arm   , libjpeg-turbo-2.1.5, version_diff
GPT  , libjpeg-turbo, 2.1.4  , simd             ,           27,   26959, 0.08,         9, False    , off  , clang   , O2 , arm   , libjpeg-turbo-2.1.4, version_same
GPT  , libjpeg-turbo, 2.1.4  , simd             ,           27,   27482, 0.08,         9, False    , off  , clang   , O2 , x86-64, libjpeg-turbo-2.1.5, version_diff
GPT  , libjpeg-turbo, 2.1.4  , simd             ,           34,   27811, 0.1 ,         9, False    , off  , clang   , O2 , x86-64, libjpeg-turbo-2.1.4, version_same
GPT  , libjpeg-turbo, 2.1.4  , simd             ,           23,   25266, 0.06,         9, False    , off  , clang   , O3 , arm   , libjpeg-turbo-2.1.5, version_diff
GPT  , libjpeg-turbo, 2.1.4  , simd             ,           26,   26982, 0.08,         9, False    , off  , clang   , O3 , arm   , libjpeg-turbo-2.1.4, version_same
GPT  , libjpeg-turbo, 2.1.4  , simd             ,           24,   27449, 0.08,         9, False    , off  , clang   , O3 , x86-64, libjpeg-turbo-2.1.5, version_diff
GPT  , libjpeg-turbo, 2.1.4  , simd             ,           31,   27794, 0.08,         9, False    , off  , clang   , O3 , x86-64, libjpeg-turbo-2.1.4, version_same
GPT  , libjpeg-turbo, 2.1.4  , simd             ,           24,   24370, 0.08,         9, False    , off  , gcc     , O2 , arm   , libjpeg-turbo-2.1.5, version_diff
GPT  , libjpeg-turbo, 2.1.4  , simd             ,           29,   26221, 0.07,         9, False    , off  , gcc     , O2 , arm   , libjpeg-turbo-2.1.4, version_same
GPT  , libjpeg-turbo, 2.1.4  , simd             ,           23,   24460, 0.08,         9, False    , off  , gcc     , O2 , x86-64, libjpeg-turbo-2.1.5, version_diff
GPT  , libjpeg-turbo, 2.1.4  , simd             ,           30,   24633, 0.06,         9, False    , off  , gcc     , O2 , x86-64, libjpeg-turbo-2.1.4, version_same
GPT  , libjpeg-turbo, 2.1.4  , simd             ,           24,   24362, 0.08,         9, False    , off  , gcc     , O3 , arm   , libjpeg-turbo-2.1.5, version_diff
GPT  , libjpeg-turbo, 2.1.4  , simd             ,           18,   26281, 0.09,         9, False    , off  , gcc     , O3 , arm   , libjpeg-turbo-2.1.4, version_same
GPT  , libjpeg-turbo, 2.1.4  , simd             ,           31,   24432, 0.07,         9, False    , off  , gcc     , O3 , x86-64, libjpeg-turbo-2.1.5, version_diff
GPT  , libjpeg-turbo, 2.1.4  , simd             ,           29,   24622, 0.08,         9, False    , off  , gcc     , O3 , x86-64, libjpeg-turbo-2.1.4, version_same
GPT  , libjpeg-turbo, 2.1.4  , simd             ,           25,   26790, 0.07,         9, False    , on   , clang   , O2 , arm   , libjpeg-turbo-2.1.5, version_diff
GPT  , libjpeg-turbo, 2.1.4  , simd             ,           28,   26276, 0.06,         9, False    , on   , clang   , O2 , arm   , libjpeg-turbo-2.1.4, version_same
GPT  , libjpeg-turbo, 2.1.4  , simd             ,            9,   11064, 0.05,         5, False    , on   , clang   , O2 , x86-64, libjpeg-turbo-2.1.5, version_diff
GPT  , libjpeg-turbo, 2.1.4  , simd             ,           12,   11352, 0.04,         5, False    , on   , clang   , O2 , x86-64, libjpeg-turbo-2.1.4, version_same
GPT  , libjpeg-turbo, 2.1.4  , simd             ,           41,   26898, 0.07,         9, False    , on   , clang   , O3 , arm   , libjpeg-turbo-2.1.5, version_diff
GPT  , libjpeg-turbo, 2.1.4  , simd             ,           24,   26450, 0.08,         9, False    , on   , clang   , O3 , arm   , libjpeg-turbo-2.1.4, version_same
GPT  , libjpeg-turbo, 2.1.4  , simd             ,           59,   27625, 0.07,         9, False    , on   , clang   , O3 , x86-64, libjpeg-turbo-2.1.5, version_diff
GPT  , libjpeg-turbo, 2.1.4  , simd             ,           13,   11375, 0.04,         5, False    , on   , clang   , O3 , x86-64, libjpeg-turbo-2.1.4, version_same
GPT  , libjpeg-turbo, 2.1.4  , simd             ,           25,   27717, 0.07,         9, False    , on   , gcc     , O2 , arm   , libjpeg-turbo-2.1.5, version_diff
GPT  , libjpeg-turbo, 2.1.4  , simd             ,           28,   30662, 0.1 ,         9, False    , on   , gcc     , O2 , arm   , libjpeg-turbo-2.1.4, version_same
GPT  , libjpeg-turbo, 2.1.4  , simd             ,           20,   21863, 0.07,         8, False    , on   , gcc     , O2 , x86-64, libjpeg-turbo-2.1.5, version_diff
GPT  , libjpeg-turbo, 2.1.4  , simd             ,           20,   21740, 0.06,         8, False    , on   , gcc     , O2 , x86-64, libjpeg-turbo-2.1.4, version_same
GPT  , libjpeg-turbo, 2.1.4  , simd             ,           29,   28019, 0.09,         9, False    , on   , gcc     , O3 , arm   , libjpeg-turbo-2.1.5, version_diff
GPT  , libjpeg-turbo, 2.1.4  , simd             ,           28,   30696, 0.09,         9, False    , on   , gcc     , O3 , arm   , libjpeg-turbo-2.1.4, version_same
GPT  , libjpeg-turbo, 2.1.4  , simd             ,           22,   26722, 0.07,         9, False    , on   , gcc     , O3 , x86-64, libjpeg-turbo-2.1.5, version_diff
GPT  , libjpeg-turbo, 2.1.4  , simd             ,           20,   21695, 0.05,         8, False    , on   , gcc     , O3 , x86-64, libjpeg-turbo-2.1.4, version_same
GPT  , libtiff      , 4.1.0  , defer-strile-load,           69,  146730, 0.27,        18, False    , off  , clang   , O2 , arm   , libtiff-4.2.0      , version_diff
GPT  , libtiff      , 4.1.0  , defer-strile-load,           18,   30353, 0.08,         8, False    , off  , clang   , O2 , arm   , libtiff-4.1.0      , version_same
GPT  , libtiff      , 4.1.0  , defer-strile-load,           57,  123201, 0.21,        16, False    , off  , clang   , O2 , x86-64, libtiff-4.2.0      , version_diff
GPT  , libtiff      , 4.1.0  , defer-strile-load,           27,   39551, 0.11,         9, False    , off  , clang   , O2 , x86-64, libtiff-4.1.0      , version_same
GPT  , libtiff      , 4.1.0  , defer-strile-load,           28,   38900, 0.12,         9, False    , off  , clang   , O3 , arm   , libtiff-4.2.0      , version_diff
GPT  , libtiff      , 4.1.0  , defer-strile-load,           27,   37758, 0.12,         9, False    , off  , clang   , O3 , arm   , libtiff-4.1.0      , version_same
GPT  , libtiff      , 4.1.0  , defer-strile-load,           48,   82970, 0.2 ,        13, False    , off  , clang   , O3 , x86-64, libtiff-4.2.0      , version_diff
GPT  , libtiff      , 4.1.0  , defer-strile-load,           29,   38389, 0.12,         9, False    , off  , clang   , O3 , x86-64, libtiff-4.1.0      , version_same
GPT  , libtiff      , 4.1.0  , defer-strile-load,           59,  112351, 0.19,        15, False    , off  , gcc     , O2 , arm   , libtiff-4.2.0      , version_diff
GPT  , libtiff      , 4.1.0  , defer-strile-load,           36,   38826, 0.12,         9, False    , off  , gcc     , O2 , arm   , libtiff-4.1.0      , version_same
GPT  , libtiff      , 4.1.0  , defer-strile-load,           62,  129073, 0.21,        16, False    , off  , gcc     , O2 , x86-64, libtiff-4.2.0      , version_diff
GPT  , libtiff      , 4.1.0  , defer-strile-load,           13,   17596, 0.06,         6, False    , off  , gcc     , O2 , x86-64, libtiff-4.1.0      , version_same
GPT  , libtiff      , 4.1.0  , defer-strile-load,           27,   48597, 0.14,        10, False    , off  , gcc     , O3 , arm   , libtiff-4.2.0      , version_diff
GPT  , libtiff      , 4.1.0  , defer-strile-load,           25,   38546, 0.12,         9, False    , off  , gcc     , O3 , arm   , libtiff-4.1.0      , version_same
GPT  , libtiff      , 4.1.0  , defer-strile-load,           52,  127313, 0.25,        16, False    , off  , gcc     , O3 , x86-64, libtiff-4.2.0      , version_diff
GPT  , libtiff      , 4.1.0  , defer-strile-load,           17,   23513, 0.09,         7, False    , off  , gcc     , O3 , x86-64, libtiff-4.1.0      , version_same
GPT  , libtiff      , 4.1.0  , defer-strile-load,           39,   57860, 0.13,        12, False    , on   , clang   , O2 , arm   , libtiff-4.2.0      , version_diff
GPT  , libtiff      , 4.1.0  , defer-strile-load,           26,   30389, 0.09,         8, False    , on   , clang   , O2 , arm   , libtiff-4.1.0      , version_same
GPT  , libtiff      , 4.1.0  , defer-strile-load,           24,   39668, 0.09,         9, False    , on   , clang   , O2 , x86-64, libtiff-4.2.0      , version_diff
GPT  , libtiff      , 4.1.0  , defer-strile-load,           14,   17475, 0.05,         6, False    , on   , clang   , O2 , x86-64, libtiff-4.1.0      , version_same
GPT  , libtiff      , 4.1.0  , defer-strile-load,           40,   67827, 0.12,        13, False    , on   , clang   , O3 , arm   , libtiff-4.2.0      , version_diff
GPT  , libtiff      , 4.1.0  , defer-strile-load,           14,   16918, 0.05,         6, False    , on   , clang   , O3 , arm   , libtiff-4.1.0      , version_same
GPT  , libtiff      , 4.1.0  , defer-strile-load,           58,  140932, 0.27,        17, False    , on   , clang   , O3 , x86-64, libtiff-4.2.0      , version_diff
GPT  , libtiff      , 4.1.0  , defer-strile-load,           14,   23066, 0.06,         7, False    , on   , clang   , O3 , x86-64, libtiff-4.1.0      , version_same
GPT  , libtiff      , 4.1.0  , defer-strile-load,           49,  111822, 0.22,        15, False    , on   , gcc     , O2 , arm   , libtiff-4.2.0      , version_diff
GPT  , libtiff      , 4.1.0  , defer-strile-load,           18,   23079, 0.06,         7, False    , on   , gcc     , O2 , arm   , libtiff-4.1.0      , version_same
GPT  , libtiff      , 4.1.0  , defer-strile-load,           54,   98539, 0.22,        14, False    , on   , gcc     , O2 , x86-64, libtiff-4.2.0      , version_diff
GPT  , libtiff      , 4.1.0  , defer-strile-load,           12,   17311, 0.06,         6, False    , on   , gcc     , O2 , x86-64, libtiff-4.1.0      , version_same
GPT  , libtiff      , 4.1.0  , defer-strile-load,           81,  206828, 0.26,        21, False    , on   , gcc     , O3 , arm   , libtiff-4.2.0      , version_diff
GPT  , libtiff      , 4.1.0  , defer-strile-load,           24,   22723, 0.07,         7, False    , on   , gcc     , O3 , arm   , libtiff-4.1.0      , version_same
GPT  , libtiff      , 4.1.0  , defer-strile-load,           36,   49018, 0.11,        10, False    , on   , gcc     , O3 , x86-64, libtiff-4.2.0      , version_diff
GPT  , libtiff      , 4.1.0  , defer-strile-load,           17,   23312, 0.07,         7, False    , on   , gcc     , O3 , x86-64, libtiff-4.1.0      , version_same
GPT  , libtiff      , 4.1.0  , strip-chopping   ,          109,  443587, 0.7 ,        30, False    , off  , clang   , O2 , arm   , libtiff-4.2.0      , version_diff
GPT  , libtiff      , 4.1.0  , strip-chopping   ,           73,  237551, 0.29,        22, False    , off  , clang   , O2 , arm   , libtiff-4.1.0      , version_same
GPT  , libtiff      , 4.1.0  , strip-chopping   ,           90,  302258, 0.35,        25, False    , off  , clang   , O2 , x86-64, libtiff-4.2.0      , version_diff
GPT  , libtiff      , 4.1.0  , strip-chopping   ,           87,  262742, 0.43,        23, False    , off  , clang   , O2 , x86-64, libtiff-4.1.0      , version_same
GPT  , libtiff      , 4.1.0  , strip-chopping   ,          114,  445141, 0.49,        30, False    , off  , clang   , O3 , arm   , libtiff-4.2.0      , version_diff
GPT  , libtiff      , 4.1.0  , strip-chopping   ,          151,  418288, 0.5 ,        29, False    , off  , clang   , O3 , arm   , libtiff-4.1.0      , version_same
GPT  , libtiff      , 4.1.0  , strip-chopping   ,           64,  265867, 0.42,        23, False    , off  , clang   , O3 , x86-64, libtiff-4.2.0      , version_diff
GPT  , libtiff      , 4.1.0  , strip-chopping   ,           89,  266805, 0.42,        23, False    , off  , clang   , O3 , x86-64, libtiff-4.1.0      , version_same
GPT  , libtiff      , 4.1.0  , strip-chopping   ,           63,  186209, 0.29,        19, False    , off  , gcc     , O2 , arm   , libtiff-4.2.0      , version_diff
GPT  , libtiff      , 4.1.0  , strip-chopping   ,           97,  186374, 0.33,        19, False    , off  , gcc     , O2 , arm   , libtiff-4.1.0      , version_same
GPT  , libtiff      , 4.1.0  , strip-chopping   ,           89,  324891, 0.37,        25, False    , off  , gcc     , O2 , x86-64, libtiff-4.2.0      , version_diff
GPT  , libtiff      , 4.1.0  , strip-chopping   ,           76,  227101, 0.29,        21, False    , off  , gcc     , O2 , x86-64, libtiff-4.1.0      , version_same
GPT  , libtiff      , 4.1.0  , strip-chopping   ,           73,  320198, 0.38,        25, False    , off  , gcc     , O3 , arm   , libtiff-4.2.0      , version_diff
GPT  , libtiff      , 4.1.0  , strip-chopping   ,           81,  295175, 0.42,        24, False    , off  , gcc     , O3 , arm   , libtiff-4.1.0      , version_same
GPT  , libtiff      , 4.1.0  , strip-chopping   ,           84,  348607, 0.43,        26, False    , off  , gcc     , O3 , x86-64, libtiff-4.2.0      , version_diff
GPT  , libtiff      , 4.1.0  , strip-chopping   ,          124,  403561, 0.49,        28, False    , off  , gcc     , O3 , x86-64, libtiff-4.1.0      , version_same
GPT  , libtiff      , 4.1.0  , strip-chopping   ,          109,  388178, 0.54,        28, False    , on   , clang   , O2 , arm   , libtiff-4.2.0      , version_diff
GPT  , libtiff      , 4.1.0  , strip-chopping   ,          100,  309503, 0.44,        25, False    , on   , clang   , O2 , arm   , libtiff-4.1.0      , version_same
GPT  , libtiff      , 4.1.0  , strip-chopping   ,           85,  303168, 0.37,        25, False    , on   , clang   , O2 , x86-64, libtiff-4.2.0      , version_diff
GPT  , libtiff      , 4.1.0  , strip-chopping   ,           66,  157638, 0.25,        18, False    , on   , clang   , O2 , x86-64, libtiff-4.1.0      , version_same
GPT  , libtiff      , 4.1.0  , strip-chopping   ,           95,  420349, 0.53,        29, False    , on   , clang   , O3 , arm   , libtiff-4.2.0      , version_diff
GPT  , libtiff      , 4.1.0  , strip-chopping   ,          112,  390089, 0.53,        28, False    , on   , clang   , O3 , arm   , libtiff-4.1.0      , version_same
GPT  , libtiff      , 4.1.0  , strip-chopping   ,           84,  220236, 0.35,        21, False    , on   , clang   , O3 , x86-64, libtiff-4.2.0      , version_diff
GPT  , libtiff      , 4.1.0  , strip-chopping   ,           90,  220612, 0.36,        21, False    , on   , clang   , O3 , x86-64, libtiff-4.1.0      , version_same
GPT  , libtiff      , 4.1.0  , strip-chopping   ,           49,  146951, 0.21,        17, False    , on   , gcc     , O2 , arm   , libtiff-4.2.0      , version_diff
GPT  , libtiff      , 4.1.0  , strip-chopping   ,           49,  147886, 0.22,        17, False    , on   , gcc     , O2 , arm   , libtiff-4.1.0      , version_same
GPT  , libtiff      , 4.1.0  , strip-chopping   ,           62,  250372, 0.33,        22, False    , on   , gcc     , O2 , x86-64, libtiff-4.2.0      , version_diff
GPT  , libtiff      , 4.1.0  , strip-chopping   ,           60,  227878, 0.37,        21, False    , on   , gcc     , O2 , x86-64, libtiff-4.1.0      , version_same
GPT  , libtiff      , 4.1.0  , strip-chopping   ,           65,  221812, 0.29,        21, False    , on   , gcc     , O3 , arm   , libtiff-4.2.0      , version_diff
GPT  , libtiff      , 4.1.0  , strip-chopping   ,           55,  180662, 0.25,        19, False    , on   , gcc     , O3 , arm   , libtiff-4.1.0      , version_same
GPT  , libtiff      , 4.1.0  , strip-chopping   ,           87,  295089, 0.43,        24, False    , on   , gcc     , O3 , x86-64, libtiff-4.2.0      , version_diff
GPT  , libtiff      , 4.1.0  , strip-chopping   ,           64,  270860, 0.34,        23, False    , on   , gcc     , O3 , x86-64, libtiff-4.1.0      , version_same
GPT  , libwebp      , 1.2.3  , near_lossless    ,           26,   26429, 0.09,         9, False    , off  , clang   , O2 , arm   , libwebp-1.2.4      , version_diff
GPT  , libwebp      , 1.2.3  , near_lossless    ,           22,   27081, 0.07,         9, False    , off  , clang   , O2 , arm   , libwebp-1.2.3      , version_same
GPT  , libwebp      , 1.2.3  , near_lossless    ,           39,   33674, 0.08,        10, False    , off  , clang   , O2 , x86-64, libwebp-1.2.4      , version_diff
GPT  , libwebp      , 1.2.3  , near_lossless    ,           24,   32591, 0.08,        10, False    , off  , clang   , O2 , x86-64, libwebp-1.2.3      , version_same
GPT  , libwebp      , 1.2.3  , near_lossless    ,           37,   37641, 0.09,        11, False    , off  , clang   , O3 , arm   , libwebp-1.2.4      , version_diff
GPT  , libwebp      , 1.2.3  , near_lossless    ,           24,   26617, 0.08,         9, False    , off  , clang   , O3 , arm   , libwebp-1.2.3      , version_same
GPT  , libwebp      , 1.2.3  , near_lossless    ,           36,   24521, 0.07,         9, False    , off  , clang   , O3 , x86-64, libwebp-1.2.4      , version_diff
GPT  , libwebp      , 1.2.3  , near_lossless    ,           27,   22642, 0.05,         9, False    , off  , clang   , O3 , x86-64, libwebp-1.2.3      , version_same
GPT  , libwebp      , 1.2.3  , near_lossless    ,           42,   35435, 0.11,        10, False    , off  , gcc     , O2 , arm   , libwebp-1.2.4      , version_diff
GPT  , libwebp      , 1.2.3  , near_lossless    ,           19,   26603, 0.07,         9, False    , off  , gcc     , O2 , arm   , libwebp-1.2.3      , version_same
GPT  , libwebp      , 1.2.3  , near_lossless    ,           33,   25964, 0.06,         9, False    , off  , gcc     , O2 , x86-64, libwebp-1.2.4      , version_diff
GPT  , libwebp      , 1.2.3  , near_lossless    ,           40,   29753, 0.08,         9, False    , off  , gcc     , O2 , x86-64, libwebp-1.2.3      , version_same
GPT  , libwebp      , 1.2.3  , near_lossless    ,           31,   26687, 0.06,         9, False    , off  , gcc     , O3 , arm   , libwebp-1.2.4      , version_diff
GPT  , libwebp      , 1.2.3  , near_lossless    ,           23,   25520, 0.06,         9, False    , off  , gcc     , O3 , arm   , libwebp-1.2.3      , version_same
GPT  , libwebp      , 1.2.3  , near_lossless    ,           36,   24798, 0.06,         9, False    , off  , gcc     , O3 , x86-64, libwebp-1.2.4      , version_diff
GPT  , libwebp      , 1.2.3  , near_lossless    ,           28,   26832, 0.07,         9, False    , off  , gcc     , O3 , x86-64, libwebp-1.2.3      , version_same
GPT  , libwebp      , 1.2.3  , near_lossless    ,           27,   25646, 0.08,         9, False    , on   , clang   , O2 , arm   , libwebp-1.2.4      , version_diff
GPT  , libwebp      , 1.2.3  , near_lossless    ,           33,   25822, 0.08,         9, False    , on   , clang   , O2 , arm   , libwebp-1.2.3      , version_same
GPT  , libwebp      , 1.2.3  , near_lossless    ,           34,   34966, 0.09,        10, False    , on   , clang   , O2 , x86-64, libwebp-1.2.4      , version_diff
GPT  , libwebp      , 1.2.3  , near_lossless    ,           27,   32745, 0.1 ,        10, False    , on   , clang   , O2 , x86-64, libwebp-1.2.3      , version_same
GPT  , libwebp      , 1.2.3  , near_lossless    ,           37,   26967, 0.07,         9, False    , on   , clang   , O3 , arm   , libwebp-1.2.4      , version_diff
GPT  , libwebp      , 1.2.3  , near_lossless    ,           30,   25424, 0.07,         9, False    , on   , clang   , O3 , arm   , libwebp-1.2.3      , version_same
GPT  , libwebp      , 1.2.3  , near_lossless    ,           27,   24511, 0.07,         9, False    , on   , clang   , O3 , x86-64, libwebp-1.2.4      , version_diff
GPT  , libwebp      , 1.2.3  , near_lossless    ,           23,   24665, 0.07,         9, False    , on   , clang   , O3 , x86-64, libwebp-1.2.3      , version_same
GPT  , libwebp      , 1.2.3  , near_lossless    ,           29,   26468, 0.06,         9, False    , on   , gcc     , O2 , arm   , libwebp-1.2.4      , version_diff
GPT  , libwebp      , 1.2.3  , near_lossless    ,           36,   26948, 0.08,         9, False    , on   , gcc     , O2 , arm   , libwebp-1.2.3      , version_same
GPT  , libwebp      , 1.2.3  , near_lossless    ,           35,   31993, 0.08,         9, False    , on   , gcc     , O2 , x86-64, libwebp-1.2.4      , version_diff
GPT  , libwebp      , 1.2.3  , near_lossless    ,           40,   29971, 0.07,         9, False    , on   , gcc     , O2 , x86-64, libwebp-1.2.3      , version_same
GPT  , libwebp      , 1.2.3  , near_lossless    ,           32,   28408, 0.07,         9, False    , on   , gcc     , O3 , arm   , libwebp-1.2.4      , version_diff
GPT  , libwebp      , 1.2.3  , near_lossless    ,           27,   28475, 0.07,         9, False    , on   , gcc     , O3 , arm   , libwebp-1.2.3      , version_same
GPT  , libwebp      , 1.2.3  , near_lossless    ,           37,   43438, 0.1 ,        11, False    , on   , gcc     , O3 , x86-64, libwebp-1.2.4      , version_diff
GPT  , libwebp      , 1.2.3  , near_lossless    ,           26,   26382, 0.07,         9, False    , on   , gcc     , O3 , x86-64, libwebp-1.2.3      , version_same
GPT  , libwebp      , 1.2.3  , threading        ,           31,   26294, 0.07,         9, False    , off  , clang   , O2 , arm   , libwebp-1.2.4      , version_diff
GPT  , libwebp      , 1.2.3  , threading        ,           25,   30312, 0.08,        10, False    , off  , clang   , O2 , arm   , libwebp-1.2.3      , version_same
GPT  , libwebp      , 1.2.3  , threading        ,           27,   27311, 0.06,         9, False    , off  , clang   , O2 , x86-64, libwebp-1.2.4      , version_diff
GPT  , libwebp      , 1.2.3  , threading        ,           23,   24316, 0.07,         9, False    , off  , clang   , O2 , x86-64, libwebp-1.2.3      , version_same
GPT  , libwebp      , 1.2.3  , threading        ,           25,   33035, 0.07,        10, False    , off  , clang   , O3 , arm   , libwebp-1.2.4      , version_diff
GPT  , libwebp      , 1.2.3  , threading        ,           30,   31782, 0.08,        10, False    , off  , clang   , O3 , arm   , libwebp-1.2.3      , version_same
GPT  , libwebp      , 1.2.3  , threading        ,           22,   30954, 0.08,        10, False    , off  , clang   , O3 , x86-64, libwebp-1.2.4      , version_diff
GPT  , libwebp      , 1.2.3  , threading        ,           30,   38438, 0.09,        11, False    , off  , clang   , O3 , x86-64, libwebp-1.2.3      , version_same
GPT  , libwebp      , 1.2.3  , threading        ,           26,   25201, 0.06,         9, False    , off  , gcc     , O2 , arm   , libwebp-1.2.4      , version_diff
GPT  , libwebp      , 1.2.3  , threading        ,           31,   29408, 0.11,        10, False    , off  , gcc     , O2 , arm   , libwebp-1.2.3      , version_same
GPT  , libwebp      , 1.2.3  , threading        ,           21,   25308, 0.08,         9, False    , off  , gcc     , O2 , x86-64, libwebp-1.2.4      , version_diff
GPT  , libwebp      , 1.2.3  , threading        ,           21,   23925, 0.08,         9, False    , off  , gcc     , O2 , x86-64, libwebp-1.2.3      , version_same
GPT  , libwebp      , 1.2.3  , threading        ,           26,   23616, 0.08,         9, False    , off  , gcc     , O3 , arm   , libwebp-1.2.4      , version_diff
GPT  , libwebp      , 1.2.3  , threading        ,           24,   23613, 0.07,         9, False    , off  , gcc     , O3 , arm   , libwebp-1.2.3      , version_same
GPT  , libwebp      , 1.2.3  , threading        ,           26,   36397, 0.09,        10, False    , off  , gcc     , O3 , x86-64, libwebp-1.2.4      , version_diff
GPT  , libwebp      , 1.2.3  , threading        ,           26,   31104, 0.07,        10, False    , off  , gcc     , O3 , x86-64, libwebp-1.2.3      , version_same
GPT  , libwebp      , 1.2.3  , threading        ,           21,   26037, 0.07,         9, False    , on   , clang   , O2 , arm   , libwebp-1.2.4      , version_diff
GPT  , libwebp      , 1.2.3  , threading        ,           32,   25071, 0.07,         9, False    , on   , clang   , O2 , arm   , libwebp-1.2.3      , version_same
GPT  , libwebp      , 1.2.3  , threading        ,           15,   13677, 0.06,         6, False    , on   , clang   , O2 , x86-64, libwebp-1.2.4      , version_diff
GPT  , libwebp      , 1.2.3  , threading        ,           27,   24421, 0.07,         9, False    , on   , clang   , O2 , x86-64, libwebp-1.2.3      , version_same
GPT  , libwebp      , 1.2.3  , threading        ,           32,   32263, 0.09,        10, False    , on   , clang   , O3 , arm   , libwebp-1.2.4      , version_diff
GPT  , libwebp      , 1.2.3  , threading        ,           37,   38626, 0.1 ,        11, False    , on   , clang   , O3 , arm   , libwebp-1.2.3      , version_same
GPT  , libwebp      , 1.2.3  , threading        ,           10,   10321, 0.04,         5, False    , on   , clang   , O3 , x86-64, libwebp-1.2.4      , version_diff
GPT  , libwebp      , 1.2.3  , threading        ,            9,   12317, 0.04,         5, False    , on   , clang   , O3 , x86-64, libwebp-1.2.3      , version_same
GPT  , libwebp      , 1.2.3  , threading        ,           23,   24194, 0.08,         9, False    , on   , gcc     , O2 , arm   , libwebp-1.2.4      , version_diff
GPT  , libwebp      , 1.2.3  , threading        ,           26,   22947, 0.07,         9, False    , on   , gcc     , O2 , arm   , libwebp-1.2.3      , version_same
GPT  , libwebp      , 1.2.3  , threading        ,           25,   24165, 0.07,         9, False    , on   , gcc     , O2 , x86-64, libwebp-1.2.4      , version_diff
GPT  , libwebp      , 1.2.3  , threading        ,           11,    7135, 0.03,         4, False    , on   , gcc     , O2 , x86-64, libwebp-1.2.3      , version_same
GPT  , libwebp      , 1.2.3  , threading        ,           24,   24720, 0.08,         9, False    , on   , gcc     , O3 , arm   , libwebp-1.2.4      , version_diff
GPT  , libwebp      , 1.2.3  , threading        ,           25,   20028, 0.07,         8, False    , on   , gcc     , O3 , arm   , libwebp-1.2.3      , version_same
GPT  , libwebp      , 1.2.3  , threading        ,           21,   23958, 0.07,         9, False    , on   , gcc     , O3 , x86-64, libwebp-1.2.4      , version_diff
GPT  , libwebp      , 1.2.3  , threading        ,            9,   10019, 0.04,         5, False    , on   , gcc     , O3 , x86-64, libwebp-1.2.3      , version_same
GPT  , libxml2      , 2.9.14 , http             ,           48,   51706, 0.12,        11, False    , off  , clang   , O2 , arm   , libxml2-2.10.3     , version_diff
GPT  , libxml2      , 2.9.14 , http             ,           32,   42734, 0.09,        10, False    , off  , clang   , O2 , arm   , libxml2-2.9.14     , version_same
GPT  , libxml2      , 2.9.14 , http             ,           36,   44316, 0.12,        10, False    , off  , clang   , O2 , x86-64, libxml2-2.10.3     , version_diff
GPT  , libxml2      , 2.9.14 , http             ,           34,   38157, 0.1 ,        10, False    , off  , clang   , O2 , x86-64, libxml2-2.9.14     , version_same
GPT  , libxml2      , 2.9.14 , http             ,           34,   51608, 0.13,        11, False    , off  , clang   , O3 , arm   , libxml2-2.10.3     , version_diff
GPT  , libxml2      , 2.9.14 , http             ,           34,   59055, 0.13,        12, False    , off  , clang   , O3 , arm   , libxml2-2.9.14     , version_same
GPT  , libxml2      , 2.9.14 , http             ,           30,   51511, 0.14,        11, False    , off  , clang   , O3 , x86-64, libxml2-2.10.3     , version_diff
GPT  , libxml2      , 2.9.14 , http             ,           35,   40299, 0.08,        10, False    , off  , clang   , O3 , x86-64, libxml2-2.9.14     , version_same
GPT  , libxml2      , 2.9.14 , http             ,           39,   77728, 0.17,        13, False    , off  , gcc     , O2 , arm   , libxml2-2.10.3     , version_diff
GPT  , libxml2      , 2.9.14 , http             ,           38,   77580, 0.17,        13, False    , off  , gcc     , O2 , arm   , libxml2-2.9.14     , version_same
GPT  , libxml2      , 2.9.14 , http             ,           31,   52313, 0.15,        11, False    , off  , gcc     , O2 , x86-64, libxml2-2.10.3     , version_diff
GPT  , libxml2      , 2.9.14 , http             ,           32,   40929, 0.11,        10, False    , off  , gcc     , O2 , x86-64, libxml2-2.9.14     , version_same
GPT  , libxml2      , 2.9.14 , http             ,           36,   50057, 0.13,        11, False    , off  , gcc     , O3 , arm   , libxml2-2.10.3     , version_diff
GPT  , libxml2      , 2.9.14 , http             ,           37,   49778, 0.13,        11, False    , off  , gcc     , O3 , arm   , libxml2-2.9.14     , version_same
GPT  , libxml2      , 2.9.14 , http             ,           42,   78828, 0.19,        13, False    , off  , gcc     , O3 , x86-64, libxml2-2.10.3     , version_diff
GPT  , libxml2      , 2.9.14 , http             ,           34,   42333, 0.12,        10, False    , off  , gcc     , O3 , x86-64, libxml2-2.9.14     , version_same
GPT  , libxml2      , 2.9.14 , http             ,           35,   74157, 0.15,        12, False    , on   , clang   , O2 , arm   , libxml2-2.10.3     , version_diff
GPT  , libxml2      , 2.9.14 , http             ,           43,   73998, 0.15,        12, False    , on   , clang   , O2 , arm   , libxml2-2.9.14     , version_same
GPT  , libxml2      , 2.9.14 , http             ,           31,   79284, 0.18,        12, False    , on   , clang   , O2 , x86-64, libxml2-2.10.3     , version_diff
GPT  , libxml2      , 2.9.14 , http             ,           25,   64353, 0.11,        11, False    , on   , clang   , O2 , x86-64, libxml2-2.9.14     , version_same
GPT  , libxml2      , 2.9.14 , http             ,           24,   34126, 0.13,         8, False    , on   , clang   , O3 , arm   , libxml2-2.10.3     , version_diff
GPT  , libxml2      , 2.9.14 , http             ,           24,   46090, 0.11,        10, False    , on   , clang   , O3 , arm   , libxml2-2.9.14     , version_same
GPT  , libxml2      , 2.9.14 , http             ,           28,   64402, 0.15,        11, False    , on   , clang   , O3 , x86-64, libxml2-2.10.3     , version_diff
GPT  , libxml2      , 2.9.14 , http             ,           42,  116805, 0.18,        15, False    , on   , clang   , O3 , x86-64, libxml2-2.9.14     , version_same
GPT  , libxml2      , 2.9.14 , http             ,           39,  101458, 0.16,        14, False    , on   , gcc     , O2 , arm   , libxml2-2.10.3     , version_diff
GPT  , libxml2      , 2.9.14 , http             ,           30,   85842, 0.2 ,        13, False    , on   , gcc     , O2 , arm   , libxml2-2.9.14     , version_same
GPT  , libxml2      , 2.9.14 , http             ,           32,   62814, 0.12,        11, False    , on   , gcc     , O2 , x86-64, libxml2-2.10.3     , version_diff
GPT  , libxml2      , 2.9.14 , http             ,           27,   73814, 0.13,        12, False    , on   , gcc     , O2 , x86-64, libxml2-2.9.14     , version_same
GPT  , libxml2      , 2.9.14 , http             ,           33,   86055, 0.14,        13, False    , on   , gcc     , O3 , arm   , libxml2-2.10.3     , version_diff
GPT  , libxml2      , 2.9.14 , http             ,           31,   85824, 0.14,        13, False    , on   , gcc     , O3 , arm   , libxml2-2.9.14     , version_same
GPT  , libxml2      , 2.9.14 , http             ,           34,   75475, 0.17,        12, False    , on   , gcc     , O3 , x86-64, libxml2-2.10.3     , version_diff
GPT  , libxml2      , 2.9.14 , http             ,           35,   73508, 0.16,        12, False    , on   , gcc     , O3 , x86-64, libxml2-2.9.14     , version_same
GPT  , libxml2      , 2.9.14 , zlib             ,           52,  132485, 0.24,        17, False    , off  , clang   , O2 , arm   , libxml2-2.10.3     , version_diff
GPT  , libxml2      , 2.9.14 , zlib             ,           66,  132529, 0.24,        17, False    , off  , clang   , O2 , arm   , libxml2-2.9.14     , version_same
GPT  , libxml2      , 2.9.14 , zlib             ,           37,  101441, 0.24,        15, False    , off  , clang   , O2 , x86-64, libxml2-2.10.3     , version_diff
GPT  , libxml2      , 2.9.14 , zlib             ,           59,  113050, 0.21,        16, False    , off  , clang   , O2 , x86-64, libxml2-2.9.14     , version_same
GPT  , libxml2      , 2.9.14 , zlib             ,           53,  171956, 0.24,        18, False    , off  , clang   , O3 , arm   , libxml2-2.10.3     , version_diff
GPT  , libxml2      , 2.9.14 , zlib             ,           48,  173095, 0.22,        18, False    , off  , clang   , O3 , arm   , libxml2-2.9.14     , version_same
GPT  , libxml2      , 2.9.14 , zlib             ,           27,   49283, 0.12,        10, False    , off  , clang   , O3 , x86-64, libxml2-2.10.3     , version_diff
GPT  , libxml2      , 2.9.14 , zlib             ,           31,   51205, 0.14,        10, False    , off  , clang   , O3 , x86-64, libxml2-2.9.14     , version_same
GPT  , libxml2      , 2.9.14 , zlib             ,           47,  127151, 0.22,        17, False    , off  , gcc     , O2 , arm   , libxml2-2.10.3     , version_diff
GPT  , libxml2      , 2.9.14 , zlib             ,           56,  128074, 0.21,        17, False    , off  , gcc     , O2 , arm   , libxml2-2.9.14     , version_same
GPT  , libxml2      , 2.9.14 , zlib             ,           37,   88266, 0.16,        14, False    , off  , gcc     , O2 , x86-64, libxml2-2.10.3     , version_diff
GPT  , libxml2      , 2.9.14 , zlib             ,           48,   88519, 0.18,        14, False    , off  , gcc     , O2 , x86-64, libxml2-2.9.14     , version_same
GPT  , libxml2      , 2.9.14 , zlib             ,           46,  115851, 0.23,        16, False    , off  , gcc     , O3 , arm   , libxml2-2.10.3     , version_diff
GPT  , libxml2      , 2.9.14 , zlib             ,           67,  130058, 0.25,        17, False    , off  , gcc     , O3 , arm   , libxml2-2.9.14     , version_same
GPT  , libxml2      , 2.9.14 , zlib             ,           66,  101363, 0.25,        15, False    , off  , gcc     , O3 , x86-64, libxml2-2.10.3     , version_diff
GPT  , libxml2      , 2.9.14 , zlib             ,           50,  102136, 0.2 ,        15, False    , off  , gcc     , O3 , x86-64, libxml2-2.9.14     , version_same
GPT  , libxml2      , 2.9.14 , zlib             ,           18,   39746, 0.1 ,         9, False    , on   , clang   , O2 , arm   , libxml2-2.10.3     , version_diff
GPT  , libxml2      , 2.9.14 , zlib             ,           29,   49172, 0.14,        10, False    , on   , clang   , O2 , arm   , libxml2-2.9.14     , version_same
GPT  , libxml2      , 2.9.14 , zlib             ,           20,   31576, 0.1 ,         8, False    , on   , clang   , O2 , x86-64, libxml2-2.10.3     , version_diff
GPT  , libxml2      , 2.9.14 , zlib             ,           22,   31681, 0.08,         8, False    , on   , clang   , O2 , x86-64, libxml2-2.9.14     , version_same
GPT  , libxml2      , 2.9.14 , zlib             ,           20,   42754, 0.12,         9, False    , on   , clang   , O3 , arm   , libxml2-2.10.3     , version_diff
GPT  , libxml2      , 2.9.14 , zlib             ,           37,   42668, 0.09,         9, False    , on   , clang   , O3 , arm   , libxml2-2.9.14     , version_same
GPT  , libxml2      , 2.9.14 , zlib             ,           34,  103038, 0.19,        14, False    , on   , clang   , O3 , x86-64, libxml2-2.10.3     , version_diff
GPT  , libxml2      , 2.9.14 , zlib             ,           17,   27846, 0.08,         7, False    , on   , clang   , O3 , x86-64, libxml2-2.9.14     , version_same
GPT  , libxml2      , 2.9.14 , zlib             ,           24,   48149, 0.11,        10, False    , on   , gcc     , O2 , arm   , libxml2-2.10.3     , version_diff
GPT  , libxml2      , 2.9.14 , zlib             ,           27,   48261, 0.13,        10, False    , on   , gcc     , O2 , arm   , libxml2-2.9.14     , version_same
GPT  , libxml2      , 2.9.14 , zlib             ,           16,   39430, 0.11,         9, False    , on   , gcc     , O2 , x86-64, libxml2-2.10.3     , version_diff
GPT  , libxml2      , 2.9.14 , zlib             ,           22,   39551, 0.09,         9, False    , on   , gcc     , O2 , x86-64, libxml2-2.9.14     , version_same
GPT  , libxml2      , 2.9.14 , zlib             ,           34,  111298, 0.23,        14, False    , on   , gcc     , O3 , arm   , libxml2-2.10.3     , version_diff
GPT  , libxml2      , 2.9.14 , zlib             ,           34,   71164, 0.13,        11, False    , on   , gcc     , O3 , arm   , libxml2-2.9.14     , version_same
GPT  , libxml2      , 2.9.14 , zlib             ,           16,   31213, 0.08,         8, False    , on   , gcc     , O3 , x86-64, libxml2-2.10.3     , version_diff
GPT  , libxml2      , 2.9.14 , zlib             ,           28,   31291, 0.08,         8, False    , on   , gcc     , O3 , x86-64, libxml2-2.9.14     , version_same
GPT  , mbedtls      , 2.6.0  , PKCS1_V21        ,           17,   13748, 0.06,         6, False    , off  , clang   , O2 , arm   , mbedtls-2.7.0      , version_diff
GPT  , mbedtls      , 2.6.0  , PKCS1_V21        ,           32,   21703, 0.08,         8, False    , off  , clang   , O2 , arm   , mbedtls-2.6.0      , version_same
GPT  , mbedtls      , 2.6.0  , PKCS1_V21        ,           23,   23521, 0.09,         8, False    , off  , clang   , O2 , x86-64, mbedtls-2.7.0      , version_diff
GPT  , mbedtls      , 2.6.0  , PKCS1_V21        ,           42,   27455, 0.08,         9, False    , off  , clang   , O2 , x86-64, mbedtls-2.6.0      , version_same
GPT  , mbedtls      , 2.6.0  , PKCS1_V21        ,           26,   27722, 0.1 ,         9, False    , off  , clang   , O3 , arm   , mbedtls-2.7.0      , version_diff
GPT  , mbedtls      , 2.6.0  , PKCS1_V21        ,           33,   26514, 0.08,         9, False    , off  , clang   , O3 , arm   , mbedtls-2.6.0      , version_same
GPT  , mbedtls      , 2.6.0  , PKCS1_V21        ,           24,   23455, 0.09,         8, False    , off  , clang   , O3 , x86-64, mbedtls-2.7.0      , version_diff
GPT  , mbedtls      , 2.6.0  , PKCS1_V21        ,           53,   28999, 0.09,         9, False    , off  , clang   , O3 , x86-64, mbedtls-2.6.0      , version_same
GPT  , mbedtls      , 2.6.0  , PKCS1_V21        ,           31,   25936, 0.08,         9, False    , off  , gcc     , O2 , arm   , mbedtls-2.7.0      , version_diff
GPT  , mbedtls      , 2.6.0  , PKCS1_V21        ,           66,   30073, 0.09,        10, False    , off  , gcc     , O2 , arm   , mbedtls-2.6.0      , version_same
GPT  , mbedtls      , 2.6.0  , PKCS1_V21        ,           30,   27715, 0.1 ,         9, False    , off  , gcc     , O2 , x86-64, mbedtls-2.7.0      , version_diff
GPT  , mbedtls      , 2.6.0  , PKCS1_V21        ,           53,   41529, 0.12,        12, False    , off  , gcc     , O2 , x86-64, mbedtls-2.6.0      , version_same
GPT  , mbedtls      , 2.6.0  , PKCS1_V21        ,           25,   21335, 0.07,         8, False    , off  , gcc     , O3 , arm   , mbedtls-2.7.0      , version_diff
GPT  , mbedtls      , 2.6.0  , PKCS1_V21        ,           29,   23586, 0.07,         9, False    , off  , gcc     , O3 , arm   , mbedtls-2.6.0      , version_same
GPT  , mbedtls      , 2.6.0  , PKCS1_V21        ,           28,   27236, 0.08,         9, False    , off  , gcc     , O3 , x86-64, mbedtls-2.7.0      , version_diff
GPT  , mbedtls      , 2.6.0  , PKCS1_V21        ,           27,   20741, 0.07,         8, False    , off  , gcc     , O3 , x86-64, mbedtls-2.6.0      , version_same
GPT  , mbedtls      , 2.6.0  , PKCS1_V21        ,           11,   11548, 0.05,         5, False    , on   , clang   , O2 , arm   , mbedtls-2.7.0      , version_diff
GPT  , mbedtls      , 2.6.0  , PKCS1_V21        ,           22,   11509, 0.04,         5, False    , on   , clang   , O2 , arm   , mbedtls-2.6.0      , version_same
GPT  , mbedtls      , 2.6.0  , PKCS1_V21        ,           19,   37452, 0.11,         9, False    , on   , clang   , O2 , x86-64, mbedtls-2.7.0      , version_diff
GPT  , mbedtls      , 2.6.0  , PKCS1_V21        ,           17,   21700, 0.06,         7, False    , on   , clang   , O2 , x86-64, mbedtls-2.6.0      , version_same
GPT  , mbedtls      , 2.6.0  , PKCS1_V21        ,           17,   15095, 0.05,         6, False    , on   , clang   , O3 , arm   , mbedtls-2.7.0      , version_diff
GPT  , mbedtls      , 2.6.0  , PKCS1_V21        ,           17,   15250, 0.05,         6, False    , on   , clang   , O3 , arm   , mbedtls-2.6.0      , version_same
GPT  , mbedtls      , 2.6.0  , PKCS1_V21        ,           10,   12056, 0.05,         5, False    , on   , clang   , O3 , x86-64, mbedtls-2.7.0      , version_diff
GPT  , mbedtls      , 2.6.0  , PKCS1_V21        ,            9,    8369, 0.03,         4, False    , on   , clang   , O3 , x86-64, mbedtls-2.6.0      , version_same
GPT  , mbedtls      , 2.6.0  , PKCS1_V21        ,           12,   13688, 0.06,         6, False    , on   , gcc     , O2 , arm   , mbedtls-2.7.0      , version_diff
GPT  , mbedtls      , 2.6.0  , PKCS1_V21        ,           22,   21924, 0.06,         8, False    , on   , gcc     , O2 , arm   , mbedtls-2.6.0      , version_same
GPT  , mbedtls      , 2.6.0  , PKCS1_V21        ,           19,   21580, 0.08,         7, False    , on   , gcc     , O2 , x86-64, mbedtls-2.7.0      , version_diff
GPT  , mbedtls      , 2.6.0  , PKCS1_V21        ,           20,   21025, 0.08,         7, False    , on   , gcc     , O2 , x86-64, mbedtls-2.6.0      , version_same
GPT  , mbedtls      , 2.6.0  , PKCS1_V21        ,            9,    7708, 0.03,         4, False    , on   , gcc     , O3 , arm   , mbedtls-2.7.0      , version_diff
GPT  , mbedtls      , 2.6.0  , PKCS1_V21        ,           25,   21877, 0.08,         8, False    , on   , gcc     , O3 , arm   , mbedtls-2.6.0      , version_same
GPT  , mbedtls      , 2.6.0  , PKCS1_V21        ,            8,   11754, 0.04,         5, False    , on   , gcc     , O3 , x86-64, mbedtls-2.7.0      , version_diff
GPT  , mbedtls      , 2.6.0  , PKCS1_V21        ,           13,   16160, 0.06,         6, False    , on   , gcc     , O3 , x86-64, mbedtls-2.6.0      , version_same
GPT  , mbedtls      , 2.6.0  , SHA256_SMALLER   ,           14,   13380, 0.05,         6, False    , off  , clang   , O2 , arm   , mbedtls-2.7.0      , version_diff
GPT  , mbedtls      , 2.6.0  , SHA256_SMALLER   ,           19,   25992, 0.1 ,         7, False    , off  , clang   , O2 , arm   , mbedtls-2.6.0      , version_same
GPT  , mbedtls      , 2.6.0  , SHA256_SMALLER   ,           19,   13730, 0.05,         6, False    , off  , clang   , O2 , x86-64, mbedtls-2.7.0      , version_diff
GPT  , mbedtls      , 2.6.0  , SHA256_SMALLER   ,           24,   36756, 0.1 ,         8, False    , off  , clang   , O2 , x86-64, mbedtls-2.6.0      , version_same
GPT  , mbedtls      , 2.6.0  , SHA256_SMALLER   ,           12,   14685, 0.05,         6, False    , off  , clang   , O3 , arm   , mbedtls-2.7.0      , version_diff
GPT  , mbedtls      , 2.6.0  , SHA256_SMALLER   ,           44,   53936, 0.12,        10, False    , off  , clang   , O3 , arm   , mbedtls-2.6.0      , version_same
GPT  , mbedtls      , 2.6.0  , SHA256_SMALLER   ,           13,   13746, 0.05,         6, False    , off  , clang   , O3 , x86-64, mbedtls-2.7.0      , version_diff
GPT  , mbedtls      , 2.6.0  , SHA256_SMALLER   ,           29,   36548, 0.1 ,         8, False    , off  , clang   , O3 , x86-64, mbedtls-2.6.0      , version_same
GPT  , mbedtls      , 2.6.0  , SHA256_SMALLER   ,           11,   14097, 0.05,         6, False    , off  , gcc     , O2 , arm   , mbedtls-2.7.0      , version_diff
GPT  , mbedtls      , 2.6.0  , SHA256_SMALLER   ,           22,   35994, 0.12,         8, False    , off  , gcc     , O2 , arm   , mbedtls-2.6.0      , version_same
GPT  , mbedtls      , 2.6.0  , SHA256_SMALLER   ,           12,   15590, 0.04,         6, False    , off  , gcc     , O2 , x86-64, mbedtls-2.7.0      , version_diff
GPT  , mbedtls      , 2.6.0  , SHA256_SMALLER   ,           27,   26991, 0.08,         7, False    , off  , gcc     , O2 , x86-64, mbedtls-2.6.0      , version_same
GPT  , mbedtls      , 2.6.0  , SHA256_SMALLER   ,           14,   15149, 0.04,         6, False    , off  , gcc     , O3 , arm   , mbedtls-2.7.0      , version_diff
GPT  , mbedtls      , 2.6.0  , SHA256_SMALLER   ,           24,   35204, 0.1 ,         8, False    , off  , gcc     , O3 , arm   , mbedtls-2.6.0      , version_same
GPT  , mbedtls      , 2.6.0  , SHA256_SMALLER   ,           13,   15557, 0.05,         6, False    , off  , gcc     , O3 , x86-64, mbedtls-2.7.0      , version_diff
GPT  , mbedtls      , 2.6.0  , SHA256_SMALLER   ,           29,   39554, 0.16,         8, False    , off  , gcc     , O3 , x86-64, mbedtls-2.6.0      , version_same
GPT  , mbedtls      , 2.6.0  , SHA256_SMALLER   ,           11,   13408, 0.05,         6, False    , on   , clang   , O2 , arm   , mbedtls-2.7.0      , version_diff
GPT  , mbedtls      , 2.6.0  , SHA256_SMALLER   ,           10,   11536, 0.04,         5, False    , on   , clang   , O2 , arm   , mbedtls-2.6.0      , version_same
GPT  , mbedtls      , 2.6.0  , SHA256_SMALLER   ,           16,   13859, 0.05,         6, False    , on   , clang   , O2 , x86-64, mbedtls-2.7.0      , version_diff
GPT  , mbedtls      , 2.6.0  , SHA256_SMALLER   ,            8,   11414, 0.04,         5, False    , on   , clang   , O2 , x86-64, mbedtls-2.6.0      , version_same
GPT  , mbedtls      , 2.6.0  , SHA256_SMALLER   ,           13,   14053, 0.06,         6, False    , on   , clang   , O3 , arm   , mbedtls-2.7.0      , version_diff
GPT  , mbedtls      , 2.6.0  , SHA256_SMALLER   ,           26,   11527, 0.04,         5, False    , on   , clang   , O3 , arm   , mbedtls-2.6.0      , version_same
GPT  , mbedtls      , 2.6.0  , SHA256_SMALLER   ,           12,   13736, 0.05,         6, False    , on   , clang   , O3 , x86-64, mbedtls-2.7.0      , version_diff
GPT  , mbedtls      , 2.6.0  , SHA256_SMALLER   ,            8,    8119, 0.04,         4, False    , on   , clang   , O3 , x86-64, mbedtls-2.6.0      , version_same
GPT  , mbedtls      , 2.6.0  , SHA256_SMALLER   ,           14,   14130, 0.06,         6, False    , on   , gcc     , O2 , arm   , mbedtls-2.7.0      , version_diff
GPT  , mbedtls      , 2.6.0  , SHA256_SMALLER   ,           13,   11502, 0.04,         5, False    , on   , gcc     , O2 , arm   , mbedtls-2.6.0      , version_same
GPT  , mbedtls      , 2.6.0  , SHA256_SMALLER   ,           14,   15646, 0.05,         6, False    , on   , gcc     , O2 , x86-64, mbedtls-2.7.0      , version_diff
GPT  , mbedtls      , 2.6.0  , SHA256_SMALLER   ,           12,   11401, 0.04,         5, False    , on   , gcc     , O2 , x86-64, mbedtls-2.6.0      , version_same
GPT  , mbedtls      , 2.6.0  , SHA256_SMALLER   ,           18,   14358, 0.06,         6, False    , on   , gcc     , O3 , arm   , mbedtls-2.7.0      , version_diff
GPT  , mbedtls      , 2.6.0  , SHA256_SMALLER   ,           10,   11283, 0.04,         5, False    , on   , gcc     , O3 , arm   , mbedtls-2.6.0      , version_same
GPT  , mbedtls      , 2.6.0  , SHA256_SMALLER   ,           11,   15507, 0.05,         6, False    , on   , gcc     , O3 , x86-64, mbedtls-2.7.0      , version_diff
GPT  , mbedtls      , 2.6.0  , SHA256_SMALLER   ,            8,    8179, 0.04,         4, False    , on   , gcc     , O3 , x86-64, mbedtls-2.6.0      , version_same
GPT  , nginx        , 1.18.0 , http_realip      ,           36,   43712, 0.12,        11, False    , off  , clang   , O2 , arm   , nginx-1.19.10      , version_diff
GPT  , nginx        , 1.18.0 , http_realip      ,           36,   36940, 0.1 ,        10, False    , off  , clang   , O2 , arm   , nginx-1.18.0       , version_same
GPT  , nginx        , 1.18.0 , http_realip      ,           33,   36785, 0.1 ,        10, False    , off  , clang   , O2 , x86-64, nginx-1.19.10      , version_diff
GPT  , nginx        , 1.18.0 , http_realip      ,           29,   29940, 0.08,         9, False    , off  , clang   , O2 , x86-64, nginx-1.18.0       , version_same
GPT  , nginx        , 1.18.0 , http_realip      ,           29,   31864, 0.09,        10, False    , off  , clang   , O3 , arm   , nginx-1.19.10      , version_diff
GPT  , nginx        , 1.18.0 , http_realip      ,           32,   38319, 0.13,        10, False    , off  , clang   , O3 , arm   , nginx-1.18.0       , version_same
GPT  , nginx        , 1.18.0 , http_realip      ,           33,   35829, 0.1 ,        10, False    , off  , clang   , O3 , x86-64, nginx-1.19.10      , version_diff
GPT  , nginx        , 1.18.0 , http_realip      ,           29,   34758, 0.08,        10, False    , off  , clang   , O3 , x86-64, nginx-1.18.0       , version_same
GPT  , nginx        , 1.18.0 , http_realip      ,           34,   37518, 0.1 ,        10, False    , off  , gcc     , O2 , arm   , nginx-1.19.10      , version_diff
GPT  , nginx        , 1.18.0 , http_realip      ,           32,   32465, 0.09,        10, False    , off  , gcc     , O2 , arm   , nginx-1.18.0       , version_same
GPT  , nginx        , 1.18.0 , http_realip      ,           34,   41323, 0.13,        10, False    , off  , gcc     , O2 , x86-64, nginx-1.19.10      , version_diff
GPT  , nginx        , 1.18.0 , http_realip      ,           44,   40899, 0.13,        10, False    , off  , gcc     , O2 , x86-64, nginx-1.18.0       , version_same
GPT  , nginx        , 1.18.0 , http_realip      ,           28,   39019, 0.12,        10, False    , off  , gcc     , O3 , arm   , nginx-1.19.10      , version_diff
GPT  , nginx        , 1.18.0 , http_realip      ,           37,   32597, 0.08,        10, False    , off  , gcc     , O3 , arm   , nginx-1.18.0       , version_same
GPT  , nginx        , 1.18.0 , http_realip      ,           39,   33502, 0.11,         9, False    , off  , gcc     , O3 , x86-64, nginx-1.19.10      , version_diff
GPT  , nginx        , 1.18.0 , http_realip      ,           35,   41227, 0.1 ,        10, False    , off  , gcc     , O3 , x86-64, nginx-1.18.0       , version_same
GPT  , nginx        , 1.18.0 , http_v2          ,           49,  108887, 0.21,        14, False    , off  , clang   , O2 , arm   , nginx-1.19.10      , version_diff
GPT  , nginx        , 1.18.0 , http_v2          ,           26,   43008, 0.09,         9, False    , off  , clang   , O2 , arm   , nginx-1.18.0       , version_same
GPT  , nginx        , 1.18.0 , http_v2          ,           34,   79562, 0.16,        11, False    , off  , clang   , O2 , x86-64, nginx-1.19.10      , version_diff
GPT  , nginx        , 1.18.0 , http_v2          ,           38,   92546, 0.18,        12, False    , off  , clang   , O2 , x86-64, nginx-1.18.0       , version_same
GPT  , nginx        , 1.18.0 , http_v2          ,           37,   96958, 0.17,        13, False    , off  , clang   , O3 , arm   , nginx-1.19.10      , version_diff
GPT  , nginx        , 1.18.0 , http_v2          ,           32,   42409, 0.12,         9, False    , off  , clang   , O3 , arm   , nginx-1.18.0       , version_same
GPT  , nginx        , 1.18.0 , http_v2          ,           30,   79610, 0.16,        11, False    , off  , clang   , O3 , x86-64, nginx-1.19.10      , version_diff
GPT  , nginx        , 1.18.0 , http_v2          ,           59,  128320, 0.25,        15, False    , off  , clang   , O3 , x86-64, nginx-1.18.0       , version_same
GPT  , nginx        , 1.18.0 , http_v2          ,           42,   66885, 0.15,        11, False    , off  , gcc     , O2 , arm   , nginx-1.19.10      , version_diff
GPT  , nginx        , 1.18.0 , http_v2          ,           23,   43186, 0.12,         9, False    , off  , gcc     , O2 , arm   , nginx-1.18.0       , version_same
GPT  , nginx        , 1.18.0 , http_v2          ,           48,  122549, 0.2 ,        14, False    , off  , gcc     , O2 , x86-64, nginx-1.19.10      , version_diff
GPT  , nginx        , 1.18.0 , http_v2          ,           46,  114980, 0.2 ,        14, False    , off  , gcc     , O2 , x86-64, nginx-1.18.0       , version_same
GPT  , nginx        , 1.18.0 , http_v2          ,           57,  109619, 0.16,        14, False    , off  , gcc     , O3 , arm   , nginx-1.19.10      , version_diff
GPT  , nginx        , 1.18.0 , http_v2          ,           30,   44887, 0.12,         9, False    , off  , gcc     , O3 , arm   , nginx-1.18.0       , version_same
GPT  , nginx        , 1.18.0 , http_v2          ,           43,  103365, 0.19,        13, False    , off  , gcc     , O3 , x86-64, nginx-1.19.10      , version_diff
GPT  , nginx        , 1.18.0 , http_v2          ,           40,  103317, 0.24,        13, False    , off  , gcc     , O3 , x86-64, nginx-1.18.0       , version_same
GPT  , nginx        , 1.18.0 , http_v2          ,           17,   30100, 0.11,         6, False    , on   , clang   , O2 , arm   , nginx-1.19.10      , version_diff
GPT  , nginx        , 1.18.0 , http_v2          ,           15,   30017, 0.11,         6, False    , on   , clang   , O2 , arm   , nginx-1.18.0       , version_same
GPT  , nginx        , 1.18.0 , http_v2          ,           21,   40386, 0.09,         7, False    , on   , clang   , O2 , x86-64, nginx-1.19.10      , version_diff
GPT  , nginx        , 1.18.0 , http_v2          ,           12,   22075, 0.07,         5, False    , on   , clang   , O2 , x86-64, nginx-1.18.0       , version_same
GPT  , nginx        , 1.18.0 , http_v2          ,           14,   30391, 0.11,         6, False    , on   , clang   , O3 , arm   , nginx-1.19.10      , version_diff
GPT  , nginx        , 1.18.0 , http_v2          ,           19,   30398, 0.08,         6, False    , on   , clang   , O3 , arm   , nginx-1.18.0       , version_same
GPT  , nginx        , 1.18.0 , http_v2          ,           24,   49804, 0.09,         8, False    , on   , clang   , O3 , x86-64, nginx-1.19.10      , version_diff
GPT  , nginx        , 1.18.0 , http_v2          ,           32,   50892, 0.14,         8, False    , on   , clang   , O3 , x86-64, nginx-1.18.0       , version_same
GPT  , nginx        , 1.18.0 , http_v2          ,           25,   39028, 0.1 ,         7, False    , on   , gcc     , O2 , arm   , nginx-1.19.10      , version_diff
GPT  , nginx        , 1.18.0 , http_v2          ,           15,   29570, 0.07,         6, False    , on   , gcc     , O2 , arm   , nginx-1.18.0       , version_same
GPT  , nginx        , 1.18.0 , http_v2          ,           19,   39811, 0.1 ,         7, False    , on   , gcc     , O2 , x86-64, nginx-1.19.10      , version_diff
GPT  , nginx        , 1.18.0 , http_v2          ,           22,   50411, 0.11,         8, False    , on   , gcc     , O2 , x86-64, nginx-1.18.0       , version_same
GPT  , nginx        , 1.18.0 , http_v2          ,           10,   29975, 0.1 ,         6, False    , on   , gcc     , O3 , arm   , nginx-1.19.10      , version_diff
GPT  , nginx        , 1.18.0 , http_v2          ,           20,   29977, 0.08,         6, False    , on   , gcc     , O3 , arm   , nginx-1.18.0       , version_same
GPT  , nginx        , 1.18.0 , http_v2          ,           10,   22042, 0.06,         5, False    , on   , gcc     , O3 , x86-64, nginx-1.19.10      , version_diff
GPT  , nginx        , 1.18.0 , http_v2          ,           17,   30877, 0.11,         6, False    , on   , gcc     , O3 , x86-64, nginx-1.18.0       , version_same
GPT  , openssl      , 1.0.1f , asm              ,           57,   83097, 0.14,        15, False    , off  , clang   , O2 , arm   , openssl-1.0.1g     , version_diff
GPT  , openssl      , 1.0.1f , asm              ,           49,   64582, 0.14,        13, False    , off  , clang   , O2 , arm   , openssl-1.0.1f     , version_same
GPT  , openssl      , 1.0.1f , asm              ,           92,  168050, 0.27,        19, False    , off  , clang   , O2 , x86-64, openssl-1.0.1g     , version_diff
GPT  , openssl      , 1.0.1f , asm              ,           77,  169627, 0.28,        19, False    , off  , clang   , O2 , x86-64, openssl-1.0.1f     , version_same
GPT  , openssl      , 1.0.1f , asm              ,           37,   56733, 0.14,        12, False    , off  , clang   , O3 , arm   , openssl-1.0.1g     , version_diff
GPT  , openssl      , 1.0.1f , asm              ,           63,  100960, 0.18,        16, False    , off  , clang   , O3 , arm   , openssl-1.0.1f     , version_same
GPT  , openssl      , 1.0.1f , asm              ,           76,  193508, 0.24,        20, False    , off  , clang   , O3 , x86-64, openssl-1.0.1g     , version_diff
GPT  , openssl      , 1.0.1f , asm              ,          110,  174884, 0.26,        19, False    , off  , clang   , O3 , x86-64, openssl-1.0.1f     , version_same
GPT  , openssl      , 1.0.1f , asm              ,           43,   70377, 0.13,        13, False    , off  , gcc     , O2 , arm   , openssl-1.0.1g     , version_diff
GPT  , openssl      , 1.0.1f , asm              ,           52,   61468, 0.12,        13, False    , off  , gcc     , O2 , arm   , openssl-1.0.1f     , version_same
GPT  , openssl      , 1.0.1f , asm              ,           62,  142981, 0.25,        17, False    , off  , gcc     , O2 , x86-64, openssl-1.0.1g     , version_diff
GPT  , openssl      , 1.0.1f , asm              ,           72,  158463, 0.23,        18, False    , off  , gcc     , O2 , x86-64, openssl-1.0.1f     , version_same
GPT  , openssl      , 1.0.1f , asm              ,           47,   61209, 0.12,        12, False    , off  , gcc     , O3 , arm   , openssl-1.0.1g     , version_diff
GPT  , openssl      , 1.0.1f , asm              ,           77,   64084, 0.13,        13, False    , off  , gcc     , O3 , arm   , openssl-1.0.1f     , version_same
GPT  , openssl      , 1.0.1f , asm              ,           58,   94144, 0.21,        14, False    , off  , gcc     , O3 , x86-64, openssl-1.0.1g     , version_diff
GPT  , openssl      , 1.0.1f , asm              ,           69,  172073, 0.32,        19, False    , off  , gcc     , O3 , x86-64, openssl-1.0.1f     , version_same
GPT  , openssl      , 1.0.1f , asm              ,           42,   56001, 0.11,        11, False    , on   , clang   , O2 , arm   , openssl-1.0.1g     , version_diff
GPT  , openssl      , 1.0.1f , asm              ,           34,   56148, 0.14,        11, False    , on   , clang   , O2 , arm   , openssl-1.0.1f     , version_same
GPT  , openssl      , 1.0.1f , asm              ,           29,   81644, 0.14,        13, False    , on   , clang   , O2 , x86-64, openssl-1.0.1g     , version_diff
GPT  , openssl      , 1.0.1f , asm              ,           43,   95824, 0.18,        14, False    , on   , clang   , O2 , x86-64, openssl-1.0.1f     , version_same
GPT  , openssl      , 1.0.1f , asm              ,           47,   90493, 0.2 ,        14, False    , on   , clang   , O3 , arm   , openssl-1.0.1g     , version_diff
GPT  , openssl      , 1.0.1f , asm              ,           42,   66304, 0.13,        12, False    , on   , clang   , O3 , arm   , openssl-1.0.1f     , version_same
GPT  , openssl      , 1.0.1f , asm              ,           40,   95314, 0.2 ,        14, False    , on   , clang   , O3 , x86-64, openssl-1.0.1g     , version_diff
GPT  , openssl      , 1.0.1f , asm              ,           30,   40802, 0.12,         9, False    , on   , clang   , O3 , x86-64, openssl-1.0.1f     , version_same
GPT  , openssl      , 1.0.1f , asm              ,           62,  127589, 0.24,        17, False    , on   , gcc     , O2 , arm   , openssl-1.0.1g     , version_diff
GPT  , openssl      , 1.0.1f , asm              ,           30,   37564, 0.1 ,         9, False    , on   , gcc     , O2 , arm   , openssl-1.0.1f     , version_same
GPT  , openssl      , 1.0.1f , asm              ,           33,   73228, 0.17,        12, False    , on   , gcc     , O2 , x86-64, openssl-1.0.1g     , version_diff
GPT  , openssl      , 1.0.1f , asm              ,           25,   41548, 0.1 ,         9, False    , on   , gcc     , O2 , x86-64, openssl-1.0.1f     , version_same
GPT  , openssl      , 1.0.1f , asm              ,           63,  116469, 0.18,        16, False    , on   , gcc     , O3 , arm   , openssl-1.0.1g     , version_diff
GPT  , openssl      , 1.0.1f , asm              ,           44,   55913, 0.13,        11, False    , on   , gcc     , O3 , arm   , openssl-1.0.1f     , version_same
GPT  , openssl      , 1.0.1f , asm              ,           37,  101552, 0.17,        14, False    , on   , gcc     , O3 , x86-64, openssl-1.0.1g     , version_diff
GPT  , openssl      , 1.0.1f , asm              ,           55,   74578, 0.21,        12, False    , on   , gcc     , O3 , x86-64, openssl-1.0.1f     , version_same
GPT  , openssl      , 1.0.1f , heartbeats       ,           83,  339299, 0.51,        26, False    , off  , clang   , O2 , arm   , openssl-1.0.1g     , version_diff
GPT  , openssl      , 1.0.1f , heartbeats       ,           64,  192392, 0.36,        20, False    , off  , clang   , O2 , arm   , openssl-1.0.1f     , version_same
GPT  , openssl      , 1.0.1f , heartbeats       ,           75,  395407, 0.41,        27, False    , off  , clang   , O2 , x86-64, openssl-1.0.1g     , version_diff
GPT  , openssl      , 1.0.1f , heartbeats       ,           88,  316141, 0.54,        24, False    , off  , clang   , O2 , x86-64, openssl-1.0.1f     , version_same
GPT  , openssl      , 1.0.1f , heartbeats       ,           91,  268095, 0.45,        24, False    , off  , clang   , O3 , arm   , openssl-1.0.1g     , version_diff
GPT  , openssl      , 1.0.1f , heartbeats       ,          105,  335220, 0.44,        26, False    , off  , clang   , O3 , arm   , openssl-1.0.1f     , version_same
GPT  , openssl      , 1.0.1f , heartbeats       ,          100,  575447, 0.69,        33, False    , off  , clang   , O3 , x86-64, openssl-1.0.1g     , version_diff
GPT  , openssl      , 1.0.1f , heartbeats       ,          104,  370054, 0.48,        26, False    , off  , clang   , O3 , x86-64, openssl-1.0.1f     , version_same
GPT  , openssl      , 1.0.1f , heartbeats       ,           56,  150393, 0.23,        18, False    , off  , gcc     , O2 , arm   , openssl-1.0.1g     , version_diff
GPT  , openssl      , 1.0.1f , heartbeats       ,           65,  204353, 0.41,        21, False    , off  , gcc     , O2 , arm   , openssl-1.0.1f     , version_same
GPT  , openssl      , 1.0.1f , heartbeats       ,          100,  559490, 0.67,        33, False    , off  , gcc     , O2 , x86-64, openssl-1.0.1g     , version_diff
GPT  , openssl      , 1.0.1f , heartbeats       ,           81,  253089, 0.4 ,        22, False    , off  , gcc     , O2 , x86-64, openssl-1.0.1f     , version_same
GPT  , openssl      , 1.0.1f , heartbeats       ,           52,  118395, 0.26,        16, False    , off  , gcc     , O3 , arm   , openssl-1.0.1g     , version_diff
GPT  , openssl      , 1.0.1f , heartbeats       ,           69,  290093, 0.39,        25, False    , off  , gcc     , O3 , arm   , openssl-1.0.1f     , version_same
GPT  , openssl      , 1.0.1f , heartbeats       ,           85,  413010, 0.51,        28, False    , off  , gcc     , O3 , x86-64, openssl-1.0.1g     , version_diff
GPT  , openssl      , 1.0.1f , heartbeats       ,           66,  301641, 0.36,        24, False    , off  , gcc     , O3 , x86-64, openssl-1.0.1f     , version_same
GPT  , openssl      , 1.0.1f , heartbeats       ,           19,   29557, 0.07,         8, False    , on   , clang   , O2 , arm   , openssl-1.0.1g     , version_diff
GPT  , openssl      , 1.0.1f , heartbeats       ,           13,   22798, 0.06,         7, False    , on   , clang   , O2 , arm   , openssl-1.0.1f     , version_same
GPT  , openssl      , 1.0.1f , heartbeats       ,           80,  357208, 0.47,        26, False    , on   , clang   , O2 , x86-64, openssl-1.0.1g     , version_diff
GPT  , openssl      , 1.0.1f , heartbeats       ,           47,  120219, 0.18,        15, False    , on   , clang   , O2 , x86-64, openssl-1.0.1f     , version_same
GPT  , openssl      , 1.0.1f , heartbeats       ,           24,   38132, 0.11,         9, False    , on   , clang   , O3 , arm   , openssl-1.0.1g     , version_diff
GPT  , openssl      , 1.0.1f , heartbeats       ,           22,   38050, 0.1 ,         9, False    , on   , clang   , O3 , arm   , openssl-1.0.1f     , version_same
GPT  , openssl      , 1.0.1f , heartbeats       ,           44,  130771, 0.24,        16, False    , on   , clang   , O3 , x86-64, openssl-1.0.1g     , version_diff
GPT  , openssl      , 1.0.1f , heartbeats       ,           39,  120606, 0.22,        15, False    , on   , clang   , O3 , x86-64, openssl-1.0.1f     , version_same
GPT  , openssl      , 1.0.1f , heartbeats       ,           28,   64791, 0.12,        12, False    , on   , gcc     , O2 , arm   , openssl-1.0.1g     , version_diff
GPT  , openssl      , 1.0.1f , heartbeats       ,           35,   76145, 0.17,        13, False    , on   , gcc     , O2 , arm   , openssl-1.0.1f     , version_same
GPT  , openssl      , 1.0.1f , heartbeats       ,           53,  114388, 0.2 ,        15, False    , on   , gcc     , O2 , x86-64, openssl-1.0.1g     , version_diff
GPT  , openssl      , 1.0.1f , heartbeats       ,           51,  130707, 0.22,        16, False    , on   , gcc     , O2 , x86-64, openssl-1.0.1f     , version_same
GPT  , openssl      , 1.0.1f , heartbeats       ,           45,  101090, 0.16,        15, False    , on   , gcc     , O3 , arm   , openssl-1.0.1g     , version_diff
GPT  , openssl      , 1.0.1f , heartbeats       ,           60,  145051, 0.25,        18, False    , on   , gcc     , O3 , arm   , openssl-1.0.1f     , version_same
GPT  , openssl      , 1.0.1f , heartbeats       ,           58,  219643, 0.29,        21, False    , on   , gcc     , O3 , x86-64, openssl-1.0.1g     , version_diff
GPT  , openssl      , 1.0.1f , heartbeats       ,           47,  114044, 0.24,        15, False    , on   , gcc     , O3 , x86-64, openssl-1.0.1f     , version_same
GPT  , pcre2        , 10.39  , jit              ,           53,  133235, 0.21,        17, False    , off  , clang   , O2 , arm   , pcre2-10.40        , version_diff
GPT  , pcre2        , 10.39  , jit              ,           30,   44372, 0.1 ,        11, False    , off  , clang   , O2 , arm   , pcre2-10.39        , version_same
GPT  , pcre2        , 10.39  , jit              ,           26,   49166, 0.11,        10, False    , off  , clang   , O2 , x86-64, pcre2-10.40        , version_diff
GPT  , pcre2        , 10.39  , jit              ,           38,   63920, 0.14,        12, False    , off  , clang   , O2 , x86-64, pcre2-10.39        , version_same
GPT  , pcre2        , 10.39  , jit              ,           76,   87244, 0.21,        15, False    , off  , clang   , O3 , arm   , pcre2-10.40        , version_diff
GPT  , pcre2        , 10.39  , jit              ,           29,   34834, 0.11,        10, False    , off  , clang   , O3 , arm   , pcre2-10.39        , version_same
GPT  , pcre2        , 10.39  , jit              ,           53,  102615, 0.19,        15, False    , off  , clang   , O3 , x86-64, pcre2-10.40        , version_diff
GPT  , pcre2        , 10.39  , jit              ,           42,   66321, 0.15,        13, False    , off  , clang   , O3 , x86-64, pcre2-10.39        , version_same
GPT  , pcre2        , 10.39  , jit              ,           99,  269557, 0.31,        23, False    , off  , gcc     , O2 , arm   , pcre2-10.40        , version_diff
GPT  , pcre2        , 10.39  , jit              ,           38,   48978, 0.1 ,        11, False    , off  , gcc     , O2 , arm   , pcre2-10.39        , version_same
GPT  , pcre2        , 10.39  , jit              ,           80,  131683, 0.25,        17, False    , off  , gcc     , O2 , x86-64, pcre2-10.40        , version_diff
GPT  , pcre2        , 10.39  , jit              ,           36,   34389, 0.1 ,        10, False    , off  , gcc     , O2 , x86-64, pcre2-10.39        , version_same
GPT  , pcre2        , 10.39  , jit              ,           92,  296114, 0.41,        24, False    , off  , gcc     , O3 , arm   , pcre2-10.40        , version_diff
GPT  , pcre2        , 10.39  , jit              ,           26,   25225, 0.07,         9, False    , off  , gcc     , O3 , arm   , pcre2-10.39        , version_same
GPT  , pcre2        , 10.39  , jit              ,           51,   87382, 0.2 ,        14, False    , off  , gcc     , O3 , x86-64, pcre2-10.40        , version_diff
GPT  , pcre2        , 10.39  , jit              ,           26,   36026, 0.11,        10, False    , off  , gcc     , O3 , x86-64, pcre2-10.39        , version_same
GPT  , pcre2        , 10.39  , jit              ,           92,  228010, 0.32,        22, False    , on   , clang   , O2 , arm   , pcre2-10.40        , version_diff
GPT  , pcre2        , 10.39  , jit              ,           40,   41660, 0.11,        11, False    , on   , clang   , O2 , arm   , pcre2-10.39        , version_same
GPT  , pcre2        , 10.39  , jit              ,          110,  355788, 0.51,        26, False    , on   , clang   , O2 , x86-64, pcre2-10.40        , version_diff
GPT  , pcre2        , 10.39  , jit              ,           64,   64962, 0.18,        13, False    , on   , clang   , O2 , x86-64, pcre2-10.39        , version_same
GPT  , pcre2        , 10.39  , jit              ,           96,  376489, 0.43,        27, False    , on   , clang   , O3 , arm   , pcre2-10.40        , version_diff
GPT  , pcre2        , 10.39  , jit              ,           39,   31880, 0.1 ,        10, False    , on   , clang   , O3 , arm   , pcre2-10.39        , version_same
GPT  , pcre2        , 10.39  , jit              ,           60,  122631, 0.22,        16, False    , on   , clang   , O3 , x86-64, pcre2-10.40        , version_diff
GPT  , pcre2        , 10.39  , jit              ,           48,   46473, 0.1 ,        11, False    , on   , clang   , O3 , x86-64, pcre2-10.39        , version_same
GPT  , pcre2        , 10.39  , jit              ,           73,  233119, 0.31,        21, False    , on   , gcc     , O2 , arm   , pcre2-10.40        , version_diff
GPT  , pcre2        , 10.39  , jit              ,           25,   24586, 0.07,         9, False    , on   , gcc     , O2 , arm   , pcre2-10.39        , version_same
GPT  , pcre2        , 10.39  , jit              ,           74,  115379, 0.26,        16, False    , on   , gcc     , O2 , x86-64, pcre2-10.40        , version_diff
GPT  , pcre2        , 10.39  , jit              ,           37,   33868, 0.1 ,        10, False    , on   , gcc     , O2 , x86-64, pcre2-10.39        , version_same
GPT  , pcre2        , 10.39  , jit              ,           65,  152120, 0.22,        17, False    , on   , gcc     , O3 , arm   , pcre2-10.40        , version_diff
GPT  , pcre2        , 10.39  , jit              ,           39,   49645, 0.11,        12, False    , on   , gcc     , O3 , arm   , pcre2-10.39        , version_same
GPT  , pcre2        , 10.39  , jit              ,           79,  124106, 0.24,        16, False    , on   , gcc     , O3 , x86-64, pcre2-10.40        , version_diff
GPT  , pcre2        , 10.39  , jit              ,           41,   66261, 0.14,        12, False    , on   , gcc     , O3 , x86-64, pcre2-10.39        , version_same
GPT  , pcre2        , 10.39  , unicode          ,           90,  311830, 0.34,        25, False    , off  , clang   , O2 , arm   , pcre2-10.40        , version_diff
GPT  , pcre2        , 10.39  , unicode          ,          117,  394547, 0.49,        28, False    , off  , clang   , O2 , arm   , pcre2-10.39        , version_same
GPT  , pcre2        , 10.39  , unicode          ,          110,  460067, 0.58,        30, False    , off  , clang   , O2 , x86-64, pcre2-10.40        , version_diff
GPT  , pcre2        , 10.39  , unicode          ,           74,  203311, 0.26,        20, False    , off  , clang   , O2 , x86-64, pcre2-10.39        , version_same
GPT  , pcre2        , 10.39  , unicode          ,           77,  138778, 0.19,        17, False    , off  , clang   , O3 , arm   , pcre2-10.40        , version_diff
GPT  , pcre2        , 10.39  , unicode          ,           62,  153470, 0.25,        18, False    , off  , clang   , O3 , arm   , pcre2-10.39        , version_same
GPT  , pcre2        , 10.39  , unicode          ,          101,  385250, 0.49,        28, False    , off  , clang   , O3 , x86-64, pcre2-10.40        , version_diff
GPT  , pcre2        , 10.39  , unicode          ,           83,  227970, 0.27,        21, False    , off  , clang   , O3 , x86-64, pcre2-10.39        , version_same
GPT  , pcre2        , 10.39  , unicode          ,           35,   76917, 0.16,        13, False    , off  , gcc     , O2 , arm   , pcre2-10.40        , version_diff
GPT  , pcre2        , 10.39  , unicode          ,           42,   87036, 0.15,        13, False    , off  , gcc     , O2 , arm   , pcre2-10.39        , version_same
GPT  , pcre2        , 10.39  , unicode          ,           38,   84432, 0.15,        13, False    , off  , gcc     , O2 , x86-64, pcre2-10.40        , version_diff
GPT  , pcre2        , 10.39  , unicode          ,           76,  310380, 0.34,        24, False    , off  , gcc     , O2 , x86-64, pcre2-10.39        , version_same
GPT  , pcre2        , 10.39  , unicode          ,           68,  231588, 0.34,        21, False    , off  , gcc     , O3 , arm   , pcre2-10.40        , version_diff
GPT  , pcre2        , 10.39  , unicode          ,          123,  523772, 0.6 ,        32, False    , off  , gcc     , O3 , arm   , pcre2-10.39        , version_same
GPT  , pcre2        , 10.39  , unicode          ,           53,   95527, 0.18,        14, False    , off  , gcc     , O3 , x86-64, pcre2-10.40        , version_diff
GPT  , pcre2        , 10.39  , unicode          ,           55,  138232, 0.26,        16, False    , off  , gcc     , O3 , x86-64, pcre2-10.39        , version_same
GPT  , pcre2        , 10.39  , unicode          ,          140,  468104, 0.47,        31, False    , on   , clang   , O2 , arm   , pcre2-10.40        , version_diff
GPT  , pcre2        , 10.39  , unicode          ,           31,   60148, 0.13,        11, False    , on   , clang   , O2 , arm   , pcre2-10.39        , version_same
GPT  , pcre2        , 10.39  , unicode          ,           77,  265609, 0.32,        23, False    , on   , clang   , O2 , x86-64, pcre2-10.40        , version_diff
GPT  , pcre2        , 10.39  , unicode          ,           59,  119689, 0.26,        15, False    , on   , clang   , O2 , x86-64, pcre2-10.39        , version_same
GPT  , pcre2        , 10.39  , unicode          ,           42,   97947, 0.19,        14, False    , on   , clang   , O3 , arm   , pcre2-10.40        , version_diff
GPT  , pcre2        , 10.39  , unicode          ,           52,  146797, 0.27,        17, False    , on   , clang   , O3 , arm   , pcre2-10.39        , version_same
GPT  , pcre2        , 10.39  , unicode          ,           48,   99304, 0.2 ,        14, False    , on   , clang   , O3 , x86-64, pcre2-10.40        , version_diff
GPT  , pcre2        , 10.39  , unicode          ,           51,  133354, 0.22,        16, False    , on   , clang   , O3 , x86-64, pcre2-10.39        , version_same
GPT  , pcre2        , 10.39  , unicode          ,           74,  266573, 0.33,        23, False    , on   , gcc     , O2 , arm   , pcre2-10.40        , version_diff
GPT  , pcre2        , 10.39  , unicode          ,           89,  165569, 0.3 ,        18, False    , on   , gcc     , O2 , arm   , pcre2-10.39        , version_same
GPT  , pcre2        , 10.39  , unicode          ,           43,  103181, 0.17,        14, False    , on   , gcc     , O2 , x86-64, pcre2-10.40        , version_diff
GPT  , pcre2        , 10.39  , unicode          ,           61,  135110, 0.24,        16, False    , on   , gcc     , O2 , x86-64, pcre2-10.39        , version_same
GPT  , pcre2        , 10.39  , unicode          ,           58,  147523, 0.27,        17, False    , on   , gcc     , O3 , arm   , pcre2-10.40        , version_diff
GPT  , pcre2        , 10.39  , unicode          ,           64,  165376, 0.25,        18, False    , on   , gcc     , O3 , arm   , pcre2-10.39        , version_same
GPT  , pcre2        , 10.39  , unicode          ,           59,  150983, 0.22,        17, False    , on   , gcc     , O3 , x86-64, pcre2-10.40        , version_diff
GPT  , pcre2        , 10.39  , unicode          ,           27,   31963, 0.11,         8, False    , on   , gcc     , O3 , x86-64, pcre2-10.39        , version_same
GPT  , uclibc-ng    , 1.0.40 , HAS_IPV6         ,           27,   33474, 0.08,         9, False    , off  , clang   , O2 , arm   , uclibc-ng-1.0.41   , version_diff
GPT  , uclibc-ng    , 1.0.40 , HAS_IPV6         ,           26,   21847, 0.06,         7, False    , off  , clang   , O2 , arm   , uclibc-ng-1.0.40   , version_same
GPT  , uclibc-ng    , 1.0.40 , HAS_IPV6         ,           25,   27534, 0.1 ,         8, False    , off  , clang   , O2 , x86-64, uclibc-ng-1.0.41   , version_diff
GPT  , uclibc-ng    , 1.0.40 , HAS_IPV6         ,           25,   27536, 0.09,         8, False    , off  , clang   , O2 , x86-64, uclibc-ng-1.0.40   , version_same
GPT  , uclibc-ng    , 1.0.40 , HAS_IPV6         ,           20,   21844, 0.07,         7, False    , off  , clang   , O3 , arm   , uclibc-ng-1.0.41   , version_diff
GPT  , uclibc-ng    , 1.0.40 , HAS_IPV6         ,           45,   49501, 0.12,        11, False    , off  , clang   , O3 , arm   , uclibc-ng-1.0.40   , version_same
GPT  , uclibc-ng    , 1.0.40 , HAS_IPV6         ,           23,   28610, 0.07,         8, False    , off  , clang   , O3 , x86-64, uclibc-ng-1.0.41   , version_diff
GPT  , uclibc-ng    , 1.0.40 , HAS_IPV6         ,           31,   35456, 0.1 ,         9, False    , off  , clang   , O3 , x86-64, uclibc-ng-1.0.40   , version_same
GPT  , uclibc-ng    , 1.0.40 , HAS_IPV6         ,           13,   16239, 0.06,         6, False    , off  , gcc     , O2 , arm   , uclibc-ng-1.0.41   , version_diff
GPT  , uclibc-ng    , 1.0.40 , HAS_IPV6         ,           23,   21021, 0.07,         7, False    , off  , gcc     , O2 , arm   , uclibc-ng-1.0.40   , version_same
GPT  , uclibc-ng    , 1.0.40 , HAS_IPV6         ,           22,   21245, 0.07,         7, False    , off  , gcc     , O2 , x86-64, uclibc-ng-1.0.41   , version_diff
GPT  , uclibc-ng    , 1.0.40 , HAS_IPV6         ,           19,   21226, 0.06,         7, False    , off  , gcc     , O2 , x86-64, uclibc-ng-1.0.40   , version_same
GPT  , uclibc-ng    , 1.0.40 , HAS_IPV6         ,           23,   27730, 0.07,         8, False    , off  , gcc     , O3 , arm   , uclibc-ng-1.0.41   , version_diff
GPT  , uclibc-ng    , 1.0.40 , HAS_IPV6         ,           33,   33917, 0.11,         9, False    , off  , gcc     , O3 , arm   , uclibc-ng-1.0.40   , version_same
GPT  , uclibc-ng    , 1.0.40 , HAS_IPV6         ,           26,   35353, 0.08,         9, False    , off  , gcc     , O3 , x86-64, uclibc-ng-1.0.41   , version_diff
GPT  , uclibc-ng    , 1.0.40 , HAS_IPV6         ,           36,   28582, 0.1 ,         8, False    , off  , gcc     , O3 , x86-64, uclibc-ng-1.0.40   , version_same
GPT  , uclibc-ng    , 1.0.40 , HAS_IPV6         ,            7,    8344, 0.04,         4, False    , on   , clang   , O2 , arm   , uclibc-ng-1.0.41   , version_diff
GPT  , uclibc-ng    , 1.0.40 , HAS_IPV6         ,           20,    8406, 0.03,         4, False    , on   , clang   , O2 , arm   , uclibc-ng-1.0.40   , version_same
GPT  , uclibc-ng    , 1.0.40 , HAS_IPV6         ,           15,   17934, 0.06,         6, False    , on   , clang   , O2 , x86-64, uclibc-ng-1.0.41   , version_diff
GPT  , uclibc-ng    , 1.0.40 , HAS_IPV6         ,           10,   12931, 0.05,         5, False    , on   , clang   , O2 , x86-64, uclibc-ng-1.0.40   , version_same
GPT  , uclibc-ng    , 1.0.40 , HAS_IPV6         ,            6,    8350, 0.03,         4, False    , on   , clang   , O3 , arm   , uclibc-ng-1.0.41   , version_diff
GPT  , uclibc-ng    , 1.0.40 , HAS_IPV6         ,            8,    8413, 0.04,         4, False    , on   , clang   , O3 , arm   , uclibc-ng-1.0.40   , version_same
GPT  , uclibc-ng    , 1.0.40 , HAS_IPV6         ,            9,   12767, 0.05,         5, False    , on   , clang   , O3 , x86-64, uclibc-ng-1.0.41   , version_diff
GPT  , uclibc-ng    , 1.0.40 , HAS_IPV6         ,           18,   17928, 0.07,         6, False    , on   , clang   , O3 , x86-64, uclibc-ng-1.0.40   , version_same
GPT  , uclibc-ng    , 1.0.40 , HAS_IPV6         ,           14,   16287, 0.06,         6, False    , on   , gcc     , O2 , arm   , uclibc-ng-1.0.41   , version_diff
GPT  , uclibc-ng    , 1.0.40 , HAS_IPV6         ,           11,   16342, 0.06,         6, False    , on   , gcc     , O2 , arm   , uclibc-ng-1.0.40   , version_same
GPT  , uclibc-ng    , 1.0.40 , HAS_IPV6         ,           12,   12685, 0.05,         5, False    , on   , gcc     , O2 , x86-64, uclibc-ng-1.0.41   , version_diff
GPT  , uclibc-ng    , 1.0.40 , HAS_IPV6         ,           11,   12748, 0.04,         5, False    , on   , gcc     , O2 , x86-64, uclibc-ng-1.0.40   , version_same
GPT  , uclibc-ng    , 1.0.40 , HAS_IPV6         ,           12,   12054, 0.04,         5, False    , on   , gcc     , O3 , arm   , uclibc-ng-1.0.41   , version_diff
GPT  , uclibc-ng    , 1.0.40 , HAS_IPV6         ,            8,    8347, 0.03,         4, False    , on   , gcc     , O3 , arm   , uclibc-ng-1.0.40   , version_same
GPT  , uclibc-ng    , 1.0.40 , HAS_IPV6         ,           10,   13015, 0.05,         5, False    , on   , gcc     , O3 , x86-64, uclibc-ng-1.0.41   , version_diff
GPT  , uclibc-ng    , 1.0.40 , HAS_IPV6         ,           11,   13009, 0.05,         5, False    , on   , gcc     , O3 , x86-64, uclibc-ng-1.0.40   , version_same
GPT  , uclibc-ng    , 1.0.40 , HAS_REGEX        ,           39,   53728, 0.12,        12, False    , off  , clang   , O2 , arm   , uclibc-ng-1.0.41   , version_diff
GPT  , uclibc-ng    , 1.0.40 , HAS_REGEX        ,           23,   26438, 0.07,         9, False    , off  , clang   , O2 , arm   , uclibc-ng-1.0.40   , version_same
GPT  , uclibc-ng    , 1.0.40 , HAS_REGEX        ,           33,   55901, 0.14,        12, False    , off  , clang   , O2 , x86-64, uclibc-ng-1.0.41   , version_diff
GPT  , uclibc-ng    , 1.0.40 , HAS_REGEX        ,           37,   40788, 0.11,        10, False    , off  , clang   , O2 , x86-64, uclibc-ng-1.0.40   , version_same
GPT  , uclibc-ng    , 1.0.40 , HAS_REGEX        ,           31,   52448, 0.12,        12, False    , off  , clang   , O3 , arm   , uclibc-ng-1.0.41   , version_diff
GPT  , uclibc-ng    , 1.0.40 , HAS_REGEX        ,           20,   29182, 0.09,         9, False    , off  , clang   , O3 , arm   , uclibc-ng-1.0.40   , version_same
GPT  , uclibc-ng    , 1.0.40 , HAS_REGEX        ,           47,   77696, 0.19,        14, False    , off  , clang   , O3 , x86-64, uclibc-ng-1.0.41   , version_diff
GPT  , uclibc-ng    , 1.0.40 , HAS_REGEX        ,           31,   40644, 0.1 ,        10, False    , off  , clang   , O3 , x86-64, uclibc-ng-1.0.40   , version_same
GPT  , uclibc-ng    , 1.0.40 , HAS_REGEX        ,           35,   53215, 0.13,        12, False    , off  , gcc     , O2 , arm   , uclibc-ng-1.0.41   , version_diff
GPT  , uclibc-ng    , 1.0.40 , HAS_REGEX        ,           25,   24595, 0.07,         9, False    , off  , gcc     , O2 , arm   , uclibc-ng-1.0.40   , version_same
GPT  , uclibc-ng    , 1.0.40 , HAS_REGEX        ,           42,   51555, 0.14,        12, False    , off  , gcc     , O2 , x86-64, uclibc-ng-1.0.41   , version_diff
GPT  , uclibc-ng    , 1.0.40 , HAS_REGEX        ,           28,   38077, 0.08,        10, False    , off  , gcc     , O2 , x86-64, uclibc-ng-1.0.40   , version_same
GPT  , uclibc-ng    , 1.0.40 , HAS_REGEX        ,           40,   52236, 0.12,        12, False    , off  , gcc     , O3 , arm   , uclibc-ng-1.0.41   , version_diff
GPT  , uclibc-ng    , 1.0.40 , HAS_REGEX        ,           31,   36572, 0.08,        10, False    , off  , gcc     , O3 , arm   , uclibc-ng-1.0.40   , version_same
GPT  , uclibc-ng    , 1.0.40 , HAS_REGEX        ,           58,   64099, 0.13,        13, False    , off  , gcc     , O3 , x86-64, uclibc-ng-1.0.41   , version_diff
GPT  , uclibc-ng    , 1.0.40 , HAS_REGEX        ,           28,   40717, 0.09,        10, False    , off  , gcc     , O3 , x86-64, uclibc-ng-1.0.40   , version_same
GPT  , uclibc-ng    , 1.0.40 , HAS_REGEX        ,           29,   41767, 0.11,        11, False    , on   , clang   , O2 , arm   , uclibc-ng-1.0.41   , version_diff
GPT  , uclibc-ng    , 1.0.40 , HAS_REGEX        ,           12,   13355, 0.06,         6, False    , on   , clang   , O2 , arm   , uclibc-ng-1.0.40   , version_same
GPT  , uclibc-ng    , 1.0.40 , HAS_REGEX        ,           33,   44518, 0.11,        11, False    , on   , clang   , O2 , x86-64, uclibc-ng-1.0.41   , version_diff
GPT  , uclibc-ng    , 1.0.40 , HAS_REGEX        ,           21,   14264, 0.04,         6, False    , on   , clang   , O2 , x86-64, uclibc-ng-1.0.40   , version_same
GPT  , uclibc-ng    , 1.0.40 , HAS_REGEX        ,           27,   42076, 0.09,        11, False    , on   , clang   , O3 , arm   , uclibc-ng-1.0.41   , version_diff
GPT  , uclibc-ng    , 1.0.40 , HAS_REGEX        ,           28,   20528, 0.05,         8, False    , on   , clang   , O3 , arm   , uclibc-ng-1.0.40   , version_same
GPT  , uclibc-ng    , 1.0.40 , HAS_REGEX        ,           26,   38064, 0.09,        10, False    , on   , clang   , O3 , x86-64, uclibc-ng-1.0.41   , version_diff
GPT  , uclibc-ng    , 1.0.40 , HAS_REGEX        ,           13,   10849, 0.04,         5, False    , on   , clang   , O3 , x86-64, uclibc-ng-1.0.40   , version_same
GPT  , uclibc-ng    , 1.0.40 , HAS_REGEX        ,           30,   36590, 0.07,        10, False    , on   , gcc     , O2 , arm   , uclibc-ng-1.0.41   , version_diff
GPT  , uclibc-ng    , 1.0.40 , HAS_REGEX        ,           18,   17160, 0.06,         7, False    , on   , gcc     , O2 , arm   , uclibc-ng-1.0.40   , version_same
GPT  , uclibc-ng    , 1.0.40 , HAS_REGEX        ,           24,   25343, 0.06,         8, False    , on   , gcc     , O2 , x86-64, uclibc-ng-1.0.41   , version_diff
GPT  , uclibc-ng    , 1.0.40 , HAS_REGEX        ,           20,   18089, 0.06,         7, False    , on   , gcc     , O2 , x86-64, uclibc-ng-1.0.40   , version_same
GPT  , uclibc-ng    , 1.0.40 , HAS_REGEX        ,           37,   57043, 0.11,        12, False    , on   , gcc     , O3 , arm   , uclibc-ng-1.0.41   , version_diff
GPT  , uclibc-ng    , 1.0.40 , HAS_REGEX        ,           25,   23063, 0.07,         8, False    , on   , gcc     , O3 , arm   , uclibc-ng-1.0.40   , version_same
GPT  , uclibc-ng    , 1.0.40 , HAS_REGEX        ,           22,   25292, 0.07,         8, False    , on   , gcc     , O3 , x86-64, uclibc-ng-1.0.41   , version_diff
GPT  , uclibc-ng    , 1.0.40 , HAS_REGEX        ,           23,   10769, 0.04,         5, False    , on   , gcc     , O3 , x86-64, uclibc-ng-1.0.40   , version_same
GPT  , wget         , 1.20.3 , digest           ,           32,   45396, 0.12,        10, False    , off  , clang   , O2 , arm   , wget-1.21.4        , version_diff
GPT  , wget         , 1.20.3 , digest           ,           47,   63653, 0.15,        12, False    , off  , clang   , O2 , arm   , wget-1.20.3        , version_same
GPT  , wget         , 1.20.3 , digest           ,           26,   36685, 0.08,        10, False    , off  , clang   , O2 , x86-64, wget-1.21.4        , version_diff
GPT  , wget         , 1.20.3 , digest           ,           60,   86790, 0.17,        14, False    , off  , clang   , O2 , x86-64, wget-1.20.3        , version_same
GPT  , wget         , 1.20.3 , digest           ,           54,   97820, 0.19,        15, False    , off  , clang   , O3 , arm   , wget-1.21.4        , version_diff
GPT  , wget         , 1.20.3 , digest           ,           63,   98437, 0.26,        15, False    , off  , clang   , O3 , arm   , wget-1.20.3        , version_same
GPT  , wget         , 1.20.3 , digest           ,           49,   85995, 0.21,        14, False    , off  , clang   , O3 , x86-64, wget-1.21.4        , version_diff
GPT  , wget         , 1.20.3 , digest           ,           72,   86430, 0.21,        14, False    , off  , clang   , O3 , x86-64, wget-1.20.3        , version_same
GPT  , wget         , 1.20.3 , digest           ,           31,   61852, 0.12,        12, False    , off  , gcc     , O2 , arm   , wget-1.21.4        , version_diff
GPT  , wget         , 1.20.3 , digest           ,           42,   70943, 0.15,        13, False    , off  , gcc     , O2 , arm   , wget-1.20.3        , version_same
GPT  , wget         , 1.20.3 , digest           ,           26,   33120, 0.09,        10, False    , off  , gcc     , O2 , x86-64, wget-1.21.4        , version_diff
GPT  , wget         , 1.20.3 , digest           ,           27,   33297, 0.09,        10, False    , off  , gcc     , O2 , x86-64, wget-1.20.3        , version_same
GPT  , wget         , 1.20.3 , digest           ,           36,   83496, 0.16,        14, False    , off  , gcc     , O3 , arm   , wget-1.21.4        , version_diff
GPT  , wget         , 1.20.3 , digest           ,           51,   93977, 0.21,        15, False    , off  , gcc     , O3 , arm   , wget-1.20.3        , version_same
GPT  , wget         , 1.20.3 , digest           ,           59,  109340, 0.18,        16, False    , off  , gcc     , O3 , x86-64, wget-1.21.4        , version_diff
GPT  , wget         , 1.20.3 , digest           ,           50,   97751, 0.16,        15, False    , off  , gcc     , O3 , x86-64, wget-1.20.3        , version_same
GPT  , wget         , 1.20.3 , ipv6             ,           71,  237695, 0.31,        22, False    , off  , clang   , O2 , arm   , wget-1.21.4        , version_diff
GPT  , wget         , 1.20.3 , ipv6             ,           99,  341487, 0.55,        26, False    , off  , clang   , O2 , arm   , wget-1.20.3        , version_same
GPT  , wget         , 1.20.3 , ipv6             ,           70,  221443, 0.29,        21, False    , off  , clang   , O2 , x86-64, wget-1.21.4        , version_diff
GPT  , wget         , 1.20.3 , ipv6             ,           82,  222552, 0.38,        21, False    , off  , clang   , O2 , x86-64, wget-1.20.3        , version_same
GPT  , wget         , 1.20.3 , ipv6             ,           49,  140477, 0.22,        17, False    , off  , clang   , O3 , arm   , wget-1.21.4        , version_diff
GPT  , wget         , 1.20.3 , ipv6             ,           89,  285498, 0.4 ,        24, False    , off  , clang   , O3 , arm   , wget-1.20.3        , version_same
GPT  , wget         , 1.20.3 , ipv6             ,           76,  289900, 0.33,        24, False    , off  , clang   , O3 , x86-64, wget-1.21.4        , version_diff
GPT  , wget         , 1.20.3 , ipv6             ,          135,  590443, 0.61,        34, False    , off  , clang   , O3 , x86-64, wget-1.20.3        , version_same
GPT  , wget         , 1.20.3 , ipv6             ,           58,  140054, 0.24,        17, False    , off  , gcc     , O2 , arm   , wget-1.21.4        , version_diff
GPT  , wget         , 1.20.3 , ipv6             ,           96,  263584, 0.39,        23, False    , off  , gcc     , O2 , arm   , wget-1.20.3        , version_same
GPT  , wget         , 1.20.3 , ipv6             ,           54,  141129, 0.21,        17, False    , off  , gcc     , O2 , x86-64, wget-1.21.4        , version_diff
GPT  , wget         , 1.20.3 , ipv6             ,           85,  285544, 0.41,        24, False    , off  , gcc     , O2 , x86-64, wget-1.20.3        , version_same
GPT  , wget         , 1.20.3 , ipv6             ,          125,  393701, 0.44,        28, False    , off  , gcc     , O3 , arm   , wget-1.21.4        , version_diff
GPT  , wget         , 1.20.3 , ipv6             ,           95,  332805, 0.47,        26, False    , off  , gcc     , O3 , arm   , wget-1.20.3        , version_same
GPT  , wget         , 1.20.3 , ipv6             ,           82,  280800, 0.37,        24, False    , off  , gcc     , O3 , x86-64, wget-1.21.4        , version_diff
GPT  , wget         , 1.20.3 , ipv6             ,          105,  337406, 0.47,        26, False    , off  , gcc     , O3 , x86-64, wget-1.20.3        , version_same
GPT  , wget         , 1.20.3 , ipv6             ,           61,  159257, 0.22,        18, False    , on   , clang   , O2 , arm   , wget-1.21.4        , version_diff
GPT  , wget         , 1.20.3 , ipv6             ,           54,  127647, 0.18,        16, False    , on   , clang   , O2 , x86-64, wget-1.21.4        , version_diff
GPT  , wget         , 1.20.3 , ipv6             ,           44,  109132, 0.17,        15, False    , on   , clang   , O3 , arm   , wget-1.21.4        , version_diff
GPT  , wget         , 1.20.3 , ipv6             ,           57,  127940, 0.19,        16, False    , on   , clang   , O3 , x86-64, wget-1.21.4        , version_diff
GPT  , wget         , 1.20.3 , ipv6             ,           30,   59310, 0.13,        11, False    , on   , gcc     , O2 , arm   , wget-1.21.4        , version_diff
GPT  , wget         , 1.20.3 , ipv6             ,           26,   48784, 0.1 ,        10, False    , on   , gcc     , O2 , x86-64, wget-1.21.4        , version_diff
GPT  , wget         , 1.20.3 , ipv6             ,           38,   96463, 0.21,        14, False    , on   , gcc     , O3 , arm   , wget-1.21.4        , version_diff
GPT  , wget         , 1.20.3 , ipv6             ,           26,   48822, 0.11,        10, False    , on   , gcc     , O3 , x86-64, wget-1.21.4        , version_diff
MM   , busybox      , 1.33.1 , CONFIG_ASH       ,           21,   42890, 0.01,         9, False    , off  , clang   , O2 , arm   , busybox-1.34.1     , version_diff
MM   , busybox      , 1.33.1 , CONFIG_ASH       ,           16,   41761, 0.01,         9, False    , off  , clang   , O2 , arm   , busybox-1.33.1     , version_same
MM   , busybox      , 1.33.1 , CONFIG_ASH       ,           24,   42506, 0.01,         9, False    , off  , clang   , O2 , x86-64, busybox-1.34.1     , version_diff
MM   , busybox      , 1.33.1 , CONFIG_ASH       ,           31,   40496, 0.01,         9, False    , off  , clang   , O2 , x86-64, busybox-1.33.1     , version_same
MM   , busybox      , 1.33.1 , CONFIG_ASH       ,           16,   43405, 0.01,         9, False    , off  , clang   , O3 , arm   , busybox-1.34.1     , version_diff
MM   , busybox      , 1.33.1 , CONFIG_ASH       ,           45,   41957, 0.01,         9, False    , off  , clang   , O3 , arm   , busybox-1.33.1     , version_same
MM   , busybox      , 1.33.1 , CONFIG_ASH       ,           34,   43363, 0.01,         9, False    , off  , clang   , O3 , x86-64, busybox-1.34.1     , version_diff
MM   , busybox      , 1.33.1 , CONFIG_ASH       ,           27,   54780, 0.01,        11, False    , off  , clang   , O3 , x86-64, busybox-1.33.1     , version_same
MM   , busybox      , 1.33.1 , CONFIG_ASH       ,           17,   43549, 0.01,         9, False    , off  , gcc     , O2 , arm   , busybox-1.34.1     , version_diff
MM   , busybox      , 1.33.1 , CONFIG_ASH       ,           41,   41855, 0.01,         9, False    , off  , gcc     , O2 , arm   , busybox-1.33.1     , version_same
MM   , busybox      , 1.33.1 , CONFIG_ASH       ,           15,   42745, 0.01,         9, False    , off  , gcc     , O2 , x86-64, busybox-1.34.1     , version_diff
MM   , busybox      , 1.33.1 , CONFIG_ASH       ,           17,   42523, 0.01,         9, False    , off  , gcc     , O2 , x86-64, busybox-1.33.1     , version_same
MM   , busybox      , 1.33.1 , CONFIG_ASH       ,           19,   49823, 0.01,        10, False    , off  , gcc     , O3 , arm   , busybox-1.34.1     , version_diff
MM   , busybox      , 1.33.1 , CONFIG_ASH       ,           21,   41408, 0.01,         9, False    , off  , gcc     , O3 , arm   , busybox-1.33.1     , version_same
MM   , busybox      , 1.33.1 , CONFIG_ASH       ,           23,   43607, 0.01,         9, False    , off  , gcc     , O3 , x86-64, busybox-1.34.1     , version_diff
MM   , busybox      , 1.33.1 , CONFIG_ASH       ,           24,   75435, 0.01,        13, False    , off  , gcc     , O3 , x86-64, busybox-1.33.1     , version_same
MM   , busybox      , 1.33.1 , CONFIG_ASH       ,           19,   59233, 0.01,        10, False    , on   , clang   , O2 , arm   , busybox-1.34.1     , version_diff
MM   , busybox      , 1.33.1 , CONFIG_ASH       ,           27,   70567, 0.01,        11, False    , on   , clang   , O2 , arm   , busybox-1.33.1     , version_same
MM   , busybox      , 1.33.1 , CONFIG_ASH       ,           71,  619742, 0.04,        33, False    , on   , clang   , O2 , x86-64, busybox-1.34.1     , version_diff
MM   , busybox      , 1.33.1 , CONFIG_ASH       ,          138,  171184, 0.02,        17, False    , on   , clang   , O2 , x86-64, busybox-1.33.1     , version_same
MM   , busybox      , 1.33.1 , CONFIG_ASH       ,           17,   57641, 0.01,        10, False    , on   , clang   , O3 , arm   , busybox-1.34.1     , version_diff
MM   , busybox      , 1.33.1 , CONFIG_ASH       ,           54,   66919, 0.01,        11, False    , on   , clang   , O3 , arm   , busybox-1.33.1     , version_same
MM   , busybox      , 1.33.1 , CONFIG_ASH       ,           68,  238615, 0.02,        20, False    , on   , clang   , O3 , x86-64, busybox-1.34.1     , version_diff
MM   , busybox      , 1.33.1 , CONFIG_ASH       ,          110,   68939, 0.01,        11, False    , on   , clang   , O3 , x86-64, busybox-1.33.1     , version_same
MM   , busybox      , 1.33.1 , CONFIG_ASH       ,           31,  109031, 0.02,        14, False    , on   , gcc     , O2 , arm   , busybox-1.34.1     , version_diff
MM   , busybox      , 1.33.1 , CONFIG_ASH       ,          146,  270153, 0.02,        23, False    , on   , gcc     , O2 , arm   , busybox-1.33.1     , version_same
MM   , busybox      , 1.33.1 , CONFIG_ASH       ,           41,  184749, 0.02,        18, False    , on   , gcc     , O2 , x86-64, busybox-1.34.1     , version_diff
MM   , busybox      , 1.33.1 , CONFIG_ASH       ,           33,   69120, 0.01,        11, False    , on   , gcc     , O2 , x86-64, busybox-1.33.1     , version_same
MM   , busybox      , 1.33.1 , CONFIG_ASH       ,           28,   84485, 0.01,        12, False    , on   , gcc     , O3 , arm   , busybox-1.34.1     , version_diff
MM   , busybox      , 1.33.1 , CONFIG_ASH       ,           43,  104183, 0.01,        14, False    , on   , gcc     , O3 , arm   , busybox-1.33.1     , version_same
MM   , busybox      , 1.33.1 , CONFIG_ASH       ,           19,   46069, 0.01,         9, False    , on   , gcc     , O3 , x86-64, busybox-1.34.1     , version_diff
MM   , busybox      , 1.33.1 , CONFIG_ASH       ,          316,   52479, 0.01,        10, False    , on   , gcc     , O3 , x86-64, busybox-1.33.1     , version_same
MM   , busybox      , 1.33.1 , CONFIG_HUSH      ,           17,   59580, 0.01,         9, False    , off  , clang   , O2 , arm   , busybox-1.34.1     , version_diff
MM   , busybox      , 1.33.1 , CONFIG_HUSH      ,           17,   46714, 0.01,         9, False    , off  , clang   , O2 , arm   , busybox-1.33.1     , version_same
MM   , busybox      , 1.33.1 , CONFIG_HUSH      ,           18,   67384, 0.01,        10, False    , off  , clang   , O2 , x86-64, busybox-1.34.1     , version_diff
MM   , busybox      , 1.33.1 , CONFIG_HUSH      ,           26,   45734, 0.01,         9, False    , off  , clang   , O2 , x86-64, busybox-1.33.1     , version_same
MM   , busybox      , 1.33.1 , CONFIG_HUSH      ,           30,   60057, 0.01,         9, False    , off  , clang   , O3 , arm   , busybox-1.34.1     , version_diff
MM   , busybox      , 1.33.1 , CONFIG_HUSH      ,          108,   71727, 0.01,        12, False    , off  , clang   , O3 , arm   , busybox-1.33.1     , version_same
MM   , busybox      , 1.33.1 , CONFIG_HUSH      ,           29,   60117, 0.01,         9, False    , off  , clang   , O3 , x86-64, busybox-1.34.1     , version_diff
MM   , busybox      , 1.33.1 , CONFIG_HUSH      ,          104,   52699, 0.01,        10, False    , off  , clang   , O3 , x86-64, busybox-1.33.1     , version_same
MM   , busybox      , 1.33.1 , CONFIG_HUSH      ,           24,   60824, 0.01,         9, False    , off  , gcc     , O2 , arm   , busybox-1.34.1     , version_diff
MM   , busybox      , 1.33.1 , CONFIG_HUSH      ,           17,   48303, 0.01,        10, False    , off  , gcc     , O2 , arm   , busybox-1.33.1     , version_same
MM   , busybox      , 1.33.1 , CONFIG_HUSH      ,           20,   68970, 0.01,        10, False    , off  , gcc     , O2 , x86-64, busybox-1.34.1     , version_diff
MM   , busybox      , 1.33.1 , CONFIG_HUSH      ,           18,   49492, 0.01,         9, False    , off  , gcc     , O2 , x86-64, busybox-1.33.1     , version_same
MM   , busybox      , 1.33.1 , CONFIG_HUSH      ,           28,   60779, 0.01,         9, False    , off  , gcc     , O3 , arm   , busybox-1.34.1     , version_diff
MM   , busybox      , 1.33.1 , CONFIG_HUSH      ,           81,   80255, 0.01,        13, False    , off  , gcc     , O3 , arm   , busybox-1.33.1     , version_same
MM   , busybox      , 1.33.1 , CONFIG_HUSH      ,           32,   60576, 0.01,         9, False    , off  , gcc     , O3 , x86-64, busybox-1.34.1     , version_diff
MM   , busybox      , 1.33.1 , CONFIG_HUSH      ,           15,   49341, 0.01,         9, False    , off  , gcc     , O3 , x86-64, busybox-1.33.1     , version_same
MM   , busybox      , 1.33.1 , CONFIG_HUSH      ,           44,  142301, 0.01,        14, False    , on   , clang   , O2 , arm   , busybox-1.34.1     , version_diff
MM   , busybox      , 1.33.1 , CONFIG_HUSH      ,           34,  168208, 0.01,        17, False    , on   , clang   , O2 , arm   , busybox-1.33.1     , version_same
MM   , busybox      , 1.33.1 , CONFIG_HUSH      ,           48,  144961, 0.01,        14, False    , on   , clang   , O2 , x86-64, busybox-1.34.1     , version_diff
MM   , busybox      , 1.33.1 , CONFIG_HUSH      ,           32,   90930, 0.01,        13, False    , on   , clang   , O2 , x86-64, busybox-1.33.1     , version_same
MM   , busybox      , 1.33.1 , CONFIG_HUSH      ,           39,   86301, 0.01,        10, False    , on   , clang   , O3 , arm   , busybox-1.34.1     , version_diff
MM   , busybox      , 1.33.1 , CONFIG_HUSH      ,           74,  104169, 0.01,        13, False    , on   , clang   , O3 , arm   , busybox-1.33.1     , version_same
MM   , busybox      , 1.33.1 , CONFIG_HUSH      ,           92,  253134, 0.02,        19, False    , on   , clang   , O3 , x86-64, busybox-1.34.1     , version_diff
MM   , busybox      , 1.33.1 , CONFIG_HUSH      ,           53,  153325, 0.01,        16, False    , on   , clang   , O3 , x86-64, busybox-1.33.1     , version_same
MM   , busybox      , 1.33.1 , CONFIG_HUSH      ,           46,  160067, 0.01,        15, False    , on   , gcc     , O2 , arm   , busybox-1.34.1     , version_diff
MM   , busybox      , 1.33.1 , CONFIG_HUSH      ,           37,   93574, 0.01,        12, False    , on   , gcc     , O2 , arm   , busybox-1.33.1     , version_same
MM   , busybox      , 1.33.1 , CONFIG_HUSH      ,           41,  206923, 0.01,        17, False    , on   , gcc     , O2 , x86-64, busybox-1.34.1     , version_diff
MM   , busybox      , 1.33.1 , CONFIG_HUSH      ,           30,   78600, 0.01,        11, False    , on   , gcc     , O2 , x86-64, busybox-1.33.1     , version_same
MM   , busybox      , 1.33.1 , CONFIG_HUSH      ,           21,   99227, 0.01,        11, False    , on   , gcc     , O3 , arm   , busybox-1.34.1     , version_diff
MM   , busybox      , 1.33.1 , CONFIG_HUSH      ,          343,   93160, 0.02,        12, False    , on   , gcc     , O3 , arm   , busybox-1.33.1     , version_same
MM   , busybox      , 1.33.1 , CONFIG_HUSH      ,           37,  211147, 0.02,        17, False    , on   , gcc     , O3 , x86-64, busybox-1.34.1     , version_diff
MM   , busybox      , 1.33.1 , CONFIG_HUSH      ,           63,   91864, 0.01,        12, False    , on   , gcc     , O3 , x86-64, busybox-1.33.1     , version_same
MM   , curl         , 7.73.0 , dict             ,           26,   49862, 0.01,        11, False    , off  , clang   , O2 , arm   , curl-7.74.0        , version_diff
MM   , curl         , 7.73.0 , dict             ,           16,   33438, 0.0 ,         9, False    , off  , clang   , O2 , arm   , curl-7.73.0        , version_same
MM   , curl         , 7.73.0 , dict             ,           24,   32406, 0.01,         9, False    , off  , clang   , O2 , x86-64, curl-7.74.0        , version_diff
MM   , curl         , 7.73.0 , dict             ,           18,   38189, 0.01,        10, False    , off  , clang   , O2 , x86-64, curl-7.73.0        , version_same
MM   , curl         , 7.73.0 , dict             ,           99,  345693, 0.02,        28, False    , off  , clang   , O3 , arm   , curl-7.74.0        , version_diff
MM   , curl         , 7.73.0 , dict             ,           36,   34948, 0.01,         9, False    , off  , clang   , O3 , arm   , curl-7.73.0        , version_same
MM   , curl         , 7.73.0 , dict             ,           28,   44787, 0.01,        10, False    , off  , clang   , O3 , x86-64, curl-7.74.0        , version_diff
MM   , curl         , 7.73.0 , dict             ,           72,   58430, 0.01,        12, False    , off  , clang   , O3 , x86-64, curl-7.73.0        , version_same
MM   , curl         , 7.73.0 , dict             ,           39,   81284, 0.01,        13, False    , off  , gcc     , O2 , arm   , curl-7.74.0        , version_diff
MM   , curl         , 7.73.0 , dict             ,           16,   29935, 0.0 ,         9, False    , off  , gcc     , O2 , arm   , curl-7.73.0        , version_same
MM   , curl         , 7.73.0 , dict             ,           30,   65818, 0.01,        13, False    , off  , gcc     , O2 , x86-64, curl-7.74.0        , version_diff
MM   , curl         , 7.73.0 , dict             ,           59,   40978, 0.01,        11, False    , off  , gcc     , O2 , x86-64, curl-7.73.0        , version_same
MM   , curl         , 7.73.0 , dict             ,           42,   99144, 0.01,        15, False    , off  , gcc     , O3 , arm   , curl-7.74.0        , version_diff
MM   , curl         , 7.73.0 , dict             ,           81,   65850, 0.01,        12, False    , off  , gcc     , O3 , arm   , curl-7.73.0        , version_same
MM   , curl         , 7.73.0 , dict             ,           41,   66167, 0.01,        13, False    , off  , gcc     , O3 , x86-64, curl-7.74.0        , version_diff
MM   , curl         , 7.73.0 , dict             ,           57,   30835, 0.01,         9, False    , off  , gcc     , O3 , x86-64, curl-7.73.0        , version_same
MM   , curl         , 7.73.0 , dict             ,           59,  161914, 0.02,        19, False    , on   , clang   , O2 , arm   , curl-7.74.0        , version_diff
MM   , curl         , 7.73.0 , dict             ,           12,   20677, 0.0 ,         6, False    , on   , clang   , O2 , arm   , curl-7.73.0        , version_same
MM   , curl         , 7.73.0 , dict             ,           31,   40888, 0.01,        10, False    , on   , clang   , O2 , x86-64, curl-7.74.0        , version_diff
MM   , curl         , 7.73.0 , dict             ,           24,   63013, 0.01,        12, False    , on   , clang   , O2 , x86-64, curl-7.73.0        , version_same
MM   , curl         , 7.73.0 , dict             ,           24,   47101, 0.01,        11, False    , on   , clang   , O3 , arm   , curl-7.74.0        , version_diff
MM   , curl         , 7.73.0 , dict             ,           39,   51402, 0.01,        11, False    , on   , clang   , O3 , arm   , curl-7.73.0        , version_same
MM   , curl         , 7.73.0 , dict             ,           15,   32486, 0.01,         8, False    , on   , clang   , O3 , x86-64, curl-7.74.0        , version_diff
MM   , curl         , 7.73.0 , dict             ,           88,  101931, 0.01,        17, False    , on   , clang   , O3 , x86-64, curl-7.73.0        , version_same
MM   , curl         , 7.73.0 , dict             ,           67,  151040, 0.01,        17, False    , on   , gcc     , O2 , arm   , curl-7.74.0        , version_diff
MM   , curl         , 7.73.0 , dict             ,           21,   25758, 0.01,         8, False    , on   , gcc     , O2 , arm   , curl-7.73.0        , version_same
MM   , curl         , 7.73.0 , dict             ,           40,   58154, 0.01,        12, False    , on   , gcc     , O2 , x86-64, curl-7.74.0        , version_diff
MM   , curl         , 7.73.0 , dict             ,           26,   50605, 0.01,        11, False    , on   , gcc     , O2 , x86-64, curl-7.73.0        , version_same
MM   , curl         , 7.73.0 , dict             ,           23,   50394, 0.01,        10, False    , on   , gcc     , O3 , arm   , curl-7.74.0        , version_diff
MM   , curl         , 7.73.0 , dict             ,           25,   80270, 0.01,        13, False    , on   , gcc     , O3 , arm   , curl-7.73.0        , version_same
MM   , curl         , 7.73.0 , dict             ,           42,   48696, 0.01,        11, False    , on   , gcc     , O3 , x86-64, curl-7.74.0        , version_diff
MM   , curl         , 7.73.0 , dict             ,           23,   51478, 0.01,        11, False    , on   , gcc     , O3 , x86-64, curl-7.73.0        , version_same
MM   , curl         , 7.73.0 , telnet           ,           90,  349634, 0.02,        26, False    , off  , clang   , O2 , arm   , curl-7.74.0        , version_diff
MM   , curl         , 7.73.0 , telnet           ,           81,  381622, 0.03,        26, False    , off  , clang   , O2 , arm   , curl-7.73.0        , version_same
MM   , curl         , 7.73.0 , telnet           ,           50,   86659, 0.01,        13, False    , off  , clang   , O2 , x86-64, curl-7.74.0        , version_diff
MM   , curl         , 7.73.0 , telnet           ,           74,  134725, 0.01,        17, False    , off  , clang   , O2 , x86-64, curl-7.73.0        , version_same
MM   , curl         , 7.73.0 , telnet           ,           43,  139548, 0.01,        16, False    , off  , clang   , O3 , arm   , curl-7.74.0        , version_diff
MM   , curl         , 7.73.0 , telnet           ,           44,  219153, 0.02,        20, False    , off  , clang   , O3 , arm   , curl-7.73.0        , version_same
MM   , curl         , 7.73.0 , telnet           ,           49,  177883, 0.01,        21, False    , off  , clang   , O3 , x86-64, curl-7.74.0        , version_diff
MM   , curl         , 7.73.0 , telnet           ,           63,  317457, 0.03,        24, False    , off  , clang   , O3 , x86-64, curl-7.73.0        , version_same
MM   , curl         , 7.73.0 , telnet           ,          115,  571197, 0.03,        32, False    , off  , gcc     , O2 , arm   , curl-7.74.0        , version_diff
MM   , curl         , 7.73.0 , telnet           ,          106,  613110, 0.03,        33, False    , off  , gcc     , O2 , arm   , curl-7.73.0        , version_same
MM   , curl         , 7.73.0 , telnet           ,          260, 2562147, 0.06,        68, False    , off  , gcc     , O2 , x86-64, curl-7.74.0        , version_diff
MM   , curl         , 7.73.0 , telnet           ,          306,  814154, 0.03,        38, False    , off  , gcc     , O2 , x86-64, curl-7.73.0        , version_same
MM   , curl         , 7.73.0 , telnet           ,           71,  127194, 0.01,        16, False    , off  , gcc     , O3 , arm   , curl-7.74.0        , version_diff
MM   , curl         , 7.73.0 , telnet           ,          128,  970795, 0.08,        41, False    , off  , gcc     , O3 , arm   , curl-7.73.0        , version_same
MM   , curl         , 7.73.0 , telnet           ,          188, 1196086, 0.04,        46, False    , off  , gcc     , O3 , x86-64, curl-7.74.0        , version_diff
MM   , curl         , 7.73.0 , telnet           ,           49,  168502, 0.02,        18, False    , off  , gcc     , O3 , x86-64, curl-7.73.0        , version_same
MM   , curl         , 7.73.0 , telnet           ,          141,  430013, 0.03,        28, False    , on   , clang   , O2 , arm   , curl-7.74.0        , version_diff
MM   , curl         , 7.73.0 , telnet           ,          250, 1170125, 0.04,        47, False    , on   , clang   , O2 , arm   , curl-7.73.0        , version_same
MM   , curl         , 7.73.0 , telnet           ,           60,  225176, 0.02,        20, False    , on   , clang   , O2 , x86-64, curl-7.74.0        , version_diff
MM   , curl         , 7.73.0 , telnet           ,          473, 3149444, 0.06,        75, False    , on   , clang   , O2 , x86-64, curl-7.73.0        , version_same
MM   , curl         , 7.73.0 , telnet           ,           55,  154710, 0.01,        17, False    , on   , clang   , O3 , arm   , curl-7.74.0        , version_diff
MM   , curl         , 7.73.0 , telnet           ,          103,  160228, 0.02,        17, False    , on   , clang   , O3 , arm   , curl-7.73.0        , version_same
MM   , curl         , 7.73.0 , telnet           ,           73,  384974, 0.02,        26, False    , on   , clang   , O3 , x86-64, curl-7.74.0        , version_diff
MM   , curl         , 7.73.0 , telnet           ,          113,  458955, 0.03,        28, False    , on   , clang   , O3 , x86-64, curl-7.73.0        , version_same
MM   , curl         , 7.73.0 , telnet           ,           31,   95912, 0.01,        13, False    , on   , gcc     , O2 , arm   , curl-7.74.0        , version_diff
MM   , curl         , 7.73.0 , telnet           ,           67,  200986, 0.02,        20, False    , on   , gcc     , O2 , arm   , curl-7.73.0        , version_same
MM   , curl         , 7.73.0 , telnet           ,           39,  129823, 0.01,        15, False    , on   , gcc     , O2 , x86-64, curl-7.74.0        , version_diff
MM   , curl         , 7.73.0 , telnet           ,           44,  241270, 0.03,        21, False    , on   , gcc     , O2 , x86-64, curl-7.73.0        , version_same
MM   , curl         , 7.73.0 , telnet           ,          238, 1398573, 0.05,        49, False    , on   , gcc     , O3 , arm   , curl-7.74.0        , version_diff
MM   , curl         , 7.73.0 , telnet           ,          229, 1202692, 0.05,        45, False    , on   , gcc     , O3 , arm   , curl-7.73.0        , version_same
MM   , curl         , 7.73.0 , telnet           ,           61,  248178, 0.03,        21, False    , on   , gcc     , O3 , x86-64, curl-7.74.0        , version_diff
MM   , curl         , 7.73.0 , telnet           ,           52,  276216, 0.03,        22, False    , on   , gcc     , O3 , x86-64, curl-7.73.0        , version_same
MM   , dnsmasq      , 2.82   , HAVE_LOOP        ,          138,  835983, 0.03,        41, False    , off  , clang   , O2 , arm   , dnsmasq-2.83       , version_diff
MM   , dnsmasq      , 2.82   , HAVE_LOOP        ,           45,  179989, 0.01,        19, False    , off  , clang   , O2 , arm   , dnsmasq-2.82       , version_same
MM   , dnsmasq      , 2.82   , HAVE_LOOP        ,           85,  451680, 0.03,        31, False    , off  , clang   , O2 , x86-64, dnsmasq-2.83       , version_diff
MM   , dnsmasq      , 2.82   , HAVE_LOOP        ,          126,  135407, 0.02,        16, False    , off  , clang   , O2 , x86-64, dnsmasq-2.82       , version_same
MM   , dnsmasq      , 2.82   , HAVE_LOOP        ,           96,  460926, 0.02,        30, False    , off  , clang   , O3 , arm   , dnsmasq-2.83       , version_diff
MM   , dnsmasq      , 2.82   , HAVE_LOOP        ,           86,  618237, 0.03,        34, False    , off  , clang   , O3 , arm   , dnsmasq-2.82       , version_same
MM   , dnsmasq      , 2.82   , HAVE_LOOP        ,           12,   20606, 0.01,         6, False    , off  , clang   , O3 , x86-64, dnsmasq-2.83       , version_diff
MM   , dnsmasq      , 2.82   , HAVE_LOOP        ,          131,  227653, 0.02,        22, False    , off  , clang   , O3 , x86-64, dnsmasq-2.82       , version_same
MM   , dnsmasq      , 2.82   , HAVE_LOOP        ,          150,  274216, 0.02,        23, False    , off  , gcc     , O2 , arm   , dnsmasq-2.83       , version_diff
MM   , dnsmasq      , 2.82   , HAVE_LOOP        ,           44,  208968, 0.02,        20, False    , off  , gcc     , O2 , arm   , dnsmasq-2.82       , version_same
MM   , dnsmasq      , 2.82   , HAVE_LOOP        ,           70,  241480, 0.02,        21, False    , off  , gcc     , O2 , x86-64, dnsmasq-2.83       , version_diff
MM   , dnsmasq      , 2.82   , HAVE_LOOP        ,          163,  167342, 0.02,        18, False    , off  , gcc     , O2 , x86-64, dnsmasq-2.82       , version_same
MM   , dnsmasq      , 2.82   , HAVE_LOOP        ,          100,  450980, 0.02,        30, False    , off  , gcc     , O3 , arm   , dnsmasq-2.83       , version_diff
MM   , dnsmasq      , 2.82   , HAVE_LOOP        ,           54,  225701, 0.02,        20, False    , off  , gcc     , O3 , arm   , dnsmasq-2.82       , version_same
MM   , dnsmasq      , 2.82   , HAVE_LOOP        ,          158, 1165846, 0.07,        45, False    , off  , gcc     , O3 , x86-64, dnsmasq-2.83       , version_diff
MM   , dnsmasq      , 2.82   , HAVE_LOOP        ,           81,  648672, 0.03,        35, False    , off  , gcc     , O3 , x86-64, dnsmasq-2.82       , version_same
MM   , dnsmasq      , 2.82   , HAVE_LOOP        ,           91,  492806, 0.05,        31, False    , on   , clang   , O2 , arm   , dnsmasq-2.83       , version_diff
MM   , dnsmasq      , 2.82   , HAVE_LOOP        ,          112,  607607, 0.03,        33, False    , on   , clang   , O2 , arm   , dnsmasq-2.82       , version_same
MM   , dnsmasq      , 2.82   , HAVE_LOOP        ,           81,  389720, 0.02,        29, False    , on   , clang   , O2 , x86-64, dnsmasq-2.83       , version_diff
MM   , dnsmasq      , 2.82   , HAVE_LOOP        ,           56,  207765, 0.02,        20, False    , on   , clang   , O2 , x86-64, dnsmasq-2.82       , version_same
MM   , dnsmasq      , 2.82   , HAVE_LOOP        ,          118,  885002, 0.06,        40, False    , on   , clang   , O3 , arm   , dnsmasq-2.83       , version_diff
MM   , dnsmasq      , 2.82   , HAVE_LOOP        ,           42,  165592, 0.01,        18, False    , on   , clang   , O3 , arm   , dnsmasq-2.82       , version_same
MM   , dnsmasq      , 2.82   , HAVE_LOOP        ,          186,  405393, 0.03,        28, False    , on   , clang   , O3 , x86-64, dnsmasq-2.83       , version_diff
MM   , dnsmasq      , 2.82   , HAVE_LOOP        ,           54,  274118, 0.03,        22, False    , on   , clang   , O3 , x86-64, dnsmasq-2.82       , version_same
MM   , dnsmasq      , 2.82   , HAVE_LOOP        ,          122,  512264, 0.02,        32, False    , on   , gcc     , O2 , arm   , dnsmasq-2.83       , version_diff
MM   , dnsmasq      , 2.82   , HAVE_LOOP        ,          137,  460744, 0.02,        29, False    , on   , gcc     , O2 , arm   , dnsmasq-2.82       , version_same
MM   , dnsmasq      , 2.82   , HAVE_LOOP        ,           38,   84994, 0.01,        13, False    , on   , gcc     , O2 , x86-64, dnsmasq-2.83       , version_diff
MM   , dnsmasq      , 2.82   , HAVE_LOOP        ,           77,  364776, 0.03,        25, False    , on   , gcc     , O2 , x86-64, dnsmasq-2.82       , version_same
MM   , dnsmasq      , 2.82   , HAVE_LOOP        ,           55,  197040, 0.02,        20, False    , on   , gcc     , O3 , arm   , dnsmasq-2.83       , version_diff
MM   , dnsmasq      , 2.82   , HAVE_LOOP        ,           91,   70534, 0.01,        12, False    , on   , gcc     , O3 , arm   , dnsmasq-2.82       , version_same
MM   , dnsmasq      , 2.82   , HAVE_LOOP        ,           89,  327360, 0.02,        25, False    , on   , gcc     , O3 , x86-64, dnsmasq-2.83       , version_diff
MM   , dnsmasq      , 2.82   , HAVE_LOOP        ,          120,  468565, 0.02,        29, False    , on   , gcc     , O3 , x86-64, dnsmasq-2.82       , version_same
MM   , dnsmasq      , 2.82   , HAVE_TFTP        ,          103,  571003, 0.02,        34, False    , off  , clang   , O2 , arm   , dnsmasq-2.83       , version_diff
MM   , dnsmasq      , 2.82   , HAVE_TFTP        ,           42,  110516, 0.02,        14, False    , off  , clang   , O2 , arm   , dnsmasq-2.82       , version_same
MM   , dnsmasq      , 2.82   , HAVE_TFTP        ,           61,  167866, 0.02,        17, False    , off  , clang   , O2 , x86-64, dnsmasq-2.83       , version_diff
MM   , dnsmasq      , 2.82   , HAVE_TFTP        ,           69,  502775, 0.04,        30, False    , off  , clang   , O2 , x86-64, dnsmasq-2.82       , version_same
MM   , dnsmasq      , 2.82   , HAVE_TFTP        ,           12,   29202, 0.01,         7, False    , off  , clang   , O3 , arm   , dnsmasq-2.83       , version_diff
MM   , dnsmasq      , 2.82   , HAVE_TFTP        ,           41,   99907, 0.01,        14, False    , off  , clang   , O3 , arm   , dnsmasq-2.82       , version_same
MM   , dnsmasq      , 2.82   , HAVE_TFTP        ,           12,   22735, 0.01,         6, False    , off  , clang   , O3 , x86-64, dnsmasq-2.83       , version_diff
MM   , dnsmasq      , 2.82   , HAVE_TFTP        ,            9,   21883, 0.01,         6, False    , off  , clang   , O3 , x86-64, dnsmasq-2.82       , version_same
MM   , dnsmasq      , 2.82   , HAVE_TFTP        ,           35,  117173, 0.01,        14, False    , off  , gcc     , O2 , arm   , dnsmasq-2.83       , version_diff
MM   , dnsmasq      , 2.82   , HAVE_TFTP        ,            7,   15397, 0.01,         5, False    , off  , gcc     , O2 , arm   , dnsmasq-2.82       , version_same
MM   , dnsmasq      , 2.82   , HAVE_TFTP        ,          133,  816335, 0.03,        38, False    , off  , gcc     , O2 , x86-64, dnsmasq-2.83       , version_diff
MM   , dnsmasq      , 2.82   , HAVE_TFTP        ,          250, 4481623, 0.15,        90, False    , off  , gcc     , O2 , x86-64, dnsmasq-2.82       , version_same
MM   , dnsmasq      , 2.82   , HAVE_TFTP        ,           43,  148512, 0.02,        16, False    , off  , gcc     , O3 , arm   , dnsmasq-2.83       , version_diff
MM   , dnsmasq      , 2.82   , HAVE_TFTP        ,          134,  305477, 0.02,        24, False    , off  , gcc     , O3 , arm   , dnsmasq-2.82       , version_same
MM   , dnsmasq      , 2.82   , HAVE_TFTP        ,          109,  575063, 0.05,        33, False    , off  , gcc     , O3 , x86-64, dnsmasq-2.83       , version_diff
MM   , dnsmasq      , 2.82   , HAVE_TFTP        ,          299,  554618, 0.1 ,        31, False    , off  , gcc     , O3 , x86-64, dnsmasq-2.82       , version_same
MM   , dropbear     , 2015.71, FORWARD_TUNNEL   ,           26,   75513, 0.01,        12, False    , off  , clang   , O2 , arm   , dropbear-2016.72   , version_diff
MM   , dropbear     , 2015.71, FORWARD_TUNNEL   ,           27,   71721, 0.04,        11, False    , off  , clang   , O2 , arm   , dropbear-2015.71   , version_same
MM   , dropbear     , 2015.71, FORWARD_TUNNEL   ,           62,   86953, 0.01,        13, False    , off  , clang   , O2 , x86-64, dropbear-2016.72   , version_diff
MM   , dropbear     , 2015.71, FORWARD_TUNNEL   ,           65,  100932, 0.01,        14, False    , off  , clang   , O2 , x86-64, dropbear-2015.71   , version_same
MM   , dropbear     , 2015.71, FORWARD_TUNNEL   ,           61,   87533, 0.01,        13, False    , off  , clang   , O3 , arm   , dropbear-2016.72   , version_diff
MM   , dropbear     , 2015.71, FORWARD_TUNNEL   ,           47,  143023, 0.02,        17, False    , off  , clang   , O3 , arm   , dropbear-2015.71   , version_same
MM   , dropbear     , 2015.71, FORWARD_TUNNEL   ,           30,   87321, 0.01,        13, False    , off  , clang   , O3 , x86-64, dropbear-2016.72   , version_diff
MM   , dropbear     , 2015.71, FORWARD_TUNNEL   ,           33,   87434, 0.01,        13, False    , off  , clang   , O3 , x86-64, dropbear-2015.71   , version_same
MM   , dropbear     , 2015.71, FORWARD_TUNNEL   ,           43,   87803, 0.02,        13, False    , off  , gcc     , O2 , arm   , dropbear-2016.72   , version_diff
MM   , dropbear     , 2015.71, FORWARD_TUNNEL   ,           25,   79123, 0.01,        12, False    , off  , gcc     , O2 , arm   , dropbear-2015.71   , version_same
MM   , dropbear     , 2015.71, FORWARD_TUNNEL   ,           81,  115849, 0.03,        14, False    , off  , gcc     , O2 , x86-64, dropbear-2016.72   , version_diff
MM   , dropbear     , 2015.71, FORWARD_TUNNEL   ,           27,  102609, 0.02,        14, False    , off  , gcc     , O2 , x86-64, dropbear-2015.71   , version_same
MM   , dropbear     , 2015.71, FORWARD_TUNNEL   ,           41,   84989, 0.01,        13, False    , off  , gcc     , O3 , arm   , dropbear-2016.72   , version_diff
MM   , dropbear     , 2015.71, FORWARD_TUNNEL   ,           27,  102281, 0.01,        14, False    , off  , gcc     , O3 , arm   , dropbear-2015.71   , version_same
MM   , dropbear     , 2015.71, FORWARD_TUNNEL   ,          110,   94019, 0.02,        13, False    , off  , gcc     , O3 , x86-64, dropbear-2016.72   , version_diff
MM   , dropbear     , 2015.71, FORWARD_TUNNEL   ,           50,   87028, 0.02,        13, False    , off  , gcc     , O3 , x86-64, dropbear-2015.71   , version_same
MM   , dropbear     , 2015.71, FORWARD_TUNNEL   ,           31,  110649, 0.01,        15, False    , on   , clang   , O2 , arm   , dropbear-2016.72   , version_diff
MM   , dropbear     , 2015.71, FORWARD_TUNNEL   ,           49,  192042, 0.02,        21, False    , on   , clang   , O2 , arm   , dropbear-2015.71   , version_same
MM   , dropbear     , 2015.71, FORWARD_TUNNEL   ,           30,   96019, 0.01,        14, False    , on   , clang   , O2 , x86-64, dropbear-2016.72   , version_diff
MM   , dropbear     , 2015.71, FORWARD_TUNNEL   ,           33,  101332, 0.02,        14, False    , on   , clang   , O2 , x86-64, dropbear-2015.71   , version_same
MM   , dropbear     , 2015.71, FORWARD_TUNNEL   ,           31,  103879, 0.02,        14, False    , on   , clang   , O3 , arm   , dropbear-2016.72   , version_diff
MM   , dropbear     , 2015.71, FORWARD_TUNNEL   ,           16,   37558, 0.01,         9, False    , on   , clang   , O3 , arm   , dropbear-2015.71   , version_same
MM   , dropbear     , 2015.71, FORWARD_TUNNEL   ,           73,  157521, 0.02,        18, False    , on   , clang   , O3 , x86-64, dropbear-2016.72   , version_diff
MM   , dropbear     , 2015.71, FORWARD_TUNNEL   ,           54,  117500, 0.01,        15, False    , on   , clang   , O3 , x86-64, dropbear-2015.71   , version_same
MM   , dropbear     , 2015.71, FORWARD_TUNNEL   ,           36,   95426, 0.01,        15, False    , on   , gcc     , O2 , arm   , dropbear-2016.72   , version_diff
MM   , dropbear     , 2015.71, FORWARD_TUNNEL   ,           56,   77596, 0.01,        13, False    , on   , gcc     , O2 , arm   , dropbear-2015.71   , version_same
MM   , dropbear     , 2015.71, FORWARD_TUNNEL   ,           40,  122280, 0.01,        15, False    , on   , gcc     , O2 , x86-64, dropbear-2016.72   , version_diff
MM   , dropbear     , 2015.71, FORWARD_TUNNEL   ,           59,   88230, 0.01,        13, False    , on   , gcc     , O2 , x86-64, dropbear-2015.71   , version_same
MM   , dropbear     , 2015.71, FORWARD_TUNNEL   ,           27,   94628, 0.01,        14, False    , on   , gcc     , O3 , arm   , dropbear-2016.72   , version_diff
MM   , dropbear     , 2015.71, FORWARD_TUNNEL   ,           54,  102933, 0.01,        14, False    , on   , gcc     , O3 , arm   , dropbear-2015.71   , version_same
MM   , dropbear     , 2015.71, FORWARD_TUNNEL   ,           46,  125605, 0.03,        15, False    , on   , gcc     , O3 , x86-64, dropbear-2016.72   , version_diff
MM   , dropbear     , 2015.71, FORWARD_TUNNEL   ,          110,  146250, 0.02,        17, False    , on   , gcc     , O3 , x86-64, dropbear-2015.71   , version_same
MM   , dropbear     , 2015.71, X11FWD           ,           54,  137242, 0.01,        17, False    , off  , clang   , O2 , arm   , dropbear-2016.72   , version_diff
MM   , dropbear     , 2015.71, X11FWD           ,           23,   55353, 0.01,        11, False    , off  , clang   , O2 , arm   , dropbear-2015.71   , version_same
MM   , dropbear     , 2015.71, X11FWD           ,           70,   98453, 0.02,        14, False    , off  , clang   , O2 , x86-64, dropbear-2016.72   , version_diff
MM   , dropbear     , 2015.71, X11FWD           ,          103,   97653, 0.01,        14, False    , off  , clang   , O2 , x86-64, dropbear-2015.71   , version_same
MM   , dropbear     , 2015.71, X11FWD           ,           38,  106297, 0.01,        18, False    , off  , clang   , O3 , arm   , dropbear-2016.72   , version_diff
MM   , dropbear     , 2015.71, X11FWD           ,           35,  104625, 0.01,        16, False    , off  , clang   , O3 , arm   , dropbear-2015.71   , version_same
MM   , dropbear     , 2015.71, X11FWD           ,           26,  105966, 0.01,        14, False    , off  , clang   , O3 , x86-64, dropbear-2016.72   , version_diff
MM   , dropbear     , 2015.71, X11FWD           ,           27,   94748, 0.01,        14, False    , off  , clang   , O3 , x86-64, dropbear-2015.71   , version_same
MM   , dropbear     , 2015.71, X11FWD           ,           40,  110985, 0.01,        15, False    , off  , gcc     , O2 , arm   , dropbear-2016.72   , version_diff
MM   , dropbear     , 2015.71, X11FWD           ,          108,   64939, 0.01,        12, False    , off  , gcc     , O2 , arm   , dropbear-2015.71   , version_same
MM   , dropbear     , 2015.71, X11FWD           ,           40,  107327, 0.01,        15, False    , off  , gcc     , O2 , x86-64, dropbear-2016.72   , version_diff
MM   , dropbear     , 2015.71, X11FWD           ,           82,  187986, 0.02,        19, False    , off  , gcc     , O2 , x86-64, dropbear-2015.71   , version_same
MM   , dropbear     , 2015.71, X11FWD           ,           44,  105536, 0.01,        16, False    , off  , gcc     , O3 , arm   , dropbear-2016.72   , version_diff
MM   , dropbear     , 2015.71, X11FWD           ,           30,   74920, 0.01,        13, False    , off  , gcc     , O3 , arm   , dropbear-2015.71   , version_same
MM   , dropbear     , 2015.71, X11FWD           ,           66,  155598, 0.01,        17, False    , off  , gcc     , O3 , x86-64, dropbear-2016.72   , version_diff
MM   , dropbear     , 2015.71, X11FWD           ,           89,  269489, 0.02,        23, False    , off  , gcc     , O3 , x86-64, dropbear-2015.71   , version_same
MM   , dropbear     , 2015.71, X11FWD           ,           25,   58885, 0.01,        11, False    , on   , clang   , O2 , arm   , dropbear-2016.72   , version_diff
MM   , dropbear     , 2015.71, X11FWD           ,           41,   48630, 0.01,        10, False    , on   , clang   , O2 , arm   , dropbear-2015.71   , version_same
MM   , dropbear     , 2015.71, X11FWD           ,           23,   60287, 0.01,        11, False    , on   , clang   , O2 , x86-64, dropbear-2016.72   , version_diff
MM   , dropbear     , 2015.71, X11FWD           ,           35,   92778, 0.01,        13, False    , on   , clang   , O2 , x86-64, dropbear-2015.71   , version_same
MM   , dropbear     , 2015.71, X11FWD           ,           58,   74407, 0.01,        13, False    , on   , clang   , O3 , arm   , dropbear-2016.72   , version_diff
MM   , dropbear     , 2015.71, X11FWD           ,           17,   33675, 0.01,         8, False    , on   , clang   , O3 , arm   , dropbear-2015.71   , version_same
MM   , dropbear     , 2015.71, X11FWD           ,           25,   59131, 0.01,        11, False    , on   , clang   , O3 , x86-64, dropbear-2016.72   , version_diff
MM   , dropbear     , 2015.71, X11FWD           ,           32,  110753, 0.02,        14, False    , on   , clang   , O3 , x86-64, dropbear-2015.71   , version_same
MM   , dropbear     , 2015.71, X11FWD           ,           23,   64271, 0.01,        12, False    , on   , gcc     , O2 , arm   , dropbear-2016.72   , version_diff
MM   , dropbear     , 2015.71, X11FWD           ,           20,   55640, 0.01,        11, False    , on   , gcc     , O2 , arm   , dropbear-2015.71   , version_same
MM   , dropbear     , 2015.71, X11FWD           ,           33,   58453, 0.01,        11, False    , on   , gcc     , O2 , x86-64, dropbear-2016.72   , version_diff
MM   , dropbear     , 2015.71, X11FWD           ,           33,  104949, 0.02,        14, False    , on   , gcc     , O2 , x86-64, dropbear-2015.71   , version_same
MM   , dropbear     , 2015.71, X11FWD           ,           31,   60383, 0.01,        11, False    , on   , gcc     , O3 , arm   , dropbear-2016.72   , version_diff
MM   , dropbear     , 2015.71, X11FWD           ,          328,   58934, 0.01,        11, False    , on   , gcc     , O3 , arm   , dropbear-2015.71   , version_same
MM   , dropbear     , 2015.71, X11FWD           ,           60,  159000, 0.02,        17, False    , on   , gcc     , O3 , x86-64, dropbear-2016.72   , version_diff
MM   , dropbear     , 2015.71, X11FWD           ,           33,  159526, 0.01,        17, False    , on   , gcc     , O3 , x86-64, dropbear-2015.71   , version_same
MM   , htslib       , 1.10.2 , bz2              ,           20,   42158, 0.01,         9, False    , off  , clang   , O2 , arm   , htslib-1.11        , version_diff
MM   , htslib       , 1.10.2 , bz2              ,           29,   92995, 0.02,        14, False    , off  , clang   , O2 , arm   , htslib-1.10.2      , version_same
MM   , htslib       , 1.10.2 , bz2              ,           27,   70028, 0.01,        12, False    , off  , clang   , O2 , x86-64, htslib-1.11        , version_diff
MM   , htslib       , 1.10.2 , bz2              ,           38,   97816, 0.01,        14, False    , off  , clang   , O2 , x86-64, htslib-1.10.2      , version_same
MM   , htslib       , 1.10.2 , bz2              ,           70,  185254, 0.02,        20, False    , off  , clang   , O3 , arm   , htslib-1.11        , version_diff
MM   , htslib       , 1.10.2 , bz2              ,           33,   57819, 0.01,        11, False    , off  , clang   , O3 , arm   , htslib-1.10.2      , version_same
MM   , htslib       , 1.10.2 , bz2              ,          115,  194277, 0.01,        20, False    , off  , clang   , O3 , x86-64, htslib-1.11        , version_diff
MM   , htslib       , 1.10.2 , bz2              ,           31,  113431, 0.02,        15, False    , off  , clang   , O3 , x86-64, htslib-1.10.2      , version_same
MM   , htslib       , 1.10.2 , bz2              ,           44,  104182, 0.01,        15, False    , off  , gcc     , O2 , arm   , htslib-1.11        , version_diff
MM   , htslib       , 1.10.2 , bz2              ,           35,   89476, 0.02,        13, False    , off  , gcc     , O2 , arm   , htslib-1.10.2      , version_same
MM   , htslib       , 1.10.2 , bz2              ,           43,   82030, 0.01,        14, False    , off  , gcc     , O2 , x86-64, htslib-1.11        , version_diff
MM   , htslib       , 1.10.2 , bz2              ,           36,  102102, 0.01,        15, False    , off  , gcc     , O2 , x86-64, htslib-1.10.2      , version_same
MM   , htslib       , 1.10.2 , bz2              ,           31,   44021, 0.01,        10, False    , off  , gcc     , O3 , arm   , htslib-1.11        , version_diff
MM   , htslib       , 1.10.2 , bz2              ,           45,   42863, 0.01,        10, False    , off  , gcc     , O3 , arm   , htslib-1.10.2      , version_same
MM   , htslib       , 1.10.2 , bz2              ,           50,  127571, 0.01,        17, False    , off  , gcc     , O3 , x86-64, htslib-1.11        , version_diff
MM   , htslib       , 1.10.2 , bz2              ,          261,   82775, 0.01,        13, False    , off  , gcc     , O3 , x86-64, htslib-1.10.2      , version_same
MM   , htslib       , 1.10.2 , bz2              ,           83,  181460, 0.02,        19, False    , on   , clang   , O2 , arm   , htslib-1.11        , version_diff
MM   , htslib       , 1.10.2 , bz2              ,           18,   35790, 0.01,         9, False    , on   , clang   , O2 , arm   , htslib-1.10.2      , version_same
MM   , htslib       , 1.10.2 , bz2              ,            6,   10504, 0.0 ,         4, False    , on   , clang   , O2 , x86-64, htslib-1.11        , version_diff
MM   , htslib       , 1.10.2 , bz2              ,           73,   63523, 0.01,        11, False    , on   , clang   , O2 , x86-64, htslib-1.10.2      , version_same
MM   , htslib       , 1.10.2 , bz2              ,           48,  103752, 0.01,        15, False    , on   , clang   , O3 , arm   , htslib-1.11        , version_diff
MM   , htslib       , 1.10.2 , bz2              ,           32,   55546, 0.01,        11, False    , on   , clang   , O3 , arm   , htslib-1.10.2      , version_same
MM   , htslib       , 1.10.2 , bz2              ,           46,   54475, 0.01,        11, False    , on   , clang   , O3 , x86-64, htslib-1.11        , version_diff
MM   , htslib       , 1.10.2 , bz2              ,           31,   75273, 0.01,        13, False    , on   , clang   , O3 , x86-64, htslib-1.10.2      , version_same
MM   , htslib       , 1.10.2 , bz2              ,           44,   40528, 0.01,        10, False    , on   , gcc     , O2 , arm   , htslib-1.11        , version_diff
MM   , htslib       , 1.10.2 , bz2              ,          312,   36349, 0.01,         9, False    , on   , gcc     , O2 , arm   , htslib-1.10.2      , version_same
MM   , htslib       , 1.10.2 , bz2              ,           44,   36215, 0.0 ,        10, False    , on   , gcc     , O2 , x86-64, htslib-1.11        , version_diff
MM   , htslib       , 1.10.2 , bz2              ,           25,   44829, 0.01,        10, False    , on   , gcc     , O2 , x86-64, htslib-1.10.2      , version_same
MM   , htslib       , 1.10.2 , bz2              ,           90,  281798, 0.02,        24, False    , on   , gcc     , O3 , arm   , htslib-1.11        , version_diff
MM   , htslib       , 1.10.2 , bz2              ,          275,   45056, 0.01,        10, False    , on   , gcc     , O3 , arm   , htslib-1.10.2      , version_same
MM   , htslib       , 1.10.2 , bz2              ,           52,  194455, 0.06,        19, False    , on   , gcc     , O3 , x86-64, htslib-1.11        , version_diff
MM   , htslib       , 1.10.2 , bz2              ,           24,   69134, 0.01,        12, False    , on   , gcc     , O3 , x86-64, htslib-1.10.2      , version_same
MM   , htslib       , 1.10.2 , libcurl          ,           78,  279746, 0.02,        23, False    , off  , clang   , O2 , arm   , htslib-1.11        , version_diff
MM   , htslib       , 1.10.2 , libcurl          ,           43,  179519, 0.01,        20, False    , off  , clang   , O2 , arm   , htslib-1.10.2      , version_same
MM   , htslib       , 1.10.2 , libcurl          ,           47,  132698, 0.02,        16, False    , off  , clang   , O2 , x86-64, htslib-1.11        , version_diff
MM   , htslib       , 1.10.2 , libcurl          ,           55,   62960, 0.01,        12, False    , off  , clang   , O2 , x86-64, htslib-1.10.2      , version_same
MM   , htslib       , 1.10.2 , libcurl          ,           36,   47302, 0.01,        11, False    , off  , clang   , O3 , arm   , htslib-1.11        , version_diff
MM   , htslib       , 1.10.2 , libcurl          ,           44,   46177, 0.01,        11, False    , off  , clang   , O3 , arm   , htslib-1.10.2      , version_same
MM   , htslib       , 1.10.2 , libcurl          ,           45,   71371, 0.01,        12, False    , off  , clang   , O3 , x86-64, htslib-1.11        , version_diff
MM   , htslib       , 1.10.2 , libcurl          ,           52,   56915, 0.01,        11, False    , off  , clang   , O3 , x86-64, htslib-1.10.2      , version_same
MM   , htslib       , 1.10.2 , libcurl          ,           40,   59832, 0.01,        14, False    , off  , gcc     , O2 , arm   , htslib-1.11        , version_diff
MM   , htslib       , 1.10.2 , libcurl          ,           18,   36366, 0.01,        10, False    , off  , gcc     , O2 , arm   , htslib-1.10.2      , version_same
MM   , htslib       , 1.10.2 , libcurl          ,           30,   41778, 0.01,         9, False    , off  , gcc     , O2 , x86-64, htslib-1.11        , version_diff
MM   , htslib       , 1.10.2 , libcurl          ,           41,   49079, 0.01,        11, False    , off  , gcc     , O2 , x86-64, htslib-1.10.2      , version_same
MM   , htslib       , 1.10.2 , libcurl          ,           32,   82236, 0.01,        16, False    , off  , gcc     , O3 , arm   , htslib-1.11        , version_diff
MM   , htslib       , 1.10.2 , libcurl          ,           36,   42999, 0.0 ,        11, False    , off  , gcc     , O3 , arm   , htslib-1.10.2      , version_same
MM   , htslib       , 1.10.2 , libcurl          ,           16,   32698, 0.01,         9, False    , off  , gcc     , O3 , x86-64, htslib-1.11        , version_diff
MM   , htslib       , 1.10.2 , libcurl          ,           33,   39239, 0.01,        10, False    , off  , gcc     , O3 , x86-64, htslib-1.10.2      , version_same
MM   , htslib       , 1.10.2 , libcurl          ,           61,  174071, 0.02,        18, False    , on   , clang   , O2 , arm   , htslib-1.11        , version_diff
MM   , htslib       , 1.10.2 , libcurl          ,           44,  169395, 0.01,        18, False    , on   , clang   , O2 , arm   , htslib-1.10.2      , version_same
MM   , htslib       , 1.10.2 , libcurl          ,           49,  218963, 0.02,        21, False    , on   , clang   , O2 , x86-64, htslib-1.11        , version_diff
MM   , htslib       , 1.10.2 , libcurl          ,           94,  196498, 0.02,        20, False    , on   , clang   , O2 , x86-64, htslib-1.10.2      , version_same
MM   , htslib       , 1.10.2 , libcurl          ,           32,   81446, 0.01,        12, False    , on   , clang   , O3 , arm   , htslib-1.11        , version_diff
MM   , htslib       , 1.10.2 , libcurl          ,           36,  151824, 0.01,        17, False    , on   , clang   , O3 , arm   , htslib-1.10.2      , version_same
MM   , htslib       , 1.10.2 , libcurl          ,           59,  259011, 0.02,        22, False    , on   , clang   , O3 , x86-64, htslib-1.11        , version_diff
MM   , htslib       , 1.10.2 , libcurl          ,          158,  278089, 0.02,        24, False    , on   , clang   , O3 , x86-64, htslib-1.10.2      , version_same
MM   , htslib       , 1.10.2 , libcurl          ,           24,   52004, 0.01,        11, False    , on   , gcc     , O2 , arm   , htslib-1.11        , version_diff
MM   , htslib       , 1.10.2 , libcurl          ,           42,   46106, 0.01,        10, False    , on   , gcc     , O2 , arm   , htslib-1.10.2      , version_same
MM   , htslib       , 1.10.2 , libcurl          ,           63,  228552, 0.02,        20, False    , on   , gcc     , O2 , x86-64, htslib-1.11        , version_diff
MM   , htslib       , 1.10.2 , libcurl          ,          108,  221379, 0.02,        20, False    , on   , gcc     , O2 , x86-64, htslib-1.10.2      , version_same
MM   , htslib       , 1.10.2 , libcurl          ,           49,  165610, 0.01,        19, False    , on   , gcc     , O3 , arm   , htslib-1.11        , version_diff
MM   , htslib       , 1.10.2 , libcurl          ,           80,  264506, 0.02,        22, False    , on   , gcc     , O3 , arm   , htslib-1.10.2      , version_same
MM   , htslib       , 1.10.2 , libcurl          ,           52,  182878, 0.02,        18, False    , on   , gcc     , O3 , x86-64, htslib-1.11        , version_diff
MM   , htslib       , 1.10.2 , libcurl          ,           27,   51532, 0.01,        10, False    , on   , gcc     , O3 , x86-64, htslib-1.10.2      , version_same
MM   , libjpeg-turbo, 2.1.4  , arith_enc        ,           43,   60316, 0.01,        11, False    , off  , clang   , O2 , arm   , libjpeg-turbo-2.1.5, version_diff
MM   , libjpeg-turbo, 2.1.4  , arith_enc        ,           46,   71041, 0.01,        12, False    , off  , clang   , O2 , arm   , libjpeg-turbo-2.1.4, version_same
MM   , libjpeg-turbo, 2.1.4  , arith_enc        ,           33,   91436, 0.01,        13, False    , off  , clang   , O2 , x86-64, libjpeg-turbo-2.1.5, version_diff
MM   , libjpeg-turbo, 2.1.4  , arith_enc        ,           10,   21814, 0.01,         6, False    , off  , clang   , O2 , x86-64, libjpeg-turbo-2.1.4, version_same
MM   , libjpeg-turbo, 2.1.4  , arith_enc        ,           44,   98365, 0.01,        14, False    , off  , clang   , O3 , arm   , libjpeg-turbo-2.1.5, version_diff
MM   , libjpeg-turbo, 2.1.4  , arith_enc        ,           63,   74760, 0.01,        13, False    , off  , clang   , O3 , arm   , libjpeg-turbo-2.1.4, version_same
MM   , libjpeg-turbo, 2.1.4  , arith_enc        ,           27,  107383, 0.01,        14, False    , off  , clang   , O3 , x86-64, libjpeg-turbo-2.1.5, version_diff
MM   , libjpeg-turbo, 2.1.4  , arith_enc        ,          356,   79833, 0.01,        12, False    , off  , clang   , O3 , x86-64, libjpeg-turbo-2.1.4, version_same
MM   , libjpeg-turbo, 2.1.4  , arith_enc        ,           44,  112181, 0.04,        15, False    , off  , gcc     , O2 , arm   , libjpeg-turbo-2.1.5, version_diff
MM   , libjpeg-turbo, 2.1.4  , arith_enc        ,           35,   86202, 0.01,        13, False    , off  , gcc     , O2 , arm   , libjpeg-turbo-2.1.4, version_same
MM   , libjpeg-turbo, 2.1.4  , arith_enc        ,           58,   74063, 0.02,        12, False    , off  , gcc     , O2 , x86-64, libjpeg-turbo-2.1.5, version_diff
MM   , libjpeg-turbo, 2.1.4  , arith_enc        ,           42,   85165, 0.02,        13, False    , off  , gcc     , O2 , x86-64, libjpeg-turbo-2.1.4, version_same
MM   , libjpeg-turbo, 2.1.4  , arith_enc        ,           49,  105672, 0.01,        15, False    , off  , gcc     , O3 , arm   , libjpeg-turbo-2.1.5, version_diff
MM   , libjpeg-turbo, 2.1.4  , arith_enc        ,          117,   91025, 0.01,        14, False    , off  , gcc     , O3 , arm   , libjpeg-turbo-2.1.4, version_same
MM   , libjpeg-turbo, 2.1.4  , arith_enc        ,           61,  212897, 0.02,        21, False    , off  , gcc     , O3 , x86-64, libjpeg-turbo-2.1.5, version_diff
MM   , libjpeg-turbo, 2.1.4  , arith_enc        ,           40,   62317, 0.01,        11, False    , off  , gcc     , O3 , x86-64, libjpeg-turbo-2.1.4, version_same
MM   , libjpeg-turbo, 2.1.4  , arith_enc        ,           36,   86864, 0.01,        13, False    , on   , clang   , O2 , arm   , libjpeg-turbo-2.1.5, version_diff
MM   , libjpeg-turbo, 2.1.4  , arith_enc        ,          106,  111280, 0.01,        15, False    , on   , clang   , O2 , arm   , libjpeg-turbo-2.1.4, version_same
MM   , libjpeg-turbo, 2.1.4  , arith_enc        ,           42,  144760, 0.01,        16, False    , on   , clang   , O2 , x86-64, libjpeg-turbo-2.1.5, version_diff
MM   , libjpeg-turbo, 2.1.4  , arith_enc        ,           39,  145732, 0.01,        17, False    , on   , clang   , O2 , x86-64, libjpeg-turbo-2.1.4, version_same
MM   , libjpeg-turbo, 2.1.4  , arith_enc        ,           22,   63145, 0.01,        11, False    , on   , clang   , O3 , arm   , libjpeg-turbo-2.1.5, version_diff
MM   , libjpeg-turbo, 2.1.4  , arith_enc        ,           26,   88341, 0.02,        13, False    , on   , clang   , O3 , arm   , libjpeg-turbo-2.1.4, version_same
MM   , libjpeg-turbo, 2.1.4  , arith_enc        ,           47,  124835, 0.01,        15, False    , on   , clang   , O3 , x86-64, libjpeg-turbo-2.1.5, version_diff
MM   , libjpeg-turbo, 2.1.4  , arith_enc        ,           32,  113004, 0.01,        15, False    , on   , clang   , O3 , x86-64, libjpeg-turbo-2.1.4, version_same
MM   , libjpeg-turbo, 2.1.4  , arith_enc        ,           35,   72742, 0.01,        12, False    , on   , gcc     , O2 , arm   , libjpeg-turbo-2.1.5, version_diff
MM   , libjpeg-turbo, 2.1.4  , arith_enc        ,           27,   72054, 0.01,        12, False    , on   , gcc     , O2 , arm   , libjpeg-turbo-2.1.4, version_same
MM   , libjpeg-turbo, 2.1.4  , arith_enc        ,           40,   97011, 0.02,        14, False    , on   , gcc     , O2 , x86-64, libjpeg-turbo-2.1.5, version_diff
MM   , libjpeg-turbo, 2.1.4  , arith_enc        ,           54,   71820, 0.01,        12, False    , on   , gcc     , O2 , x86-64, libjpeg-turbo-2.1.4, version_same
MM   , libjpeg-turbo, 2.1.4  , arith_enc        ,           39,   74931, 0.01,        12, False    , on   , gcc     , O3 , arm   , libjpeg-turbo-2.1.5, version_diff
MM   , libjpeg-turbo, 2.1.4  , arith_enc        ,           22,   71550, 0.01,        12, False    , on   , gcc     , O3 , arm   , libjpeg-turbo-2.1.4, version_same
MM   , libjpeg-turbo, 2.1.4  , arith_enc        ,           45,  124253, 0.02,        16, False    , on   , gcc     , O3 , x86-64, libjpeg-turbo-2.1.5, version_diff
MM   , libjpeg-turbo, 2.1.4  , arith_enc        ,           37,  113453, 0.02,        15, False    , on   , gcc     , O3 , x86-64, libjpeg-turbo-2.1.4, version_same
MM   , libjpeg-turbo, 2.1.4  , simd             ,           20,   38501, 0.01,        10, False    , off  , clang   , O2 , arm   , libjpeg-turbo-2.1.5, version_diff
MM   , libjpeg-turbo, 2.1.4  , simd             ,           65,   52354, 0.01,        11, False    , off  , clang   , O2 , arm   , libjpeg-turbo-2.1.4, version_same
MM   , libjpeg-turbo, 2.1.4  , simd             ,           25,   65587, 0.02,        12, False    , off  , clang   , O2 , x86-64, libjpeg-turbo-2.1.5, version_diff
MM   , libjpeg-turbo, 2.1.4  , simd             ,           23,   54838, 0.01,        12, False    , off  , clang   , O2 , x86-64, libjpeg-turbo-2.1.4, version_same
MM   , libjpeg-turbo, 2.1.4  , simd             ,           24,   46676, 0.01,        12, False    , off  , clang   , O3 , arm   , libjpeg-turbo-2.1.5, version_diff
MM   , libjpeg-turbo, 2.1.4  , simd             ,           86,   64641, 0.03,        12, False    , off  , clang   , O3 , arm   , libjpeg-turbo-2.1.4, version_same
MM   , libjpeg-turbo, 2.1.4  , simd             ,           23,   52763, 0.01,        11, False    , off  , clang   , O3 , x86-64, libjpeg-turbo-2.1.5, version_diff
MM   , libjpeg-turbo, 2.1.4  , simd             ,           26,   45772, 0.01,        11, False    , off  , clang   , O3 , x86-64, libjpeg-turbo-2.1.4, version_same
MM   , libjpeg-turbo, 2.1.4  , simd             ,           40,   50159, 0.01,        12, False    , off  , gcc     , O2 , arm   , libjpeg-turbo-2.1.5, version_diff
MM   , libjpeg-turbo, 2.1.4  , simd             ,           15,   33657, 0.01,         9, False    , off  , gcc     , O2 , arm   , libjpeg-turbo-2.1.4, version_same
MM   , libjpeg-turbo, 2.1.4  , simd             ,           30,   42549, 0.01,        10, False    , off  , gcc     , O2 , x86-64, libjpeg-turbo-2.1.5, version_diff
MM   , libjpeg-turbo, 2.1.4  , simd             ,           79,   61940, 0.01,        13, False    , off  , gcc     , O2 , x86-64, libjpeg-turbo-2.1.4, version_same
MM   , libjpeg-turbo, 2.1.4  , simd             ,           40,   38589, 0.01,        10, False    , off  , gcc     , O3 , arm   , libjpeg-turbo-2.1.5, version_diff
MM   , libjpeg-turbo, 2.1.4  , simd             ,           99,   73419, 0.01,        14, False    , off  , gcc     , O3 , arm   , libjpeg-turbo-2.1.4, version_same
MM   , libjpeg-turbo, 2.1.4  , simd             ,           57,   60948, 0.01,        12, False    , off  , gcc     , O3 , x86-64, libjpeg-turbo-2.1.5, version_diff
MM   , libjpeg-turbo, 2.1.4  , simd             ,           25,   55145, 0.01,        12, False    , off  , gcc     , O3 , x86-64, libjpeg-turbo-2.1.4, version_same
MM   , libjpeg-turbo, 2.1.4  , simd             ,           18,   38573, 0.01,        10, False    , on   , clang   , O2 , arm   , libjpeg-turbo-2.1.5, version_diff
MM   , libjpeg-turbo, 2.1.4  , simd             ,           31,   38968, 0.01,        10, False    , on   , clang   , O2 , arm   , libjpeg-turbo-2.1.4, version_same
MM   , libjpeg-turbo, 2.1.4  , simd             ,           25,   61569, 0.02,        11, False    , on   , clang   , O2 , x86-64, libjpeg-turbo-2.1.5, version_diff
MM   , libjpeg-turbo, 2.1.4  , simd             ,          113,  104630, 0.01,        16, False    , on   , clang   , O2 , x86-64, libjpeg-turbo-2.1.4, version_same
MM   , libjpeg-turbo, 2.1.4  , simd             ,           24,   38585, 0.01,        10, False    , on   , clang   , O3 , arm   , libjpeg-turbo-2.1.5, version_diff
MM   , libjpeg-turbo, 2.1.4  , simd             ,           65,   37971, 0.01,        10, False    , on   , clang   , O3 , arm   , libjpeg-turbo-2.1.4, version_same
MM   , libjpeg-turbo, 2.1.4  , simd             ,           29,   74729, 0.02,        12, False    , on   , clang   , O3 , x86-64, libjpeg-turbo-2.1.5, version_diff
MM   , libjpeg-turbo, 2.1.4  , simd             ,           18,   47437, 0.01,        10, False    , on   , clang   , O3 , x86-64, libjpeg-turbo-2.1.4, version_same
MM   , libjpeg-turbo, 2.1.4  , simd             ,           40,   77883, 0.01,        14, False    , on   , gcc     , O2 , arm   , libjpeg-turbo-2.1.5, version_diff
MM   , libjpeg-turbo, 2.1.4  , simd             ,           17,   36699, 0.01,         9, False    , on   , gcc     , O2 , arm   , libjpeg-turbo-2.1.4, version_same
MM   , libjpeg-turbo, 2.1.4  , simd             ,           21,   50693, 0.01,        11, False    , on   , gcc     , O2 , x86-64, libjpeg-turbo-2.1.5, version_diff
MM   , libjpeg-turbo, 2.1.4  , simd             ,           26,   64202, 0.01,        12, False    , on   , gcc     , O2 , x86-64, libjpeg-turbo-2.1.4, version_same
MM   , libjpeg-turbo, 2.1.4  , simd             ,           29,   36473, 0.01,         9, False    , on   , gcc     , O3 , arm   , libjpeg-turbo-2.1.5, version_diff
MM   , libjpeg-turbo, 2.1.4  , simd             ,           18,   37005, 0.01,         9, False    , on   , gcc     , O3 , arm   , libjpeg-turbo-2.1.4, version_same
MM   , libjpeg-turbo, 2.1.4  , simd             ,           28,   44209, 0.01,        10, False    , on   , gcc     , O3 , x86-64, libjpeg-turbo-2.1.5, version_diff
MM   , libjpeg-turbo, 2.1.4  , simd             ,           25,   55184, 0.01,        11, False    , on   , gcc     , O3 , x86-64, libjpeg-turbo-2.1.4, version_same
MM   , libtiff      , 4.1.0  , defer-strile-load,           73,  284563, 0.02,        24, False    , off  , clang   , O2 , arm   , libtiff-4.2.0      , version_diff
MM   , libtiff      , 4.1.0  , defer-strile-load,          345,  665165, 0.08,        35, False    , off  , clang   , O2 , arm   , libtiff-4.1.0      , version_same
MM   , libtiff      , 4.1.0  , defer-strile-load,           47,  191827, 0.02,        19, False    , off  , clang   , O2 , x86-64, libtiff-4.2.0      , version_diff
MM   , libtiff      , 4.1.0  , defer-strile-load,           54,  263669, 0.02,        22, False    , off  , clang   , O2 , x86-64, libtiff-4.1.0      , version_same
MM   , libtiff      , 4.1.0  , defer-strile-load,           64,  150472, 0.01,        17, False    , off  , clang   , O3 , arm   , libtiff-4.2.0      , version_diff
MM   , libtiff      , 4.1.0  , defer-strile-load,           57,  315318, 0.03,        25, False    , off  , clang   , O3 , arm   , libtiff-4.1.0      , version_same
MM   , libtiff      , 4.1.0  , defer-strile-load,          135,  626284, 0.03,        34, False    , off  , clang   , O3 , x86-64, libtiff-4.2.0      , version_diff
MM   , libtiff      , 4.1.0  , defer-strile-load,           63,  311862, 0.03,        24, False    , off  , clang   , O3 , x86-64, libtiff-4.1.0      , version_same
MM   , libtiff      , 4.1.0  , defer-strile-load,          123,  515204, 0.03,        31, False    , off  , gcc     , O2 , arm   , libtiff-4.2.0      , version_diff
MM   , libtiff      , 4.1.0  , defer-strile-load,          209,  568296, 0.03,        32, False    , off  , gcc     , O2 , arm   , libtiff-4.1.0      , version_same
MM   , libtiff      , 4.1.0  , defer-strile-load,          109,  230486, 0.02,        21, False    , off  , gcc     , O2 , x86-64, libtiff-4.2.0      , version_diff
MM   , libtiff      , 4.1.0  , defer-strile-load,           40,  199182, 0.02,        19, False    , off  , gcc     , O2 , x86-64, libtiff-4.1.0      , version_same
MM   , libtiff      , 4.1.0  , defer-strile-load,          106,  216595, 0.02,        20, False    , off  , gcc     , O3 , arm   , libtiff-4.2.0      , version_diff
MM   , libtiff      , 4.1.0  , defer-strile-load,           92,  589413, 0.04,        33, False    , off  , gcc     , O3 , arm   , libtiff-4.1.0      , version_same
MM   , libtiff      , 4.1.0  , defer-strile-load,           44,   79896, 0.01,        12, False    , off  , gcc     , O3 , x86-64, libtiff-4.2.0      , version_diff
MM   , libtiff      , 4.1.0  , defer-strile-load,          226,  884113, 0.03,        40, False    , off  , gcc     , O3 , x86-64, libtiff-4.1.0      , version_same
MM   , libtiff      , 4.1.0  , defer-strile-load,          135,  518035, 0.03,        30, False    , on   , clang   , O2 , arm   , libtiff-4.2.0      , version_diff
MM   , libtiff      , 4.1.0  , defer-strile-load,          116,  231825, 0.02,        21, False    , on   , clang   , O2 , arm   , libtiff-4.1.0      , version_same
MM   , libtiff      , 4.1.0  , defer-strile-load,           89,  327146, 0.02,        25, False    , on   , clang   , O2 , x86-64, libtiff-4.2.0      , version_diff
MM   , libtiff      , 4.1.0  , defer-strile-load,          168,  451363, 0.03,        29, False    , on   , clang   , O2 , x86-64, libtiff-4.1.0      , version_same
MM   , libtiff      , 4.1.0  , defer-strile-load,           68,  159703, 0.01,        18, False    , on   , clang   , O3 , arm   , libtiff-4.2.0      , version_diff
MM   , libtiff      , 4.1.0  , defer-strile-load,           93,  117393, 0.01,        17, False    , on   , clang   , O3 , arm   , libtiff-4.1.0      , version_same
MM   , libtiff      , 4.1.0  , defer-strile-load,           43,  123617, 0.01,        16, False    , on   , clang   , O3 , x86-64, libtiff-4.2.0      , version_diff
MM   , libtiff      , 4.1.0  , defer-strile-load,           62,  214240, 0.03,        20, False    , on   , clang   , O3 , x86-64, libtiff-4.1.0      , version_same
MM   , libtiff      , 4.1.0  , defer-strile-load,          103,  475408, 0.05,        30, False    , on   , gcc     , O2 , arm   , libtiff-4.2.0      , version_diff
MM   , libtiff      , 4.1.0  , defer-strile-load,           82,  610360, 0.05,        33, False    , on   , gcc     , O2 , arm   , libtiff-4.1.0      , version_same
MM   , libtiff      , 4.1.0  , defer-strile-load,          101,  478360, 0.03,        30, False    , on   , gcc     , O2 , x86-64, libtiff-4.2.0      , version_diff
MM   , libtiff      , 4.1.0  , defer-strile-load,          179,  434338, 0.03,        28, False    , on   , gcc     , O2 , x86-64, libtiff-4.1.0      , version_same
MM   , libtiff      , 4.1.0  , defer-strile-load,           42,  166792, 0.01,        18, False    , on   , gcc     , O3 , arm   , libtiff-4.2.0      , version_diff
MM   , libtiff      , 4.1.0  , defer-strile-load,          168,  638095, 0.03,        34, False    , on   , gcc     , O3 , arm   , libtiff-4.1.0      , version_same
MM   , libtiff      , 4.1.0  , defer-strile-load,          154,  527895, 0.02,        32, False    , on   , gcc     , O3 , x86-64, libtiff-4.2.0      , version_diff
MM   , libtiff      , 4.1.0  , defer-strile-load,          250,  764217, 0.03,        38, False    , on   , gcc     , O3 , x86-64, libtiff-4.1.0      , version_same
MM   , libtiff      , 4.1.0  , strip-chopping   ,          210,  893175, 0.04,        40, False    , off  , clang   , O2 , arm   , libtiff-4.2.0      , version_diff
MM   , libtiff      , 4.1.0  , strip-chopping   ,           77,  443452, 0.02,        29, False    , off  , clang   , O2 , arm   , libtiff-4.1.0      , version_same
MM   , libtiff      , 4.1.0  , strip-chopping   ,           69,  173288, 0.02,        18, False    , off  , clang   , O2 , x86-64, libtiff-4.2.0      , version_diff
MM   , libtiff      , 4.1.0  , strip-chopping   ,           71,  193132, 0.02,        19, False    , off  , clang   , O2 , x86-64, libtiff-4.1.0      , version_same
MM   , libtiff      , 4.1.0  , strip-chopping   ,           76,  277586, 0.03,        23, False    , off  , clang   , O3 , arm   , libtiff-4.2.0      , version_diff
MM   , libtiff      , 4.1.0  , strip-chopping   ,           72,  278048, 0.03,        24, False    , off  , clang   , O3 , arm   , libtiff-4.1.0      , version_same
MM   , libtiff      , 4.1.0  , strip-chopping   ,          173,  599663, 0.08,        32, False    , off  , clang   , O3 , x86-64, libtiff-4.2.0      , version_diff
MM   , libtiff      , 4.1.0  , strip-chopping   ,           42,  172250, 0.03,        18, False    , off  , clang   , O3 , x86-64, libtiff-4.1.0      , version_same
MM   , libtiff      , 4.1.0  , strip-chopping   ,           73,  369683, 0.03,        26, False    , off  , gcc     , O2 , arm   , libtiff-4.2.0      , version_diff
MM   , libtiff      , 4.1.0  , strip-chopping   ,           62,  345372, 0.03,        25, False    , off  , gcc     , O2 , arm   , libtiff-4.1.0      , version_same
MM   , libtiff      , 4.1.0  , strip-chopping   ,          116,  557258, 0.04,        32, False    , off  , gcc     , O2 , x86-64, libtiff-4.2.0      , version_diff
MM   , libtiff      , 4.1.0  , strip-chopping   ,           41,  228224, 0.02,        21, False    , off  , gcc     , O2 , x86-64, libtiff-4.1.0      , version_same
MM   , libtiff      , 4.1.0  , strip-chopping   ,           55,  196471, 0.03,        19, False    , off  , gcc     , O3 , arm   , libtiff-4.2.0      , version_diff
MM   , libtiff      , 4.1.0  , strip-chopping   ,          139,  210021, 0.02,        19, False    , off  , gcc     , O3 , arm   , libtiff-4.1.0      , version_same
MM   , libtiff      , 4.1.0  , strip-chopping   ,          115,  598076, 0.03,        33, False    , off  , gcc     , O3 , x86-64, libtiff-4.2.0      , version_diff
MM   , libtiff      , 4.1.0  , strip-chopping   ,          183,  291500, 0.02,        23, False    , off  , gcc     , O3 , x86-64, libtiff-4.1.0      , version_same
MM   , libtiff      , 4.1.0  , strip-chopping   ,           79,  277633, 0.02,        23, False    , on   , clang   , O2 , arm   , libtiff-4.2.0      , version_diff
MM   , libtiff      , 4.1.0  , strip-chopping   ,           63,  261730, 0.04,        22, False    , on   , clang   , O2 , arm   , libtiff-4.1.0      , version_same
MM   , libtiff      , 4.1.0  , strip-chopping   ,           61,  184615, 0.02,        19, False    , on   , clang   , O2 , x86-64, libtiff-4.2.0      , version_diff
MM   , libtiff      , 4.1.0  , strip-chopping   ,          326,  258814, 0.03,        22, False    , on   , clang   , O2 , x86-64, libtiff-4.1.0      , version_same
MM   , libtiff      , 4.1.0  , strip-chopping   ,           96,  465768, 0.02,        30, False    , on   , clang   , O3 , arm   , libtiff-4.2.0      , version_diff
MM   , libtiff      , 4.1.0  , strip-chopping   ,           66,  477348, 0.03,        30, False    , on   , clang   , O3 , arm   , libtiff-4.1.0      , version_same
MM   , libtiff      , 4.1.0  , strip-chopping   ,           61,  112072, 0.01,        15, False    , on   , clang   , O3 , x86-64, libtiff-4.2.0      , version_diff
MM   , libtiff      , 4.1.0  , strip-chopping   ,           67,  249114, 0.03,        21, False    , on   , clang   , O3 , x86-64, libtiff-4.1.0      , version_same
MM   , libtiff      , 4.1.0  , strip-chopping   ,           68,  203569, 0.02,        20, False    , on   , gcc     , O2 , arm   , libtiff-4.2.0      , version_diff
MM   , libtiff      , 4.1.0  , strip-chopping   ,           71,  391242, 0.02,        27, False    , on   , gcc     , O2 , arm   , libtiff-4.1.0      , version_same
MM   , libtiff      , 4.1.0  , strip-chopping   ,           93,  373682, 0.02,        26, False    , on   , gcc     , O2 , x86-64, libtiff-4.2.0      , version_diff
MM   , libtiff      , 4.1.0  , strip-chopping   ,           61,  340328, 0.03,        25, False    , on   , gcc     , O2 , x86-64, libtiff-4.1.0      , version_same
MM   , libtiff      , 4.1.0  , strip-chopping   ,           56,  238127, 0.02,        21, False    , on   , gcc     , O3 , arm   , libtiff-4.2.0      , version_diff
MM   , libtiff      , 4.1.0  , strip-chopping   ,           73,  467010, 0.04,        29, False    , on   , gcc     , O3 , arm   , libtiff-4.1.0      , version_same
MM   , libtiff      , 4.1.0  , strip-chopping   ,           84,  316392, 0.02,        24, False    , on   , gcc     , O3 , x86-64, libtiff-4.2.0      , version_diff
MM   , libtiff      , 4.1.0  , strip-chopping   ,           90,  433095, 0.02,        28, False    , on   , gcc     , O3 , x86-64, libtiff-4.1.0      , version_same
MM   , libwebp      , 1.2.3  , near_lossless    ,           19,   32609, 0.01,         9, False    , off  , clang   , O2 , arm   , libwebp-1.2.4      , version_diff
MM   , libwebp      , 1.2.3  , near_lossless    ,          257,   33901, 0.01,         9, False    , off  , clang   , O2 , arm   , libwebp-1.2.3      , version_same
MM   , libwebp      , 1.2.3  , near_lossless    ,           22,   43057, 0.01,        11, False    , off  , clang   , O2 , x86-64, libwebp-1.2.4      , version_diff
MM   , libwebp      , 1.2.3  , near_lossless    ,           44,   45932, 0.01,        11, False    , off  , clang   , O2 , x86-64, libwebp-1.2.3      , version_same
MM   , libwebp      , 1.2.3  , near_lossless    ,           52,   30477, 0.01,         9, False    , off  , clang   , O3 , arm   , libwebp-1.2.4      , version_diff
MM   , libwebp      , 1.2.3  , near_lossless    ,           16,   30595, 0.01,         9, False    , off  , clang   , O3 , arm   , libwebp-1.2.3      , version_same
MM   , libwebp      , 1.2.3  , near_lossless    ,           29,   78059, 0.01,        15, False    , off  , clang   , O3 , x86-64, libwebp-1.2.4      , version_diff
MM   , libwebp      , 1.2.3  , near_lossless    ,           43,   50327, 0.01,        11, False    , off  , clang   , O3 , x86-64, libwebp-1.2.3      , version_same
MM   , libwebp      , 1.2.3  , near_lossless    ,           16,   33765, 0.01,         9, False    , off  , gcc     , O2 , arm   , libwebp-1.2.4      , version_diff
MM   , libwebp      , 1.2.3  , near_lossless    ,           20,   33625, 0.01,        10, False    , off  , gcc     , O2 , arm   , libwebp-1.2.3      , version_same
MM   , libwebp      , 1.2.3  , near_lossless    ,           18,   40409, 0.01,        10, False    , off  , gcc     , O2 , x86-64, libwebp-1.2.4      , version_diff
MM   , libwebp      , 1.2.3  , near_lossless    ,           36,   40693, 0.01,        10, False    , off  , gcc     , O2 , x86-64, libwebp-1.2.3      , version_same
MM   , libwebp      , 1.2.3  , near_lossless    ,          142,   47132, 0.03,        10, False    , off  , gcc     , O3 , arm   , libwebp-1.2.4      , version_diff
MM   , libwebp      , 1.2.3  , near_lossless    ,           31,   33920, 0.01,         9, False    , off  , gcc     , O3 , arm   , libwebp-1.2.3      , version_same
MM   , libwebp      , 1.2.3  , near_lossless    ,           24,   49133, 0.01,        11, False    , off  , gcc     , O3 , x86-64, libwebp-1.2.4      , version_diff
MM   , libwebp      , 1.2.3  , near_lossless    ,           27,   61074, 0.01,        12, False    , off  , gcc     , O3 , x86-64, libwebp-1.2.3      , version_same
MM   , libwebp      , 1.2.3  , near_lossless    ,           15,   25994, 0.0 ,         8, False    , on   , clang   , O2 , arm   , libwebp-1.2.4      , version_diff
MM   , libwebp      , 1.2.3  , near_lossless    ,           35,   31835, 0.01,         9, False    , on   , clang   , O2 , arm   , libwebp-1.2.3      , version_same
MM   , libwebp      , 1.2.3  , near_lossless    ,           20,   40945, 0.01,        10, False    , on   , clang   , O2 , x86-64, libwebp-1.2.4      , version_diff
MM   , libwebp      , 1.2.3  , near_lossless    ,           72,   42561, 0.01,        11, False    , on   , clang   , O2 , x86-64, libwebp-1.2.3      , version_same
MM   , libwebp      , 1.2.3  , near_lossless    ,           29,   47749, 0.01,        12, False    , on   , clang   , O3 , arm   , libwebp-1.2.4      , version_diff
MM   , libwebp      , 1.2.3  , near_lossless    ,           24,   31227, 0.0 ,         9, False    , on   , clang   , O3 , arm   , libwebp-1.2.3      , version_same
MM   , libwebp      , 1.2.3  , near_lossless    ,           24,   32065, 0.01,         9, False    , on   , clang   , O3 , x86-64, libwebp-1.2.4      , version_diff
MM   , libwebp      , 1.2.3  , near_lossless    ,           30,   63246, 0.01,        14, False    , on   , clang   , O3 , x86-64, libwebp-1.2.3      , version_same
MM   , libwebp      , 1.2.3  , near_lossless    ,           17,   33395, 0.01,         9, False    , on   , gcc     , O2 , arm   , libwebp-1.2.4      , version_diff
MM   , libwebp      , 1.2.3  , near_lossless    ,          253,   37341, 0.02,         9, False    , on   , gcc     , O2 , arm   , libwebp-1.2.3      , version_same
MM   , libwebp      , 1.2.3  , near_lossless    ,           23,   46778, 0.03,         9, False    , on   , gcc     , O2 , x86-64, libwebp-1.2.4      , version_diff
MM   , libwebp      , 1.2.3  , near_lossless    ,           16,   36453, 0.01,         9, False    , on   , gcc     , O2 , x86-64, libwebp-1.2.3      , version_same
MM   , libwebp      , 1.2.3  , near_lossless    ,           18,   36882, 0.01,        10, False    , on   , gcc     , O3 , arm   , libwebp-1.2.4      , version_diff
MM   , libwebp      , 1.2.3  , near_lossless    ,           26,   32205, 0.01,         9, False    , on   , gcc     , O3 , arm   , libwebp-1.2.3      , version_same
MM   , libwebp      , 1.2.3  , near_lossless    ,           16,   31009, 0.01,         9, False    , on   , gcc     , O3 , x86-64, libwebp-1.2.4      , version_diff
MM   , libwebp      , 1.2.3  , near_lossless    ,           16,   31382, 0.01,         9, False    , on   , gcc     , O3 , x86-64, libwebp-1.2.3      , version_same
MM   , libwebp      , 1.2.3  , threading        ,           16,   31541, 0.01,         9, False    , off  , clang   , O2 , arm   , libwebp-1.2.4      , version_diff
MM   , libwebp      , 1.2.3  , threading        ,           16,   30324, 0.01,         9, False    , off  , clang   , O2 , arm   , libwebp-1.2.3      , version_same
MM   , libwebp      , 1.2.3  , threading        ,           22,   38302, 0.01,        10, False    , off  , clang   , O2 , x86-64, libwebp-1.2.4      , version_diff
MM   , libwebp      , 1.2.3  , threading        ,           22,   48565, 0.01,        12, False    , off  , clang   , O2 , x86-64, libwebp-1.2.3      , version_same
MM   , libwebp      , 1.2.3  , threading        ,           25,   46678, 0.01,        11, False    , off  , clang   , O3 , arm   , libwebp-1.2.4      , version_diff
MM   , libwebp      , 1.2.3  , threading        ,           23,   44773, 0.01,        10, False    , off  , clang   , O3 , arm   , libwebp-1.2.3      , version_same
MM   , libwebp      , 1.2.3  , threading        ,           16,   33197, 0.01,         9, False    , off  , clang   , O3 , x86-64, libwebp-1.2.4      , version_diff
MM   , libwebp      , 1.2.3  , threading        ,           20,   42104, 0.01,        11, False    , off  , clang   , O3 , x86-64, libwebp-1.2.3      , version_same
MM   , libwebp      , 1.2.3  , threading        ,           23,   54513, 0.01,        11, False    , off  , gcc     , O2 , arm   , libwebp-1.2.4      , version_diff
MM   , libwebp      , 1.2.3  , threading        ,           31,   54543, 0.01,        12, False    , off  , gcc     , O2 , arm   , libwebp-1.2.3      , version_same
MM   , libwebp      , 1.2.3  , threading        ,           22,   40225, 0.01,        10, False    , off  , gcc     , O2 , x86-64, libwebp-1.2.4      , version_diff
MM   , libwebp      , 1.2.3  , threading        ,           22,   32561, 0.01,         9, False    , off  , gcc     , O2 , x86-64, libwebp-1.2.3      , version_same
MM   , libwebp      , 1.2.3  , threading        ,           16,   31695, 0.01,         9, False    , off  , gcc     , O3 , arm   , libwebp-1.2.4      , version_diff
MM   , libwebp      , 1.2.3  , threading        ,           16,   30432, 0.01,         9, False    , off  , gcc     , O3 , arm   , libwebp-1.2.3      , version_same
MM   , libwebp      , 1.2.3  , threading        ,           34,   59893, 0.01,        13, False    , off  , gcc     , O3 , x86-64, libwebp-1.2.4      , version_diff
MM   , libwebp      , 1.2.3  , threading        ,           18,   38492, 0.01,        10, False    , off  , gcc     , O3 , x86-64, libwebp-1.2.3      , version_same
MM   , libwebp      , 1.2.3  , threading        ,           15,   30244, 0.01,         9, False    , on   , clang   , O2 , arm   , libwebp-1.2.4      , version_diff
MM   , libwebp      , 1.2.3  , threading        ,           18,   29164, 0.0 ,         9, False    , on   , clang   , O2 , arm   , libwebp-1.2.3      , version_same
MM   , libwebp      , 1.2.3  , threading        ,           10,   13590, 0.0 ,         5, False    , on   , clang   , O2 , x86-64, libwebp-1.2.4      , version_diff
MM   , libwebp      , 1.2.3  , threading        ,           88,   72530, 0.01,        14, False    , on   , clang   , O2 , x86-64, libwebp-1.2.3      , version_same
MM   , libwebp      , 1.2.3  , threading        ,           20,   44646, 0.01,        11, False    , on   , clang   , O3 , arm   , libwebp-1.2.4      , version_diff
MM   , libwebp      , 1.2.3  , threading        ,           22,   45833, 0.01,        12, False    , on   , clang   , O3 , arm   , libwebp-1.2.3      , version_same
MM   , libwebp      , 1.2.3  , threading        ,           16,   21061, 0.01,         7, False    , on   , clang   , O3 , x86-64, libwebp-1.2.4      , version_diff
MM   , libwebp      , 1.2.3  , threading        ,           23,   17555, 0.0 ,         6, False    , on   , clang   , O3 , x86-64, libwebp-1.2.3      , version_same
MM   , libwebp      , 1.2.3  , threading        ,           27,   57573, 0.01,        13, False    , on   , gcc     , O2 , arm   , libwebp-1.2.4      , version_diff
MM   , libwebp      , 1.2.3  , threading        ,           29,   47862, 0.01,        12, False    , on   , gcc     , O2 , arm   , libwebp-1.2.3      , version_same
MM   , libwebp      , 1.2.3  , threading        ,           25,   52807, 0.01,        12, False    , on   , gcc     , O2 , x86-64, libwebp-1.2.4      , version_diff
MM   , libwebp      , 1.2.3  , threading        ,           23,   49987, 0.01,        12, False    , on   , gcc     , O2 , x86-64, libwebp-1.2.3      , version_same
MM   , libwebp      , 1.2.3  , threading        ,           15,   31664, 0.0 ,         9, False    , on   , gcc     , O3 , arm   , libwebp-1.2.4      , version_diff
MM   , libwebp      , 1.2.3  , threading        ,           49,   51728, 0.01,        12, False    , on   , gcc     , O3 , arm   , libwebp-1.2.3      , version_same
MM   , libwebp      , 1.2.3  , threading        ,           16,   32651, 0.01,         9, False    , on   , gcc     , O3 , x86-64, libwebp-1.2.4      , version_diff
MM   , libwebp      , 1.2.3  , threading        ,           32,   31738, 0.01,         9, False    , on   , gcc     , O3 , x86-64, libwebp-1.2.3      , version_same
MM   , libxml2      , 2.9.14 , http             ,           27,   55353, 0.01,        12, False    , off  , clang   , O2 , arm   , libxml2-2.10.3     , version_diff
MM   , libxml2      , 2.9.14 , http             ,           39,   88806, 0.01,        14, False    , off  , clang   , O2 , arm   , libxml2-2.9.14     , version_same
MM   , libxml2      , 2.9.14 , http             ,           24,   67501, 0.01,        12, False    , off  , clang   , O2 , x86-64, libxml2-2.10.3     , version_diff
MM   , libxml2      , 2.9.14 , http             ,           29,   65306, 0.01,        12, False    , off  , clang   , O2 , x86-64, libxml2-2.9.14     , version_same
MM   , libxml2      , 2.9.14 , http             ,           20,   49082, 0.01,        11, False    , off  , clang   , O3 , arm   , libxml2-2.10.3     , version_diff
MM   , libxml2      , 2.9.14 , http             ,           16,   33625, 0.01,         9, False    , off  , clang   , O3 , arm   , libxml2-2.9.14     , version_same
MM   , libxml2      , 2.9.14 , http             ,           33,   41709, 0.01,        10, False    , off  , clang   , O3 , x86-64, libxml2-2.10.3     , version_diff
MM   , libxml2      , 2.9.14 , http             ,           23,   60739, 0.01,        13, False    , off  , clang   , O3 , x86-64, libxml2-2.9.14     , version_same
MM   , libxml2      , 2.9.14 , http             ,           37,   86337, 0.02,        13, False    , off  , gcc     , O2 , arm   , libxml2-2.10.3     , version_diff
MM   , libxml2      , 2.9.14 , http             ,           37,   85155, 0.01,        14, False    , off  , gcc     , O2 , arm   , libxml2-2.9.14     , version_same
MM   , libxml2      , 2.9.14 , http             ,           33,   51386, 0.01,        11, False    , off  , gcc     , O2 , x86-64, libxml2-2.10.3     , version_diff
MM   , libxml2      , 2.9.14 , http             ,           21,   49316, 0.01,        11, False    , off  , gcc     , O2 , x86-64, libxml2-2.9.14     , version_same
MM   , libxml2      , 2.9.14 , http             ,           50,   73014, 0.01,        14, False    , off  , gcc     , O3 , arm   , libxml2-2.10.3     , version_diff
MM   , libxml2      , 2.9.14 , http             ,           84,   49218, 0.01,        11, False    , off  , gcc     , O3 , arm   , libxml2-2.9.14     , version_same
MM   , libxml2      , 2.9.14 , http             ,           40,   37741, 0.01,         9, False    , off  , gcc     , O3 , x86-64, libxml2-2.10.3     , version_diff
MM   , libxml2      , 2.9.14 , http             ,           18,   42927, 0.01,        10, False    , off  , gcc     , O3 , x86-64, libxml2-2.9.14     , version_same
MM   , libxml2      , 2.9.14 , http             ,           34,  152843, 0.01,        17, False    , on   , clang   , O2 , arm   , libxml2-2.10.3     , version_diff
MM   , libxml2      , 2.9.14 , http             ,           30,  117798, 0.01,        15, False    , on   , clang   , O2 , arm   , libxml2-2.9.14     , version_same
MM   , libxml2      , 2.9.14 , http             ,           31,  105542, 0.01,        14, False    , on   , clang   , O2 , x86-64, libxml2-2.10.3     , version_diff
MM   , libxml2      , 2.9.14 , http             ,           70,  104477, 0.01,        14, False    , on   , clang   , O2 , x86-64, libxml2-2.9.14     , version_same
MM   , libxml2      , 2.9.14 , http             ,           15,   43446, 0.01,         9, False    , on   , clang   , O3 , arm   , libxml2-2.10.3     , version_diff
MM   , libxml2      , 2.9.14 , http             ,           58,   85150, 0.01,        13, False    , on   , clang   , O3 , arm   , libxml2-2.9.14     , version_same
MM   , libxml2      , 2.9.14 , http             ,           38,  174674, 0.01,        18, False    , on   , clang   , O3 , x86-64, libxml2-2.10.3     , version_diff
MM   , libxml2      , 2.9.14 , http             ,           17,   43112, 0.01,         9, False    , on   , clang   , O3 , x86-64, libxml2-2.9.14     , version_same
MM   , libxml2      , 2.9.14 , http             ,           63,   77368, 0.01,        12, False    , on   , gcc     , O2 , arm   , libxml2-2.10.3     , version_diff
MM   , libxml2      , 2.9.14 , http             ,           22,   76775, 0.01,        12, False    , on   , gcc     , O2 , arm   , libxml2-2.9.14     , version_same
MM   , libxml2      , 2.9.14 , http             ,           31,   88030, 0.01,        13, False    , on   , gcc     , O2 , x86-64, libxml2-2.10.3     , version_diff
MM   , libxml2      , 2.9.14 , http             ,           15,   38618, 0.01,         8, False    , on   , gcc     , O2 , x86-64, libxml2-2.9.14     , version_same
MM   , libxml2      , 2.9.14 , http             ,           17,   52464, 0.01,        10, False    , on   , gcc     , O3 , arm   , libxml2-2.10.3     , version_diff
MM   , libxml2      , 2.9.14 , http             ,           37,  105056, 0.01,        14, False    , on   , gcc     , O3 , arm   , libxml2-2.9.14     , version_same
MM   , libxml2      , 2.9.14 , http             ,           67,  134990, 0.01,        17, False    , on   , gcc     , O3 , x86-64, libxml2-2.10.3     , version_diff
MM   , libxml2      , 2.9.14 , http             ,           28,  108796, 0.01,        14, False    , on   , gcc     , O3 , x86-64, libxml2-2.9.14     , version_same
MM   , libxml2      , 2.9.14 , zlib             ,           29,   59033, 0.01,        10, False    , off  , clang   , O2 , arm   , libxml2-2.10.3     , version_diff
MM   , libxml2      , 2.9.14 , zlib             ,           62,  125915, 0.01,        16, False    , off  , clang   , O2 , arm   , libxml2-2.9.14     , version_same
MM   , libxml2      , 2.9.14 , zlib             ,           24,   87207, 0.01,        12, False    , off  , clang   , O2 , x86-64, libxml2-2.10.3     , version_diff
MM   , libxml2      , 2.9.14 , zlib             ,           43,  138168, 0.01,        16, False    , off  , clang   , O2 , x86-64, libxml2-2.9.14     , version_same
MM   , libxml2      , 2.9.14 , zlib             ,           19,   46729, 0.01,        10, False    , off  , clang   , O3 , arm   , libxml2-2.10.3     , version_diff
MM   , libxml2      , 2.9.14 , zlib             ,           38,  206587, 0.02,        19, False    , off  , clang   , O3 , arm   , libxml2-2.9.14     , version_same
MM   , libxml2      , 2.9.14 , zlib             ,           57,  131396, 0.01,        16, False    , off  , clang   , O3 , x86-64, libxml2-2.10.3     , version_diff
MM   , libxml2      , 2.9.14 , zlib             ,           20,   62354, 0.01,        11, False    , off  , clang   , O3 , x86-64, libxml2-2.9.14     , version_same
MM   , libxml2      , 2.9.14 , zlib             ,           49,  113484, 0.01,        15, False    , off  , gcc     , O2 , arm   , libxml2-2.10.3     , version_diff
MM   , libxml2      , 2.9.14 , zlib             ,           34,   55544, 0.01,        10, False    , off  , gcc     , O2 , arm   , libxml2-2.9.14     , version_same
MM   , libxml2      , 2.9.14 , zlib             ,           32,   42154, 0.01,         9, False    , off  , gcc     , O2 , x86-64, libxml2-2.10.3     , version_diff
MM   , libxml2      , 2.9.14 , zlib             ,           48,  188569, 0.01,        21, False    , off  , gcc     , O2 , x86-64, libxml2-2.9.14     , version_same
MM   , libxml2      , 2.9.14 , zlib             ,           28,   47544, 0.01,         9, False    , off  , gcc     , O3 , arm   , libxml2-2.10.3     , version_diff
MM   , libxml2      , 2.9.14 , zlib             ,           53,  155432, 0.01,        18, False    , off  , gcc     , O3 , arm   , libxml2-2.9.14     , version_same
MM   , libxml2      , 2.9.14 , zlib             ,           31,   59287, 0.01,        10, False    , off  , gcc     , O3 , x86-64, libxml2-2.10.3     , version_diff
MM   , libxml2      , 2.9.14 , zlib             ,           18,   59093, 0.01,        10, False    , off  , gcc     , O3 , x86-64, libxml2-2.9.14     , version_same
MM   , libxml2      , 2.9.14 , zlib             ,           18,   49036, 0.01,         9, False    , on   , clang   , O2 , arm   , libxml2-2.10.3     , version_diff
MM   , libxml2      , 2.9.14 , zlib             ,           73,  195731, 0.01,        20, False    , on   , clang   , O2 , arm   , libxml2-2.9.14     , version_same
MM   , libxml2      , 2.9.14 , zlib             ,           34,   62218, 0.01,        10, False    , on   , clang   , O2 , x86-64, libxml2-2.10.3     , version_diff
MM   , libxml2      , 2.9.14 , zlib             ,           40,   93421, 0.02,        13, False    , on   , clang   , O2 , x86-64, libxml2-2.9.14     , version_same
MM   , libxml2      , 2.9.14 , zlib             ,           17,   45075, 0.01,        10, False    , on   , clang   , O3 , arm   , libxml2-2.10.3     , version_diff
MM   , libxml2      , 2.9.14 , zlib             ,          100,  231646, 0.02,        20, False    , on   , clang   , O3 , arm   , libxml2-2.9.14     , version_same
MM   , libxml2      , 2.9.14 , zlib             ,           34,   66348, 0.01,        11, False    , on   , clang   , O3 , x86-64, libxml2-2.10.3     , version_diff
MM   , libxml2      , 2.9.14 , zlib             ,           25,   75712, 0.01,        12, False    , on   , clang   , O3 , x86-64, libxml2-2.9.14     , version_same
MM   , libxml2      , 2.9.14 , zlib             ,           34,   54177, 0.01,        11, False    , on   , gcc     , O2 , arm   , libxml2-2.10.3     , version_diff
MM   , libxml2      , 2.9.14 , zlib             ,          109,  181116, 0.02,        19, False    , on   , gcc     , O2 , arm   , libxml2-2.9.14     , version_same
MM   , libxml2      , 2.9.14 , zlib             ,           46,   63558, 0.01,        10, False    , on   , gcc     , O2 , x86-64, libxml2-2.10.3     , version_diff
MM   , libxml2      , 2.9.14 , zlib             ,           21,   66193, 0.01,        11, False    , on   , gcc     , O2 , x86-64, libxml2-2.9.14     , version_same
MM   , libxml2      , 2.9.14 , zlib             ,           55,  146014, 0.01,        17, False    , on   , gcc     , O3 , arm   , libxml2-2.10.3     , version_diff
MM   , libxml2      , 2.9.14 , zlib             ,           70,  149781, 0.01,        17, False    , on   , gcc     , O3 , arm   , libxml2-2.9.14     , version_same
MM   , libxml2      , 2.9.14 , zlib             ,           38,   65776, 0.01,        10, False    , on   , gcc     , O3 , x86-64, libxml2-2.10.3     , version_diff
MM   , libxml2      , 2.9.14 , zlib             ,           27,   68999, 0.01,        11, False    , on   , gcc     , O3 , x86-64, libxml2-2.9.14     , version_same
MM   , mbedtls      , 2.6.0  , PKCS1_V21        ,           34,   43572, 0.01,        11, False    , off  , clang   , O2 , arm   , mbedtls-2.7.0      , version_diff
MM   , mbedtls      , 2.6.0  , PKCS1_V21        ,           44,   48691, 0.01,        12, False    , off  , clang   , O2 , arm   , mbedtls-2.6.0      , version_same
MM   , mbedtls      , 2.6.0  , PKCS1_V21        ,           41,   73154, 0.01,        14, False    , off  , clang   , O2 , x86-64, mbedtls-2.7.0      , version_diff
MM   , mbedtls      , 2.6.0  , PKCS1_V21        ,           31,   38550, 0.01,        10, False    , off  , clang   , O2 , x86-64, mbedtls-2.6.0      , version_same
MM   , mbedtls      , 2.6.0  , PKCS1_V21        ,           19,   36694, 0.01,        10, False    , off  , clang   , O3 , arm   , mbedtls-2.7.0      , version_diff
MM   , mbedtls      , 2.6.0  , PKCS1_V21        ,           64,   62963, 0.01,        14, False    , off  , clang   , O3 , arm   , mbedtls-2.6.0      , version_same
MM   , mbedtls      , 2.6.0  , PKCS1_V21        ,           21,   38488, 0.01,        10, False    , off  , clang   , O3 , x86-64, mbedtls-2.7.0      , version_diff
MM   , mbedtls      , 2.6.0  , PKCS1_V21        ,           39,   78717, 0.01,        14, False    , off  , clang   , O3 , x86-64, mbedtls-2.6.0      , version_same
MM   , mbedtls      , 2.6.0  , PKCS1_V21        ,           28,   49422, 0.01,        13, False    , off  , gcc     , O2 , arm   , mbedtls-2.7.0      , version_diff
MM   , mbedtls      , 2.6.0  , PKCS1_V21        ,           59,   47055, 0.01,        11, False    , off  , gcc     , O2 , arm   , mbedtls-2.6.0      , version_same
MM   , mbedtls      , 2.6.0  , PKCS1_V21        ,           40,   35501, 0.01,        10, False    , off  , gcc     , O2 , x86-64, mbedtls-2.7.0      , version_diff
MM   , mbedtls      , 2.6.0  , PKCS1_V21        ,           16,   30931, 0.01,         9, False    , off  , gcc     , O2 , x86-64, mbedtls-2.6.0      , version_same
MM   , mbedtls      , 2.6.0  , PKCS1_V21        ,           34,   25285, 0.01,         8, False    , off  , gcc     , O3 , arm   , mbedtls-2.7.0      , version_diff
MM   , mbedtls      , 2.6.0  , PKCS1_V21        ,           38,   61491, 0.01,        14, False    , off  , gcc     , O3 , arm   , mbedtls-2.6.0      , version_same
MM   , mbedtls      , 2.6.0  , PKCS1_V21        ,           62,   44409, 0.01,        12, False    , off  , gcc     , O3 , x86-64, mbedtls-2.7.0      , version_diff
MM   , mbedtls      , 2.6.0  , PKCS1_V21        ,           34,   36924, 0.01,        10, False    , off  , gcc     , O3 , x86-64, mbedtls-2.6.0      , version_same
MM   , mbedtls      , 2.6.0  , PKCS1_V21        ,           34,   29372, 0.01,         8, False    , on   , clang   , O2 , arm   , mbedtls-2.7.0      , version_diff
MM   , mbedtls      , 2.6.0  , PKCS1_V21        ,           61,   35069, 0.01,         9, False    , on   , clang   , O2 , arm   , mbedtls-2.6.0      , version_same
MM   , mbedtls      , 2.6.0  , PKCS1_V21        ,           38,   70478, 0.01,        12, False    , on   , clang   , O2 , x86-64, mbedtls-2.7.0      , version_diff
MM   , mbedtls      , 2.6.0  , PKCS1_V21        ,           12,   28154, 0.01,         7, False    , on   , clang   , O2 , x86-64, mbedtls-2.6.0      , version_same
MM   , mbedtls      , 2.6.0  , PKCS1_V21        ,           18,   36718, 0.01,         9, False    , on   , clang   , O3 , arm   , mbedtls-2.7.0      , version_diff
MM   , mbedtls      , 2.6.0  , PKCS1_V21        ,           16,   30025, 0.01,         8, False    , on   , clang   , O3 , arm   , mbedtls-2.6.0      , version_same
MM   , mbedtls      , 2.6.0  , PKCS1_V21        ,           41,   82152, 0.01,        13, False    , on   , clang   , O3 , x86-64, mbedtls-2.7.0      , version_diff
MM   , mbedtls      , 2.6.0  , PKCS1_V21        ,           66,   54393, 0.01,        11, False    , on   , clang   , O3 , x86-64, mbedtls-2.6.0      , version_same
MM   , mbedtls      , 2.6.0  , PKCS1_V21        ,           23,   38963, 0.01,        10, False    , on   , gcc     , O2 , arm   , mbedtls-2.7.0      , version_diff
MM   , mbedtls      , 2.6.0  , PKCS1_V21        ,           31,   66814, 0.01,        14, False    , on   , gcc     , O2 , arm   , mbedtls-2.6.0      , version_same
MM   , mbedtls      , 2.6.0  , PKCS1_V21        ,           20,   52661, 0.01,        11, False    , on   , gcc     , O2 , x86-64, mbedtls-2.7.0      , version_diff
MM   , mbedtls      , 2.6.0  , PKCS1_V21        ,           18,   44584, 0.01,        10, False    , on   , gcc     , O2 , x86-64, mbedtls-2.6.0      , version_same
MM   , mbedtls      , 2.6.0  , PKCS1_V21        ,           15,   21924, 0.0 ,         7, False    , on   , gcc     , O3 , arm   , mbedtls-2.7.0      , version_diff
MM   , mbedtls      , 2.6.0  , PKCS1_V21        ,           15,   32890, 0.01,         9, False    , on   , gcc     , O3 , arm   , mbedtls-2.6.0      , version_same
MM   , mbedtls      , 2.6.0  , PKCS1_V21        ,           19,   37182, 0.01,         9, False    , on   , gcc     , O3 , x86-64, mbedtls-2.7.0      , version_diff
MM   , mbedtls      , 2.6.0  , PKCS1_V21        ,           20,   52163, 0.01,        11, False    , on   , gcc     , O3 , x86-64, mbedtls-2.6.0      , version_same
MM   , mbedtls      , 2.6.0  , SHA256_SMALLER   ,           20,   29118, 0.01,         9, False    , off  , clang   , O2 , arm   , mbedtls-2.7.0      , version_diff
MM   , mbedtls      , 2.6.0  , SHA256_SMALLER   ,           15,   32232, 0.01,         7, False    , off  , clang   , O2 , arm   , mbedtls-2.6.0      , version_same
MM   , mbedtls      , 2.6.0  , SHA256_SMALLER   ,           15,   17145, 0.0 ,         6, False    , off  , clang   , O2 , x86-64, mbedtls-2.7.0      , version_diff
MM   , mbedtls      , 2.6.0  , SHA256_SMALLER   ,           60,   67150, 0.02,        10, False    , off  , clang   , O2 , x86-64, mbedtls-2.6.0      , version_same
MM   , mbedtls      , 2.6.0  , SHA256_SMALLER   ,           16,   18907, 0.0 ,         6, False    , off  , clang   , O3 , arm   , mbedtls-2.7.0      , version_diff
MM   , mbedtls      , 2.6.0  , SHA256_SMALLER   ,           32,   61684, 0.01,        10, False    , off  , clang   , O3 , arm   , mbedtls-2.6.0      , version_same
MM   , mbedtls      , 2.6.0  , SHA256_SMALLER   ,           13,   18247, 0.01,         6, False    , off  , clang   , O3 , x86-64, mbedtls-2.7.0      , version_diff
MM   , mbedtls      , 2.6.0  , SHA256_SMALLER   ,          126,   75991, 0.04,        10, False    , off  , clang   , O3 , x86-64, mbedtls-2.6.0      , version_same
MM   , mbedtls      , 2.6.0  , SHA256_SMALLER   ,           11,   19178, 0.01,         6, False    , off  , gcc     , O2 , arm   , mbedtls-2.7.0      , version_diff
MM   , mbedtls      , 2.6.0  , SHA256_SMALLER   ,           22,   50736, 0.01,         9, False    , off  , gcc     , O2 , arm   , mbedtls-2.6.0      , version_same
MM   , mbedtls      , 2.6.0  , SHA256_SMALLER   ,            9,   20065, 0.01,         6, False    , off  , gcc     , O2 , x86-64, mbedtls-2.7.0      , version_diff
MM   , mbedtls      , 2.6.0  , SHA256_SMALLER   ,           16,   47716, 0.05,         7, False    , off  , gcc     , O2 , x86-64, mbedtls-2.6.0      , version_same
MM   , mbedtls      , 2.6.0  , SHA256_SMALLER   ,           11,   19696, 0.01,         6, False    , off  , gcc     , O3 , arm   , mbedtls-2.7.0      , version_diff
MM   , mbedtls      , 2.6.0  , SHA256_SMALLER   ,           21,   42686, 0.02,         8, False    , off  , gcc     , O3 , arm   , mbedtls-2.6.0      , version_same
MM   , mbedtls      , 2.6.0  , SHA256_SMALLER   ,           10,   20002, 0.01,         6, False    , off  , gcc     , O3 , x86-64, mbedtls-2.7.0      , version_diff
MM   , mbedtls      , 2.6.0  , SHA256_SMALLER   ,           38,   56154, 0.01,         9, False    , off  , gcc     , O3 , x86-64, mbedtls-2.6.0      , version_same
MM   , mbedtls      , 2.6.0  , SHA256_SMALLER   ,           44,   17066, 0.0 ,         6, False    , on   , clang   , O2 , arm   , mbedtls-2.7.0      , version_diff
MM   , mbedtls      , 2.6.0  , SHA256_SMALLER   ,            9,   15261, 0.01,         5, False    , on   , clang   , O2 , arm   , mbedtls-2.6.0      , version_same
MM   , mbedtls      , 2.6.0  , SHA256_SMALLER   ,           11,   21425, 0.0 ,         7, False    , on   , clang   , O2 , x86-64, mbedtls-2.7.0      , version_diff
MM   , mbedtls      , 2.6.0  , SHA256_SMALLER   ,           93,   22742, 0.01,         7, False    , on   , clang   , O2 , x86-64, mbedtls-2.6.0      , version_same
MM   , mbedtls      , 2.6.0  , SHA256_SMALLER   ,           13,   18445, 0.0 ,         6, False    , on   , clang   , O3 , arm   , mbedtls-2.7.0      , version_diff
MM   , mbedtls      , 2.6.0  , SHA256_SMALLER   ,            8,   15370, 0.01,         5, False    , on   , clang   , O3 , arm   , mbedtls-2.6.0      , version_same
MM   , mbedtls      , 2.6.0  , SHA256_SMALLER   ,            9,   18154, 0.01,         6, False    , on   , clang   , O3 , x86-64, mbedtls-2.7.0      , version_diff
MM   , mbedtls      , 2.6.0  , SHA256_SMALLER   ,           77,   25942, 0.01,         7, False    , on   , clang   , O3 , x86-64, mbedtls-2.6.0      , version_same
MM   , mbedtls      , 2.6.0  , SHA256_SMALLER   ,           17,   18128, 0.0 ,         6, False    , on   , gcc     , O2 , arm   , mbedtls-2.7.0      , version_diff
MM   , mbedtls      , 2.6.0  , SHA256_SMALLER   ,           15,   20261, 0.01,         6, False    , on   , gcc     , O2 , arm   , mbedtls-2.6.0      , version_same
MM   , mbedtls      , 2.6.0  , SHA256_SMALLER   ,           10,   19559, 0.01,         6, False    , on   , gcc     , O2 , x86-64, mbedtls-2.7.0      , version_diff
MM   , mbedtls      , 2.6.0  , SHA256_SMALLER   ,          209,   21324, 0.01,         6, False    , on   , gcc     , O2 , x86-64, mbedtls-2.6.0      , version_same
MM   , mbedtls      , 2.6.0  , SHA256_SMALLER   ,           10,   19067, 0.0 ,         6, False    , on   , gcc     , O3 , arm   , mbedtls-2.7.0      , version_diff
MM   , mbedtls      , 2.6.0  , SHA256_SMALLER   ,           37,   20094, 0.01,         6, False    , on   , gcc     , O3 , arm   , mbedtls-2.6.0      , version_same
MM   , mbedtls      , 2.6.0  , SHA256_SMALLER   ,           11,   19344, 0.0 ,         6, False    , on   , gcc     , O3 , x86-64, mbedtls-2.7.0      , version_diff
MM   , mbedtls      , 2.6.0  , SHA256_SMALLER   ,           12,   15873, 0.01,         5, False    , on   , gcc     , O3 , x86-64, mbedtls-2.6.0      , version_same
MM   , nginx        , 1.18.0 , http_realip      ,           24,   51390, 0.01,        11, False    , off  , clang   , O2 , arm   , nginx-1.19.10      , version_diff
MM   , nginx        , 1.18.0 , http_realip      ,           36,   64581, 0.01,        12, False    , off  , clang   , O2 , arm   , nginx-1.18.0       , version_same
MM   , nginx        , 1.18.0 , http_realip      ,           22,   43345, 0.01,        10, False    , off  , clang   , O2 , x86-64, nginx-1.19.10      , version_diff
MM   , nginx        , 1.18.0 , http_realip      ,           42,   50106, 0.01,        11, False    , off  , clang   , O2 , x86-64, nginx-1.18.0       , version_same
MM   , nginx        , 1.18.0 , http_realip      ,           22,   51973, 0.01,        11, False    , off  , clang   , O3 , arm   , nginx-1.19.10      , version_diff
MM   , nginx        , 1.18.0 , http_realip      ,           23,   63297, 0.01,        12, False    , off  , clang   , O3 , arm   , nginx-1.18.0       , version_same
MM   , nginx        , 1.18.0 , http_realip      ,           24,   42674, 0.01,        10, False    , off  , clang   , O3 , x86-64, nginx-1.19.10      , version_diff
MM   , nginx        , 1.18.0 , http_realip      ,           46,   52772, 0.01,        11, False    , off  , clang   , O3 , x86-64, nginx-1.18.0       , version_same
MM   , nginx        , 1.18.0 , http_realip      ,           21,   44546, 0.01,        10, False    , off  , gcc     , O2 , arm   , nginx-1.19.10      , version_diff
MM   , nginx        , 1.18.0 , http_realip      ,           18,   42408, 0.01,        10, False    , off  , gcc     , O2 , arm   , nginx-1.18.0       , version_same
MM   , nginx        , 1.18.0 , http_realip      ,           30,   56422, 0.01,        11, False    , off  , gcc     , O2 , x86-64, nginx-1.19.10      , version_diff
MM   , nginx        , 1.18.0 , http_realip      ,          236,   51533, 0.03,        11, False    , off  , gcc     , O2 , x86-64, nginx-1.18.0       , version_same
MM   , nginx        , 1.18.0 , http_realip      ,           34,   88669, 0.01,        16, False    , off  , gcc     , O3 , arm   , nginx-1.19.10      , version_diff
MM   , nginx        , 1.18.0 , http_realip      ,           44,   51101, 0.01,        11, False    , off  , gcc     , O3 , arm   , nginx-1.18.0       , version_same
MM   , nginx        , 1.18.0 , http_realip      ,           44,   90716, 0.01,        15, False    , off  , gcc     , O3 , x86-64, nginx-1.19.10      , version_diff
MM   , nginx        , 1.18.0 , http_realip      ,           20,   54789, 0.01,        11, False    , off  , gcc     , O3 , x86-64, nginx-1.18.0       , version_same
MM   , nginx        , 1.18.0 , http_v2          ,           45,  122103, 0.01,        14, False    , off  , clang   , O2 , arm   , nginx-1.19.10      , version_diff
MM   , nginx        , 1.18.0 , http_v2          ,           22,   74573, 0.01,        11, False    , off  , clang   , O2 , arm   , nginx-1.18.0       , version_same
MM   , nginx        , 1.18.0 , http_v2          ,           52,  150620, 0.01,        16, False    , off  , clang   , O2 , x86-64, nginx-1.19.10      , version_diff
MM   , nginx        , 1.18.0 , http_v2          ,           30,   99123, 0.01,        12, False    , off  , clang   , O2 , x86-64, nginx-1.18.0       , version_same
MM   , nginx        , 1.18.0 , http_v2          ,           79,  182707, 0.01,        17, False    , off  , clang   , O3 , arm   , nginx-1.19.10      , version_diff
MM   , nginx        , 1.18.0 , http_v2          ,           30,   95236, 0.01,        12, False    , off  , clang   , O3 , arm   , nginx-1.18.0       , version_same
MM   , nginx        , 1.18.0 , http_v2          ,           52,  151922, 0.02,        15, False    , off  , clang   , O3 , x86-64, nginx-1.19.10      , version_diff
MM   , nginx        , 1.18.0 , http_v2          ,           29,  123104, 0.01,        14, False    , off  , clang   , O3 , x86-64, nginx-1.18.0       , version_same
MM   , nginx        , 1.18.0 , http_v2          ,           20,   74402, 0.01,        11, False    , off  , gcc     , O2 , arm   , nginx-1.19.10      , version_diff
MM   , nginx        , 1.18.0 , http_v2          ,          181,   77853, 0.02,        11, False    , off  , gcc     , O2 , arm   , nginx-1.18.0       , version_same
MM   , nginx        , 1.18.0 , http_v2          ,           28,   99344, 0.01,        13, False    , off  , gcc     , O2 , x86-64, nginx-1.19.10      , version_diff
MM   , nginx        , 1.18.0 , http_v2          ,           29,  145426, 0.02,        15, False    , off  , gcc     , O2 , x86-64, nginx-1.18.0       , version_same
MM   , nginx        , 1.18.0 , http_v2          ,           54,  108092, 0.02,        13, False    , off  , gcc     , O3 , arm   , nginx-1.19.10      , version_diff
MM   , nginx        , 1.18.0 , http_v2          ,           51,  107569, 0.02,        13, False    , off  , gcc     , O3 , arm   , nginx-1.18.0       , version_same
MM   , nginx        , 1.18.0 , http_v2          ,           61,  158043, 0.01,        16, False    , off  , gcc     , O3 , x86-64, nginx-1.19.10      , version_diff
MM   , nginx        , 1.18.0 , http_v2          ,          339,  167670, 0.05,        16, False    , off  , gcc     , O3 , x86-64, nginx-1.18.0       , version_same
MM   , nginx        , 1.18.0 , http_v2          ,           63,  155279, 0.01,        15, False    , on   , clang   , O2 , arm   , nginx-1.19.10      , version_diff
MM   , nginx        , 1.18.0 , http_v2          ,          239,   46495, 0.02,         8, False    , on   , clang   , O2 , arm   , nginx-1.18.0       , version_same
MM   , nginx        , 1.18.0 , http_v2          ,           35,  135109, 0.01,        13, False    , on   , clang   , O2 , x86-64, nginx-1.19.10      , version_diff
MM   , nginx        , 1.18.0 , http_v2          ,          263,  104259, 0.03,        12, False    , on   , clang   , O2 , x86-64, nginx-1.18.0       , version_same
MM   , nginx        , 1.18.0 , http_v2          ,           66,  185322, 0.02,        16, False    , on   , clang   , O3 , arm   , nginx-1.19.10      , version_diff
MM   , nginx        , 1.18.0 , http_v2          ,           38,  130544, 0.02,        13, False    , on   , clang   , O3 , arm   , nginx-1.18.0       , version_same
MM   , nginx        , 1.18.0 , http_v2          ,           95,  603916, 0.04,        31, False    , on   , clang   , O3 , x86-64, nginx-1.19.10      , version_diff
MM   , nginx        , 1.18.0 , http_v2          ,          235,  128722, 0.03,        13, False    , on   , clang   , O3 , x86-64, nginx-1.18.0       , version_same
MM   , nginx        , 1.18.0 , http_v2          ,           61,  201244, 0.02,        18, False    , on   , gcc     , O2 , arm   , nginx-1.19.10      , version_diff
MM   , nginx        , 1.18.0 , http_v2          ,           39,  158895, 0.02,        15, False    , on   , gcc     , O2 , arm   , nginx-1.18.0       , version_same
MM   , nginx        , 1.18.0 , http_v2          ,           39,  127523, 0.01,        13, False    , on   , gcc     , O2 , x86-64, nginx-1.19.10      , version_diff
MM   , nginx        , 1.18.0 , http_v2          ,           23,   71168, 0.01,         9, False    , on   , gcc     , O2 , x86-64, nginx-1.18.0       , version_same
MM   , nginx        , 1.18.0 , http_v2          ,           58,  145793, 0.01,        14, False    , on   , gcc     , O3 , arm   , nginx-1.19.10      , version_diff
MM   , nginx        , 1.18.0 , http_v2          ,          188,   85036, 0.02,        10, False    , on   , gcc     , O3 , arm   , nginx-1.18.0       , version_same
MM   , nginx        , 1.18.0 , http_v2          ,           66,  225860, 0.03,        18, False    , on   , gcc     , O3 , x86-64, nginx-1.19.10      , version_diff
MM   , nginx        , 1.18.0 , http_v2          ,           56,  151195, 0.01,        14, False    , on   , gcc     , O3 , x86-64, nginx-1.18.0       , version_same
MM   , openssl      , 1.0.1f , asm              ,           35,   59121, 0.01,        12, False    , off  , clang   , O2 , arm   , openssl-1.0.1g     , version_diff
MM   , openssl      , 1.0.1f , asm              ,           69,  368715, 0.03,        27, False    , off  , clang   , O2 , arm   , openssl-1.0.1f     , version_same
MM   , openssl      , 1.0.1f , asm              ,           49,  137965, 0.02,        17, False    , off  , clang   , O2 , x86-64, openssl-1.0.1g     , version_diff
MM   , openssl      , 1.0.1f , asm              ,           31,   93250, 0.01,        14, False    , off  , clang   , O2 , x86-64, openssl-1.0.1f     , version_same
MM   , openssl      , 1.0.1f , asm              ,           39,   63005, 0.01,        12, False    , off  , clang   , O3 , arm   , openssl-1.0.1g     , version_diff
MM   , openssl      , 1.0.1f , asm              ,           42,  138006, 0.01,        17, False    , off  , clang   , O3 , arm   , openssl-1.0.1f     , version_same
MM   , openssl      , 1.0.1f , asm              ,           43,   87983, 0.01,        14, False    , off  , clang   , O3 , x86-64, openssl-1.0.1g     , version_diff
MM   , openssl      , 1.0.1f , asm              ,           37,  114649, 0.01,        16, False    , off  , clang   , O3 , x86-64, openssl-1.0.1f     , version_same
MM   , openssl      , 1.0.1f , asm              ,           35,   34821, 0.01,         9, False    , off  , gcc     , O2 , arm   , openssl-1.0.1g     , version_diff
MM   , openssl      , 1.0.1f , asm              ,           53,  177759, 0.02,        18, False    , off  , gcc     , O2 , arm   , openssl-1.0.1f     , version_same
MM   , openssl      , 1.0.1f , asm              ,           44,   86733, 0.01,        13, False    , off  , gcc     , O2 , x86-64, openssl-1.0.1g     , version_diff
MM   , openssl      , 1.0.1f , asm              ,           81,  146703, 0.02,        16, False    , off  , gcc     , O2 , x86-64, openssl-1.0.1f     , version_same
MM   , openssl      , 1.0.1f , asm              ,           38,   85585, 0.01,        14, False    , off  , gcc     , O3 , arm   , openssl-1.0.1g     , version_diff
MM   , openssl      , 1.0.1f , asm              ,           81,  227695, 0.02,        21, False    , off  , gcc     , O3 , arm   , openssl-1.0.1f     , version_same
MM   , openssl      , 1.0.1f , asm              ,           45,  116487, 0.01,        15, False    , off  , gcc     , O3 , x86-64, openssl-1.0.1g     , version_diff
MM   , openssl      , 1.0.1f , asm              ,           78,  121203, 0.01,        15, False    , off  , gcc     , O3 , x86-64, openssl-1.0.1f     , version_same
MM   , openssl      , 1.0.1f , asm              ,           28,   79938, 0.01,        13, False    , on   , clang   , O2 , arm   , openssl-1.0.1g     , version_diff
MM   , openssl      , 1.0.1f , asm              ,           40,   92752, 0.02,        14, False    , on   , clang   , O2 , arm   , openssl-1.0.1f     , version_same
MM   , openssl      , 1.0.1f , asm              ,           49,   87845, 0.01,        14, False    , on   , clang   , O2 , x86-64, openssl-1.0.1g     , version_diff
MM   , openssl      , 1.0.1f , asm              ,           30,   63451, 0.01,        12, False    , on   , clang   , O2 , x86-64, openssl-1.0.1f     , version_same
MM   , openssl      , 1.0.1f , asm              ,           99,  125960, 0.01,        15, False    , on   , clang   , O3 , arm   , openssl-1.0.1g     , version_diff
MM   , openssl      , 1.0.1f , asm              ,           60,   79270, 0.01,        13, False    , on   , clang   , O3 , arm   , openssl-1.0.1f     , version_same
MM   , openssl      , 1.0.1f , asm              ,           59,   85420, 0.01,        13, False    , on   , clang   , O3 , x86-64, openssl-1.0.1g     , version_diff
MM   , openssl      , 1.0.1f , asm              ,           36,   82880, 0.01,        13, False    , on   , clang   , O3 , x86-64, openssl-1.0.1f     , version_same
MM   , openssl      , 1.0.1f , asm              ,           40,   82324, 0.01,        14, False    , on   , gcc     , O2 , arm   , openssl-1.0.1g     , version_diff
MM   , openssl      , 1.0.1f , asm              ,           85,  168982, 0.02,        19, False    , on   , gcc     , O2 , arm   , openssl-1.0.1f     , version_same
MM   , openssl      , 1.0.1f , asm              ,           61,  123774, 0.01,        16, False    , on   , gcc     , O2 , x86-64, openssl-1.0.1g     , version_diff
MM   , openssl      , 1.0.1f , asm              ,           38,   89146, 0.01,        14, False    , on   , gcc     , O2 , x86-64, openssl-1.0.1f     , version_same
MM   , openssl      , 1.0.1f , asm              ,           37,   80473, 0.01,        13, False    , on   , gcc     , O3 , arm   , openssl-1.0.1g     , version_diff
MM   , openssl      , 1.0.1f , asm              ,           82,  199963, 0.02,        19, False    , on   , gcc     , O3 , arm   , openssl-1.0.1f     , version_same
MM   , openssl      , 1.0.1f , asm              ,           31,   95911, 0.01,        13, False    , on   , gcc     , O3 , x86-64, openssl-1.0.1g     , version_diff
MM   , openssl      , 1.0.1f , asm              ,           37,  100234, 0.01,        14, False    , on   , gcc     , O3 , x86-64, openssl-1.0.1f     , version_same
MM   , openssl      , 1.0.1f , heartbeats       ,           66,  302197, 0.02,        24, False    , off  , clang   , O2 , arm   , openssl-1.0.1g     , version_diff
MM   , openssl      , 1.0.1f , heartbeats       ,           73,  297490, 0.03,        25, False    , off  , clang   , O2 , arm   , openssl-1.0.1f     , version_same
MM   , openssl      , 1.0.1f , heartbeats       ,          109,  596450, 0.11,        32, False    , off  , clang   , O2 , x86-64, openssl-1.0.1g     , version_diff
MM   , openssl      , 1.0.1f , heartbeats       ,           73,  371734, 0.02,        26, False    , off  , clang   , O2 , x86-64, openssl-1.0.1f     , version_same
MM   , openssl      , 1.0.1f , heartbeats       ,           59,  292905, 0.02,        24, False    , off  , clang   , O3 , arm   , openssl-1.0.1g     , version_diff
MM   , openssl      , 1.0.1f , heartbeats       ,           65,  298668, 0.03,        24, False    , off  , clang   , O3 , arm   , openssl-1.0.1f     , version_same
MM   , openssl      , 1.0.1f , heartbeats       ,          149,  612102, 0.03,        33, False    , off  , clang   , O3 , x86-64, openssl-1.0.1g     , version_diff
MM   , openssl      , 1.0.1f , heartbeats       ,           73,  281659, 0.03,        22, False    , off  , clang   , O3 , x86-64, openssl-1.0.1f     , version_same
MM   , openssl      , 1.0.1f , heartbeats       ,          194,  578362, 0.03,        34, False    , off  , gcc     , O2 , arm   , openssl-1.0.1g     , version_diff
MM   , openssl      , 1.0.1f , heartbeats       ,           65,  195998, 0.01,        20, False    , off  , gcc     , O2 , arm   , openssl-1.0.1f     , version_same
MM   , openssl      , 1.0.1f , heartbeats       ,          145,  790697, 0.04,        37, False    , off  , gcc     , O2 , x86-64, openssl-1.0.1g     , version_diff
MM   , openssl      , 1.0.1f , heartbeats       ,           41,  203850, 0.03,        19, False    , off  , gcc     , O2 , x86-64, openssl-1.0.1f     , version_same
MM   , openssl      , 1.0.1f , heartbeats       ,           88,  421515, 0.02,        29, False    , off  , gcc     , O3 , arm   , openssl-1.0.1g     , version_diff
MM   , openssl      , 1.0.1f , heartbeats       ,            2,    4289, 0.0 ,         2, False    , off  , gcc     , O3 , arm   , openssl-1.0.1f     , version_same
MM   , openssl      , 1.0.1f , heartbeats       ,          163,  857911, 0.04,        38, False    , off  , gcc     , O3 , x86-64, openssl-1.0.1g     , version_diff
MM   , openssl      , 1.0.1f , heartbeats       ,             ,       0, 0.0 ,         0, True     , off  , gcc     , O3 , x86-64, openssl-1.0.1f     , version_same
MM   , openssl      , 1.0.1f , heartbeats       ,           75,  430468, 0.04,        30, False    , on   , clang   , O2 , arm   , openssl-1.0.1g     , version_diff
MM   , openssl      , 1.0.1f , heartbeats       ,             ,       0, 0.0 ,         0, True     , on   , clang   , O2 , arm   , openssl-1.0.1f     , version_same
MM   , openssl      , 1.0.1f , heartbeats       ,           68,  299015, 0.03,        23, False    , on   , clang   , O2 , x86-64, openssl-1.0.1g     , version_diff
MM   , openssl      , 1.0.1f , heartbeats       ,             ,       0, 0.0 ,         0, True     , on   , clang   , O2 , x86-64, openssl-1.0.1f     , version_same
MM   , openssl      , 1.0.1f , heartbeats       ,           86,  548829, 0.04,        32, False    , on   , clang   , O3 , arm   , openssl-1.0.1g     , version_diff
MM   , openssl      , 1.0.1f , heartbeats       ,             ,       0, 0.0 ,         0, True     , on   , clang   , O3 , arm   , openssl-1.0.1f     , version_same
MM   , openssl      , 1.0.1f , heartbeats       ,          218,  618326, 0.08,        30, False    , on   , clang   , O3 , x86-64, openssl-1.0.1g     , version_diff
MM   , openssl      , 1.0.1f , heartbeats       ,             ,       0, 0.0 ,         0, True     , on   , clang   , O3 , x86-64, openssl-1.0.1f     , version_same
MM   , openssl      , 1.0.1f , heartbeats       ,          102,  682262, 0.03,        37, False    , on   , gcc     , O2 , arm   , openssl-1.0.1g     , version_diff
MM   , openssl      , 1.0.1f , heartbeats       ,             ,       0, 0.0 ,         0, True     , on   , gcc     , O2 , arm   , openssl-1.0.1f     , version_same
MM   , openssl      , 1.0.1f , heartbeats       ,          103,  357335, 0.02,        25, False    , on   , gcc     , O2 , x86-64, openssl-1.0.1g     , version_diff
MM   , openssl      , 1.0.1f , heartbeats       ,             ,       0, 0.0 ,         0, True     , on   , gcc     , O2 , x86-64, openssl-1.0.1f     , version_same
MM   , openssl      , 1.0.1f , heartbeats       ,          104,  310414, 0.02,        25, False    , on   , gcc     , O3 , arm   , openssl-1.0.1g     , version_diff
MM   , openssl      , 1.0.1f , heartbeats       ,             ,       0, 0.0 ,         0, True     , on   , gcc     , O3 , arm   , openssl-1.0.1f     , version_same
MM   , openssl      , 1.0.1f , heartbeats       ,          116,  782187, 0.03,        37, False    , on   , gcc     , O3 , x86-64, openssl-1.0.1g     , version_diff
MM   , openssl      , 1.0.1f , heartbeats       ,             ,       0, 0.0 ,         0, True     , on   , gcc     , O3 , x86-64, openssl-1.0.1f     , version_same
MM   , pcre2        , 10.39  , jit              ,           59,  168536, 0.01,        18, False    , off  , clang   , O2 , arm   , pcre2-10.40        , version_diff
MM   , pcre2        , 10.39  , jit              ,             ,       0, 0.0 ,         0, True     , off  , clang   , O2 , arm   , pcre2-10.39        , version_same
MM   , pcre2        , 10.39  , jit              ,           82,  402359, 0.02,        27, False    , off  , clang   , O2 , x86-64, pcre2-10.40        , version_diff
MM   , pcre2        , 10.39  , jit              ,             ,       0, 0.0 ,         0, True     , off  , clang   , O2 , x86-64, pcre2-10.39        , version_same
MM   , pcre2        , 10.39  , jit              ,           49,  108132, 0.01,        15, False    , off  , clang   , O3 , arm   , pcre2-10.40        , version_diff
MM   , pcre2        , 10.39  , jit              ,             ,       0, 0.0 ,         0, True     , off  , clang   , O3 , arm   , pcre2-10.39        , version_same
MM   , pcre2        , 10.39  , jit              ,           23,   51462, 0.01,        11, False    , off  , clang   , O3 , x86-64, pcre2-10.40        , version_diff
MM   , pcre2        , 10.39  , jit              ,             ,       0, 0.0 ,         0, True     , off  , clang   , O3 , x86-64, pcre2-10.39        , version_same
MM   , pcre2        , 10.39  , jit              ,           44,  237845, 0.02,        21, False    , off  , gcc     , O2 , arm   , pcre2-10.40        , version_diff
MM   , pcre2        , 10.39  , jit              ,             ,       0, 0.0 ,         0, True     , off  , gcc     , O2 , arm   , pcre2-10.39        , version_same
MM   , pcre2        , 10.39  , jit              ,           65,  319915, 0.02,        25, False    , off  , gcc     , O2 , x86-64, pcre2-10.40        , version_diff
MM   , pcre2        , 10.39  , jit              ,             ,       0, 0.0 ,         0, True     , off  , gcc     , O2 , x86-64, pcre2-10.39        , version_same
MM   , pcre2        , 10.39  , jit              ,           66,  154289, 0.02,        18, False    , off  , gcc     , O3 , arm   , pcre2-10.40        , version_diff
MM   , pcre2        , 10.39  , jit              ,             ,       0, 0.0 ,         0, True     , off  , gcc     , O3 , arm   , pcre2-10.39        , version_same
MM   , pcre2        , 10.39  , jit              ,           38,   93891, 0.01,        14, False    , off  , gcc     , O3 , x86-64, pcre2-10.40        , version_diff
MM   , pcre2        , 10.39  , jit              ,             ,       0, 0.0 ,         0, True     , off  , gcc     , O3 , x86-64, pcre2-10.39        , version_same
MM   , pcre2        , 10.39  , jit              ,           37,  178159, 0.02,        19, False    , on   , clang   , O2 , arm   , pcre2-10.40        , version_diff
MM   , pcre2        , 10.39  , jit              ,             ,       0, 0.0 ,         0, True     , on   , clang   , O2 , arm   , pcre2-10.39        , version_same
MM   , pcre2        , 10.39  , jit              ,           59,  370088, 0.03,        26, False    , on   , clang   , O2 , x86-64, pcre2-10.40        , version_diff
MM   , pcre2        , 10.39  , jit              ,             ,       0, 0.0 ,         0, True     , on   , clang   , O2 , x86-64, pcre2-10.39        , version_same
MM   , pcre2        , 10.39  , jit              ,           37,  149119, 0.01,        17, False    , on   , clang   , O3 , arm   , pcre2-10.40        , version_diff
MM   , pcre2        , 10.39  , jit              ,             ,       0, 0.0 ,         0, True     , on   , clang   , O3 , arm   , pcre2-10.39        , version_same
MM   , pcre2        , 10.39  , jit              ,           55,  146656, 0.01,        17, False    , on   , clang   , O3 , x86-64, pcre2-10.40        , version_diff
MM   , pcre2        , 10.39  , jit              ,             ,       0, 0.0 ,         0, True     , on   , clang   , O3 , x86-64, pcre2-10.39        , version_same
MM   , pcre2        , 10.39  , jit              ,           59,   96609, 0.01,        14, False    , on   , gcc     , O2 , arm   , pcre2-10.40        , version_diff
MM   , pcre2        , 10.39  , jit              ,             ,       0, 0.0 ,         0, True     , on   , gcc     , O2 , arm   , pcre2-10.39        , version_same
MM   , pcre2        , 10.39  , jit              ,           36,   73305, 0.01,        12, False    , on   , gcc     , O2 , x86-64, pcre2-10.40        , version_diff
MM   , pcre2        , 10.39  , jit              ,             ,       0, 0.0 ,         0, True     , on   , gcc     , O2 , x86-64, pcre2-10.39        , version_same
MM   , pcre2        , 10.39  , jit              ,          122,  104708, 0.04,        14, False    , on   , gcc     , O3 , arm   , pcre2-10.40        , version_diff
MM   , pcre2        , 10.39  , jit              ,             ,       0, 0.0 ,         0, True     , on   , gcc     , O3 , arm   , pcre2-10.39        , version_same
MM   , pcre2        , 10.39  , jit              ,          105,  258993, 0.02,        21, False    , on   , gcc     , O3 , x86-64, pcre2-10.40        , version_diff
MM   , pcre2        , 10.39  , jit              ,             ,       0, 0.0 ,         0, True     , on   , gcc     , O3 , x86-64, pcre2-10.39        , version_same
MM   , pcre2        , 10.39  , unicode          ,          264, 1813124, 0.05,        59, False    , off  , clang   , O2 , arm   , pcre2-10.40        , version_diff
MM   , pcre2        , 10.39  , unicode          ,             ,       0, 0.0 ,         0, True     , off  , clang   , O2 , arm   , pcre2-10.39        , version_same
MM   , pcre2        , 10.39  , unicode          ,           81,  400109, 0.02,        27, False    , off  , clang   , O2 , x86-64, pcre2-10.40        , version_diff
MM   , pcre2        , 10.39  , unicode          ,             ,       0, 0.0 ,         0, True     , off  , clang   , O2 , x86-64, pcre2-10.39        , version_same
MM   , pcre2        , 10.39  , unicode          ,          221,  765722, 0.03,        38, False    , off  , clang   , O3 , arm   , pcre2-10.40        , version_diff
MM   , pcre2        , 10.39  , unicode          ,             ,       0, 0.0 ,         0, True     , off  , clang   , O3 , arm   , pcre2-10.39        , version_same
MM   , pcre2        , 10.39  , unicode          ,          132, 1093004, 0.06,        47, False    , off  , clang   , O3 , x86-64, pcre2-10.40        , version_diff
MM   , pcre2        , 10.39  , unicode          ,             ,       0, 0.0 ,         0, True     , off  , clang   , O3 , x86-64, pcre2-10.39        , version_same
MM   , pcre2        , 10.39  , unicode          ,          135,  406488, 0.02,        27, False    , off  , gcc     , O2 , arm   , pcre2-10.40        , version_diff
MM   , pcre2        , 10.39  , unicode          ,             ,       0, 0.0 ,         0, True     , off  , gcc     , O2 , arm   , pcre2-10.39        , version_same
MM   , pcre2        , 10.39  , unicode          ,          260, 1259271, 0.04,        48, False    , off  , gcc     , O2 , x86-64, pcre2-10.40        , version_diff
MM   , pcre2        , 10.39  , unicode          ,             ,       0, 0.0 ,         0, True     , off  , gcc     , O2 , x86-64, pcre2-10.39        , version_same
MM   , pcre2        , 10.39  , unicode          ,          251, 1472278, 0.05,        51, False    , off  , gcc     , O3 , arm   , pcre2-10.40        , version_diff
MM   , pcre2        , 10.39  , unicode          ,             ,       0, 0.0 ,         0, True     , off  , gcc     , O3 , arm   , pcre2-10.39        , version_same
MM   , pcre2        , 10.39  , unicode          ,           70,  298201, 0.03,        23, False    , off  , gcc     , O3 , x86-64, pcre2-10.40        , version_diff
MM   , pcre2        , 10.39  , unicode          ,             ,       0, 0.0 ,         0, True     , off  , gcc     , O3 , x86-64, pcre2-10.39        , version_same
MM   , pcre2        , 10.39  , unicode          ,          161,  497074, 0.03,        30, False    , on   , clang   , O2 , arm   , pcre2-10.40        , version_diff
MM   , pcre2        , 10.39  , unicode          ,             ,       0, 0.0 ,         0, True     , on   , clang   , O2 , arm   , pcre2-10.39        , version_same
MM   , pcre2        , 10.39  , unicode          ,           75,  265952, 0.02,        22, False    , on   , clang   , O2 , x86-64, pcre2-10.40        , version_diff
MM   , pcre2        , 10.39  , unicode          ,             ,       0, 0.0 ,         0, True     , on   , clang   , O2 , x86-64, pcre2-10.39        , version_same
MM   , pcre2        , 10.39  , unicode          ,           67,  248630, 0.02,        21, False    , on   , clang   , O3 , arm   , pcre2-10.40        , version_diff
MM   , pcre2        , 10.39  , unicode          ,             ,       0, 0.0 ,         0, True     , on   , clang   , O3 , arm   , pcre2-10.39        , version_same
MM   , pcre2        , 10.39  , unicode          ,           80,  233855, 0.03,        20, False    , on   , clang   , O3 , x86-64, pcre2-10.40        , version_diff
MM   , pcre2        , 10.39  , unicode          ,             ,       0, 0.0 ,         0, True     , on   , clang   , O3 , x86-64, pcre2-10.39        , version_same
MM   , pcre2        , 10.39  , unicode          ,          140, 1532182, 0.09,        54, False    , on   , gcc     , O2 , arm   , pcre2-10.40        , version_diff
MM   , pcre2        , 10.39  , unicode          ,             ,       0, 0.0 ,         0, True     , on   , gcc     , O2 , arm   , pcre2-10.39        , version_same
MM   , pcre2        , 10.39  , unicode          ,           54,  357466, 0.02,        25, False    , on   , gcc     , O2 , x86-64, pcre2-10.40        , version_diff
MM   , pcre2        , 10.39  , unicode          ,             ,       0, 0.0 ,         0, True     , on   , gcc     , O2 , x86-64, pcre2-10.39        , version_same
MM   , pcre2        , 10.39  , unicode          ,          145,  475463, 0.03,        29, False    , on   , gcc     , O3 , arm   , pcre2-10.40        , version_diff
MM   , pcre2        , 10.39  , unicode          ,             ,       0, 0.0 ,         0, True     , on   , gcc     , O3 , arm   , pcre2-10.39        , version_same
MM   , pcre2        , 10.39  , unicode          ,           51,  203975, 0.02,        19, False    , on   , gcc     , O3 , x86-64, pcre2-10.40        , version_diff
MM   , pcre2        , 10.39  , unicode          ,             ,       0, 0.0 ,         0, True     , on   , gcc     , O3 , x86-64, pcre2-10.39        , version_same
MM   , uclibc-ng    , 1.0.40 , HAS_IPV6         ,           24,   66667, 0.01,        12, False    , off  , clang   , O2 , arm   , uclibc-ng-1.0.41   , version_diff
MM   , uclibc-ng    , 1.0.40 , HAS_IPV6         ,             ,       0, 0.0 ,         0, True     , off  , clang   , O2 , arm   , uclibc-ng-1.0.40   , version_same
MM   , uclibc-ng    , 1.0.40 , HAS_IPV6         ,           43,   95073, 0.02,        14, False    , off  , clang   , O2 , x86-64, uclibc-ng-1.0.41   , version_diff
MM   , uclibc-ng    , 1.0.40 , HAS_IPV6         ,             ,       0, 0.0 ,         0, True     , off  , clang   , O2 , x86-64, uclibc-ng-1.0.40   , version_same
MM   , uclibc-ng    , 1.0.40 , HAS_IPV6         ,           39,   92624, 0.01,        14, False    , off  , clang   , O3 , arm   , uclibc-ng-1.0.41   , version_diff
MM   , uclibc-ng    , 1.0.40 , HAS_IPV6         ,             ,       0, 0.0 ,         0, True     , off  , clang   , O3 , arm   , uclibc-ng-1.0.40   , version_same
MM   , uclibc-ng    , 1.0.40 , HAS_IPV6         ,           76,  115951, 0.01,        15, False    , off  , clang   , O3 , x86-64, uclibc-ng-1.0.41   , version_diff
MM   , uclibc-ng    , 1.0.40 , HAS_IPV6         ,             ,       0, 0.0 ,         0, True     , off  , clang   , O3 , x86-64, uclibc-ng-1.0.40   , version_same
MM   , uclibc-ng    , 1.0.40 , HAS_IPV6         ,          117,  145091, 0.02,        17, False    , off  , gcc     , O2 , arm   , uclibc-ng-1.0.41   , version_diff
MM   , uclibc-ng    , 1.0.40 , HAS_IPV6         ,             ,       0, 0.0 ,         0, True     , off  , gcc     , O2 , arm   , uclibc-ng-1.0.40   , version_same
MM   , uclibc-ng    , 1.0.40 , HAS_IPV6         ,           45,  111331, 0.01,        15, False    , off  , gcc     , O2 , x86-64, uclibc-ng-1.0.41   , version_diff
MM   , uclibc-ng    , 1.0.40 , HAS_IPV6         ,             ,       0, 0.0 ,         0, True     , off  , gcc     , O2 , x86-64, uclibc-ng-1.0.40   , version_same
MM   , uclibc-ng    , 1.0.40 , HAS_IPV6         ,           39,  128650, 0.01,        16, False    , off  , gcc     , O3 , arm   , uclibc-ng-1.0.41   , version_diff
MM   , uclibc-ng    , 1.0.40 , HAS_IPV6         ,             ,       0, 0.0 ,         0, True     , off  , gcc     , O3 , arm   , uclibc-ng-1.0.40   , version_same
MM   , uclibc-ng    , 1.0.40 , HAS_IPV6         ,           54,  111271, 0.01,        15, False    , off  , gcc     , O3 , x86-64, uclibc-ng-1.0.41   , version_diff
MM   , uclibc-ng    , 1.0.40 , HAS_IPV6         ,             ,       0, 0.0 ,         0, True     , off  , gcc     , O3 , x86-64, uclibc-ng-1.0.40   , version_same
MM   , uclibc-ng    , 1.0.40 , HAS_IPV6         ,           55,  173634, 0.01,        19, False    , on   , clang   , O2 , arm   , uclibc-ng-1.0.41   , version_diff
MM   , uclibc-ng    , 1.0.40 , HAS_IPV6         ,             ,       0, 0.0 ,         0, True     , on   , clang   , O2 , arm   , uclibc-ng-1.0.40   , version_same
MM   , uclibc-ng    , 1.0.40 , HAS_IPV6         ,           54,  165091, 0.01,        18, False    , on   , clang   , O2 , x86-64, uclibc-ng-1.0.41   , version_diff
MM   , uclibc-ng    , 1.0.40 , HAS_IPV6         ,             ,       0, 0.0 ,         0, True     , on   , clang   , O2 , x86-64, uclibc-ng-1.0.40   , version_same
MM   , uclibc-ng    , 1.0.40 , HAS_IPV6         ,           55,  175789, 0.01,        19, False    , on   , clang   , O3 , arm   , uclibc-ng-1.0.41   , version_diff
MM   , uclibc-ng    , 1.0.40 , HAS_IPV6         ,             ,       0, 0.0 ,         0, True     , on   , clang   , O3 , arm   , uclibc-ng-1.0.40   , version_same
MM   , uclibc-ng    , 1.0.40 , HAS_IPV6         ,           34,   79851, 0.01,        12, False    , on   , clang   , O3 , x86-64, uclibc-ng-1.0.41   , version_diff
MM   , uclibc-ng    , 1.0.40 , HAS_IPV6         ,             ,       0, 0.0 ,         0, True     , on   , clang   , O3 , x86-64, uclibc-ng-1.0.40   , version_same
MM   , uclibc-ng    , 1.0.40 , HAS_IPV6         ,           12,   27310, 0.01,         7, False    , on   , gcc     , O2 , arm   , uclibc-ng-1.0.41   , version_diff
MM   , uclibc-ng    , 1.0.40 , HAS_IPV6         ,             ,       0, 0.0 ,         0, True     , on   , gcc     , O2 , arm   , uclibc-ng-1.0.40   , version_same
MM   , uclibc-ng    , 1.0.40 , HAS_IPV6         ,           47,  136262, 0.02,        16, False    , on   , gcc     , O2 , x86-64, uclibc-ng-1.0.41   , version_diff
MM   , uclibc-ng    , 1.0.40 , HAS_IPV6         ,             ,       0, 0.0 ,         0, True     , on   , gcc     , O2 , x86-64, uclibc-ng-1.0.40   , version_same
MM   , uclibc-ng    , 1.0.40 , HAS_IPV6         ,           46,  128585, 0.02,        16, False    , on   , gcc     , O3 , arm   , uclibc-ng-1.0.41   , version_diff
MM   , uclibc-ng    , 1.0.40 , HAS_IPV6         ,             ,       0, 0.0 ,         0, True     , on   , gcc     , O3 , arm   , uclibc-ng-1.0.40   , version_same
MM   , uclibc-ng    , 1.0.40 , HAS_IPV6         ,           87,  141436, 0.02,        16, False    , on   , gcc     , O3 , x86-64, uclibc-ng-1.0.41   , version_diff
MM   , uclibc-ng    , 1.0.40 , HAS_IPV6         ,             ,       0, 0.0 ,         0, True     , on   , gcc     , O3 , x86-64, uclibc-ng-1.0.40   , version_same
MM   , uclibc-ng    , 1.0.40 , HAS_REGEX        ,           31,   58128, 0.01,        12, False    , off  , clang   , O2 , arm   , uclibc-ng-1.0.41   , version_diff
MM   , uclibc-ng    , 1.0.40 , HAS_REGEX        ,             ,       0, 0.0 ,         0, True     , off  , clang   , O2 , arm   , uclibc-ng-1.0.40   , version_same
MM   , uclibc-ng    , 1.0.40 , HAS_REGEX        ,           36,   67300, 0.01,        13, False    , off  , clang   , O2 , x86-64, uclibc-ng-1.0.41   , version_diff
MM   , uclibc-ng    , 1.0.40 , HAS_REGEX        ,             ,       0, 0.0 ,         0, True     , off  , clang   , O2 , x86-64, uclibc-ng-1.0.40   , version_same
MM   , uclibc-ng    , 1.0.40 , HAS_REGEX        ,           34,   58281, 0.01,        12, False    , off  , clang   , O3 , arm   , uclibc-ng-1.0.41   , version_diff
MM   , uclibc-ng    , 1.0.40 , HAS_REGEX        ,             ,       0, 0.0 ,         0, True     , off  , clang   , O3 , arm   , uclibc-ng-1.0.40   , version_same
MM   , uclibc-ng    , 1.0.40 , HAS_REGEX        ,           58,   59485, 0.01,        12, False    , off  , clang   , O3 , x86-64, uclibc-ng-1.0.41   , version_diff
MM   , uclibc-ng    , 1.0.40 , HAS_REGEX        ,             ,       0, 0.0 ,         0, True     , off  , clang   , O3 , x86-64, uclibc-ng-1.0.40   , version_same
MM   , uclibc-ng    , 1.0.40 , HAS_REGEX        ,           23,   51260, 0.01,        11, False    , off  , gcc     , O2 , arm   , uclibc-ng-1.0.41   , version_diff
MM   , uclibc-ng    , 1.0.40 , HAS_REGEX        ,             ,       0, 0.0 ,         0, True     , off  , gcc     , O2 , arm   , uclibc-ng-1.0.40   , version_same
MM   , uclibc-ng    , 1.0.40 , HAS_REGEX        ,           59,   58870, 0.02,        12, False    , off  , gcc     , O2 , x86-64, uclibc-ng-1.0.41   , version_diff
MM   , uclibc-ng    , 1.0.40 , HAS_REGEX        ,             ,       0, 0.0 ,         0, True     , off  , gcc     , O2 , x86-64, uclibc-ng-1.0.40   , version_same
MM   , uclibc-ng    , 1.0.40 , HAS_REGEX        ,           52,   51305, 0.01,        11, False    , off  , gcc     , O3 , arm   , uclibc-ng-1.0.41   , version_diff
MM   , uclibc-ng    , 1.0.40 , HAS_REGEX        ,             ,       0, 0.0 ,         0, True     , off  , gcc     , O3 , arm   , uclibc-ng-1.0.40   , version_same
MM   , uclibc-ng    , 1.0.40 , HAS_REGEX        ,           44,   56292, 0.01,        12, False    , off  , gcc     , O3 , x86-64, uclibc-ng-1.0.41   , version_diff
MM   , uclibc-ng    , 1.0.40 , HAS_REGEX        ,             ,       0, 0.0 ,         0, True     , off  , gcc     , O3 , x86-64, uclibc-ng-1.0.40   , version_same
MM   , uclibc-ng    , 1.0.40 , HAS_REGEX        ,           41,   58386, 0.01,        12, False    , on   , clang   , O2 , arm   , uclibc-ng-1.0.41   , version_diff
MM   , uclibc-ng    , 1.0.40 , HAS_REGEX        ,             ,       0, 0.0 ,         0, True     , on   , clang   , O2 , arm   , uclibc-ng-1.0.40   , version_same
MM   , uclibc-ng    , 1.0.40 , HAS_REGEX        ,           69,   59006, 0.01,        12, False    , on   , clang   , O2 , x86-64, uclibc-ng-1.0.41   , version_diff
MM   , uclibc-ng    , 1.0.40 , HAS_REGEX        ,             ,       0, 0.0 ,         0, True     , on   , clang   , O2 , x86-64, uclibc-ng-1.0.40   , version_same
MM   , uclibc-ng    , 1.0.40 , HAS_REGEX        ,           30,   59338, 0.01,        12, False    , on   , clang   , O3 , arm   , uclibc-ng-1.0.41   , version_diff
MM   , uclibc-ng    , 1.0.40 , HAS_REGEX        ,             ,       0, 0.0 ,         0, True     , on   , clang   , O3 , arm   , uclibc-ng-1.0.40   , version_same
MM   , uclibc-ng    , 1.0.40 , HAS_REGEX        ,           31,   62712, 0.01,        13, False    , on   , clang   , O3 , x86-64, uclibc-ng-1.0.41   , version_diff
MM   , uclibc-ng    , 1.0.40 , HAS_REGEX        ,             ,       0, 0.0 ,         0, True     , on   , clang   , O3 , x86-64, uclibc-ng-1.0.40   , version_same
MM   , uclibc-ng    , 1.0.40 , HAS_REGEX        ,           67,   59408, 0.01,        12, False    , on   , gcc     , O2 , arm   , uclibc-ng-1.0.41   , version_diff
MM   , uclibc-ng    , 1.0.40 , HAS_REGEX        ,             ,       0, 0.0 ,         0, True     , on   , gcc     , O2 , arm   , uclibc-ng-1.0.40   , version_same
MM   , uclibc-ng    , 1.0.40 , HAS_REGEX        ,           29,   58578, 0.01,        12, False    , on   , gcc     , O2 , x86-64, uclibc-ng-1.0.41   , version_diff
MM   , uclibc-ng    , 1.0.40 , HAS_REGEX        ,             ,       0, 0.0 ,         0, True     , on   , gcc     , O2 , x86-64, uclibc-ng-1.0.40   , version_same
MM   , uclibc-ng    , 1.0.40 , HAS_REGEX        ,           27,   60433, 0.01,        12, False    , on   , gcc     , O3 , arm   , uclibc-ng-1.0.41   , version_diff
MM   , uclibc-ng    , 1.0.40 , HAS_REGEX        ,             ,       0, 0.0 ,         0, True     , on   , gcc     , O3 , arm   , uclibc-ng-1.0.40   , version_same
MM   , uclibc-ng    , 1.0.40 , HAS_REGEX        ,          125,  110089, 0.03,        17, False    , on   , gcc     , O3 , x86-64, uclibc-ng-1.0.41   , version_diff
MM   , uclibc-ng    , 1.0.40 , HAS_REGEX        ,             ,       0, 0.0 ,         0, True     , on   , gcc     , O3 , x86-64, uclibc-ng-1.0.40   , version_same
MM   , wget         , 1.20.3 , digest           ,           18,   37232, 0.0 ,        10, False    , off  , clang   , O2 , arm   , wget-1.21.4        , version_diff
MM   , wget         , 1.20.3 , digest           ,             ,       0, 0.0 ,         0, True     , off  , clang   , O2 , arm   , wget-1.20.3        , version_same
MM   , wget         , 1.20.3 , digest           ,           40,   96208, 0.01,        14, False    , off  , clang   , O2 , x86-64, wget-1.21.4        , version_diff
MM   , wget         , 1.20.3 , digest           ,             ,       0, 0.0 ,         0, True     , off  , clang   , O2 , x86-64, wget-1.20.3        , version_same
MM   , wget         , 1.20.3 , digest           ,          120,  128211, 0.02,        17, False    , off  , clang   , O3 , arm   , wget-1.21.4        , version_diff
MM   , wget         , 1.20.3 , digest           ,             ,       0, 0.0 ,         0, True     , off  , clang   , O3 , arm   , wget-1.20.3        , version_same
MM   , wget         , 1.20.3 , digest           ,           20,   44042, 0.01,        10, False    , off  , clang   , O3 , x86-64, wget-1.21.4        , version_diff
MM   , wget         , 1.20.3 , digest           ,             ,       0, 0.0 ,         0, True     , off  , clang   , O3 , x86-64, wget-1.20.3        , version_same
MM   , wget         , 1.20.3 , digest           ,           30,   80843, 0.01,        13, False    , off  , gcc     , O2 , arm   , wget-1.21.4        , version_diff
MM   , wget         , 1.20.3 , digest           ,             ,       0, 0.0 ,         0, True     , off  , gcc     , O2 , arm   , wget-1.20.3        , version_same
MM   , wget         , 1.20.3 , digest           ,           31,  120589, 0.01,        16, False    , off  , gcc     , O2 , x86-64, wget-1.21.4        , version_diff
MM   , wget         , 1.20.3 , digest           ,             ,       0, 0.0 ,         0, True     , off  , gcc     , O2 , x86-64, wget-1.20.3        , version_same
MM   , wget         , 1.20.3 , digest           ,           44,  108229, 0.02,        15, False    , off  , gcc     , O3 , arm   , wget-1.21.4        , version_diff
MM   , wget         , 1.20.3 , digest           ,             ,       0, 0.0 ,         0, True     , off  , gcc     , O3 , arm   , wget-1.20.3        , version_same
MM   , wget         , 1.20.3 , digest           ,           39,  134497, 0.01,        17, False    , off  , gcc     , O3 , x86-64, wget-1.21.4        , version_diff
MM   , wget         , 1.20.3 , digest           ,             ,       0, 0.0 ,         0, True     , off  , gcc     , O3 , x86-64, wget-1.20.3        , version_same
MM   , wget         , 1.20.3 , ipv6             ,           93,  655294, 0.04,        35, False    , off  , clang   , O2 , arm   , wget-1.21.4        , version_diff
MM   , wget         , 1.20.3 , ipv6             ,             ,       0, 0.0 ,         0, True     , off  , clang   , O2 , arm   , wget-1.20.3        , version_same
MM   , wget         , 1.20.3 , ipv6             ,           89,  468328, 0.02,        31, False    , off  , clang   , O2 , x86-64, wget-1.21.4        , version_diff
MM   , wget         , 1.20.3 , ipv6             ,             ,       0, 0.0 ,         0, True     , off  , clang   , O2 , x86-64, wget-1.20.3        , version_same
MM   , wget         , 1.20.3 , ipv6             ,          259,  756831, 0.03,        38, False    , off  , clang   , O3 , arm   , wget-1.21.4        , version_diff
MM   , wget         , 1.20.3 , ipv6             ,             ,       0, 0.0 ,         0, True     , off  , clang   , O3 , arm   , wget-1.20.3        , version_same
MM   , wget         , 1.20.3 , ipv6             ,          129,  983515, 0.05,        43, False    , off  , clang   , O3 , x86-64, wget-1.21.4        , version_diff
MM   , wget         , 1.20.3 , ipv6             ,             ,       0, 0.0 ,         0, True     , off  , clang   , O3 , x86-64, wget-1.20.3        , version_same
MM   , wget         , 1.20.3 , ipv6             ,           83,  295250, 0.02,        24, False    , off  , gcc     , O2 , arm   , wget-1.21.4        , version_diff
MM   , wget         , 1.20.3 , ipv6             ,             ,       0, 0.0 ,         0, True     , off  , gcc     , O2 , arm   , wget-1.20.3        , version_same
MM   , wget         , 1.20.3 , ipv6             ,           74,  272240, 0.02,        23, False    , off  , gcc     , O2 , x86-64, wget-1.21.4        , version_diff
MM   , wget         , 1.20.3 , ipv6             ,             ,       0, 0.0 ,         0, True     , off  , gcc     , O2 , x86-64, wget-1.20.3        , version_same
MM   , wget         , 1.20.3 , ipv6             ,          110,  403199, 0.03,        28, False    , off  , gcc     , O3 , arm   , wget-1.21.4        , version_diff
MM   , wget         , 1.20.3 , ipv6             ,             ,       0, 0.0 ,         0, True     , off  , gcc     , O3 , arm   , wget-1.20.3        , version_same
MM   , wget         , 1.20.3 , ipv6             ,          191,  736644, 0.03,        37, False    , off  , gcc     , O3 , x86-64, wget-1.21.4        , version_diff
MM   , wget         , 1.20.3 , ipv6             ,             ,       0, 0.0 ,         0, True     , off  , gcc     , O3 , x86-64, wget-1.20.3        , version_same
MM   , wget         , 1.20.3 , ipv6             ,           97,  405850, 0.02,        28, False    , on   , clang   , O2 , arm   , wget-1.21.4        , version_diff
MM   , wget         , 1.20.3 , ipv6             ,             ,       0, 0.0 ,         0, True     , on   , clang   , O2 , arm   , wget-1.20.3        , version_same
MM   , wget         , 1.20.3 , ipv6             ,          147,  509393, 0.03,        31, False    , on   , clang   , O2 , x86-64, wget-1.21.4        , version_diff
MM   , wget         , 1.20.3 , ipv6             ,          100,  445221, 0.02,        29, False    , on   , clang   , O2 , x86-64, wget-1.20.3        , version_same
MM   , wget         , 1.20.3 , ipv6             ,          115,  435543, 0.02,        29, False    , on   , clang   , O3 , arm   , wget-1.21.4        , version_diff
MM   , wget         , 1.20.3 , ipv6             ,           42,  154488, 0.01,        17, False    , on   , clang   , O3 , arm   , wget-1.20.3        , version_same
MM   , wget         , 1.20.3 , ipv6             ,          189,  784030, 0.03,        38, False    , on   , clang   , O3 , x86-64, wget-1.21.4        , version_diff
MM   , wget         , 1.20.3 , ipv6             ,           76,  360187, 0.02,        26, False    , on   , clang   , O3 , x86-64, wget-1.20.3        , version_same
MM   , wget         , 1.20.3 , ipv6             ,          139,  470427, 0.02,        30, False    , on   , gcc     , O2 , arm   , wget-1.21.4        , version_diff
MM   , wget         , 1.20.3 , ipv6             ,          114,  442286, 0.02,        29, False    , on   , gcc     , O2 , arm   , wget-1.20.3        , version_same
MM   , wget         , 1.20.3 , ipv6             ,          143,  924164, 0.04,        41, False    , on   , gcc     , O2 , x86-64, wget-1.21.4        , version_diff
MM   , wget         , 1.20.3 , ipv6             ,           54,  333700, 0.03,        25, False    , on   , gcc     , O2 , x86-64, wget-1.20.3        , version_same
MM   , wget         , 1.20.3 , ipv6             ,           95,  429498, 0.02,        28, False    , on   , gcc     , O3 , arm   , wget-1.21.4        , version_diff
MM   , wget         , 1.20.3 , ipv6             ,           64,  473820, 0.03,        30, False    , on   , gcc     , O3 , arm   , wget-1.20.3        , version_same
MM   , wget         , 1.20.3 , ipv6             ,          230, 1509754, 0.04,        53, False    , on   , gcc     , O3 , x86-64, wget-1.21.4        , version_diff
MM   , wget         , 1.20.3 , ipv6             ,            6,   10444, 0.0 ,         4, False    , on   , gcc     , O3 , x86-64, wget-1.20.3        , version_same
